时间,力值 1#,力值 2#,力值 3#,合力
'2025-08-11 20:10:25.842,0.01,-0.01,-0.01,0.017320508
'2025-08-11 20:10:25.849,0.01,0,0,0.01
'2025-08-11 20:10:25.855,0.01,0,0,0.01
'2025-08-11 20:10:25.861,0.01,0,0,0.01
'2025-08-11 20:10:25.868,0.01,0,0,0.01
'2025-08-11 20:10:25.874,0.01,0,0,0.01
'2025-08-11 20:10:25.881,0.01,0,0,0.01
'2025-08-11 20:10:25.888,0.01,0,0,0.01
'2025-08-11 20:10:25.895,0.01,0,0,0.01
'2025-08-11 20:10:25.901,0.01,0,0,0.01
'2025-08-11 20:10:25.908,0.01,0,0,0.01
'2025-08-11 20:10:25.914,0.01,0,0,0.01
'2025-08-11 20:10:25.920,0.01,0,0,0.01
'2025-08-11 20:10:25.927,0.01,0,0,0.01
'2025-08-11 20:10:25.934,0.01,0,0,0.01
'2025-08-11 20:10:25.940,0.01,0,0,0.01
'2025-08-11 20:10:25.947,0.01,0,0,0.01
'2025-08-11 20:10:25.954,0.01,0,0,0.01
'2025-08-11 20:10:25.959,0.01,0,0,0.01
'2025-08-11 20:10:25.966,0.01,0,0,0.01
'2025-08-11 20:10:25.973,0.01,0,0,0.01
'2025-08-11 20:10:25.979,0.01,0,0,0.01
'2025-08-11 20:10:25.986,0.01,0,0,0.01
'2025-08-11 20:10:25.991,0.01,0,0,0.01
'2025-08-11 20:10:25.998,0,0,0,0
'2025-08-11 20:10:26.004,0,0,0,0
'2025-08-11 20:10:26.011,0,0,0,0
'2025-08-11 20:10:26.017,0,0,0,0
'2025-08-11 20:10:26.024,0,0,0,0
'2025-08-11 20:10:26.031,0,0,0,0
'2025-08-11 20:10:26.037,0,0,0,0
'2025-08-11 20:10:26.043,0,0,0,0
'2025-08-11 20:10:26.049,0,0,0,0
'2025-08-11 20:10:26.056,0,0,0,0
'2025-08-11 20:10:26.061,0,0,0,0
'2025-08-11 20:10:26.068,0,0,0,0
'2025-08-11 20:10:26.075,0,0,0,0
'2025-08-11 20:10:26.081,0,0,0,0
'2025-08-11 20:10:26.087,0,0,0,0
'2025-08-11 20:10:26.093,0,0,0,0
'2025-08-11 20:10:26.100,0,0,0,0
'2025-08-11 20:10:26.106,0,0,0,0
'2025-08-11 20:10:26.113,0,0,0,0
'2025-08-11 20:10:26.119,0,0,0,0
'2025-08-11 20:10:26.125,0,0,0,0
'2025-08-11 20:10:26.136,0,0,0,0
'2025-08-11 20:10:26.143,0,0,0,0
'2025-08-11 20:10:26.151,0,0,0,0
'2025-08-11 20:10:26.158,0,0,0,0
'2025-08-11 20:10:26.166,0,0,0,0
'2025-08-11 20:10:26.173,0,0,0,0
'2025-08-11 20:10:26.182,0,0,0,0
'2025-08-11 20:10:26.190,0,0,0,0
'2025-08-11 20:10:26.198,0,0,0,0
'2025-08-11 20:10:26.207,0,0,0,0
'2025-08-11 20:10:26.220,0,0,0,0
'2025-08-11 20:10:26.227,0,0,0,0
'2025-08-11 20:10:26.234,0,0,0,0
'2025-08-11 20:10:26.241,0,0,0,0
'2025-08-11 20:10:26.248,0,0,0,0
'2025-08-11 20:10:26.254,0,0,0,0
'2025-08-11 20:10:26.260,0,0,0,0
'2025-08-11 20:10:26.266,0,0,0,0
'2025-08-11 20:10:26.273,0,0,0,0
'2025-08-11 20:10:26.279,0,0,0,0
'2025-08-11 20:10:26.290,0,0,0,0
'2025-08-11 20:10:26.296,0,0,0,0
'2025-08-11 20:10:26.302,0,0,0,0
'2025-08-11 20:10:26.308,0,0,0,0
'2025-08-11 20:10:26.316,0,0,0,0
'2025-08-11 20:10:26.322,0,0,0,0
'2025-08-11 20:10:26.328,0,0,0,0
'2025-08-11 20:10:26.335,0,0,0,0
'2025-08-11 20:10:26.341,0,0,0,0
'2025-08-11 20:10:26.348,0,0,0,0
'2025-08-11 20:10:26.355,0,0,0,0
'2025-08-11 20:10:26.361,0,0,0,0
'2025-08-11 20:10:26.367,0,0,0,0
'2025-08-11 20:10:26.373,0,0,0,0
'2025-08-11 20:10:26.379,0,0,0,0
'2025-08-11 20:10:26.386,0,0,0,0
'2025-08-11 20:10:26.392,0,0,0,0
'2025-08-11 20:10:26.399,0,0,0,0
'2025-08-11 20:10:26.406,0,0,0,0
'2025-08-11 20:10:26.412,0,0,0,0
'2025-08-11 20:10:26.418,0,0,0,0
'2025-08-11 20:10:26.425,0,0,0,0
'2025-08-11 20:10:26.431,0,0,0,0
'2025-08-11 20:10:26.437,0,0,0,0
'2025-08-11 20:10:26.443,0,0,0,0
'2025-08-11 20:10:26.450,0,0,0,0
'2025-08-11 20:10:26.457,0,0,0,0
'2025-08-11 20:10:26.463,0,0,0,0
'2025-08-11 20:10:26.470,0,0,0,0
'2025-08-11 20:10:26.477,0,0,0,0
'2025-08-11 20:10:26.484,0,0,0,0
'2025-08-11 20:10:26.495,0,0,0,0
'2025-08-11 20:10:26.502,0,0,0,0
'2025-08-11 20:10:26.509,0,0,0,0
'2025-08-11 20:10:26.516,0,0,0,0
'2025-08-11 20:10:26.523,0,0,0,0
'2025-08-11 20:10:26.529,0,0,0,0
'2025-08-11 20:10:26.536,0,0,0,0
'2025-08-11 20:10:26.542,0,0,0,0
'2025-08-11 20:10:26.549,0,0,0,0
'2025-08-11 20:10:26.556,0,0,0,0
'2025-08-11 20:10:26.562,0,0,0,0
'2025-08-11 20:10:26.569,0,0,0,0
'2025-08-11 20:10:26.575,0,0,0,0
'2025-08-11 20:10:26.582,0,0,0,0
'2025-08-11 20:10:26.588,0,0,0,0
'2025-08-11 20:10:26.595,0,0,0,0
'2025-08-11 20:10:26.601,0,0,0,0
'2025-08-11 20:10:26.608,0,0,0,0
'2025-08-11 20:10:26.615,0,0,0,0
'2025-08-11 20:10:26.621,0,0,0,0
'2025-08-11 20:10:26.627,0.01,0,0,0.01
'2025-08-11 20:10:26.634,0.01,0,0,0.01
'2025-08-11 20:10:26.640,0.01,0,0,0.01
'2025-08-11 20:10:26.647,0.01,0,0,0.01
'2025-08-11 20:10:26.653,0.01,0,0,0.01
'2025-08-11 20:10:26.660,0.01,0,0,0.01
'2025-08-11 20:10:26.666,0.01,0,0,0.01
'2025-08-11 20:10:26.673,0.01,0,0,0.01
'2025-08-11 20:10:26.680,0.01,0,0,0.01
'2025-08-11 20:10:26.686,0.01,0,0,0.01
'2025-08-11 20:10:26.693,0.01,0,0,0.01
'2025-08-11 20:10:26.700,0.01,0,0,0.01
'2025-08-11 20:10:26.706,0.01,0,0,0.01
'2025-08-11 20:10:26.713,0.01,0,0,0.01
'2025-08-11 20:10:26.719,0.01,0,0,0.01
'2025-08-11 20:10:26.725,0.01,0,0,0.01
'2025-08-11 20:10:26.732,0.01,0,0,0.01
'2025-08-11 20:10:26.739,0.01,0,0,0.01
'2025-08-11 20:10:26.745,0.01,0,0,0.01
'2025-08-11 20:10:26.752,0.01,0,0,0.01
'2025-08-11 20:10:26.758,0.01,0,0,0.01
'2025-08-11 20:10:26.764,0.01,0,0,0.01
'2025-08-11 20:10:26.771,0.01,0,0,0.01
'2025-08-11 20:10:26.777,0.01,0,0,0.01
'2025-08-11 20:10:26.784,0.01,0,0,0.01
'2025-08-11 20:10:26.790,0.01,0,0,0.01
'2025-08-11 20:10:26.800,0.01,0,0,0.01
'2025-08-11 20:10:26.806,0.01,0,0,0.01
'2025-08-11 20:10:26.812,0.01,0,0,0.01
'2025-08-11 20:10:26.818,0.01,0,0,0.01
'2025-08-11 20:10:26.825,0.01,0,0,0.01
'2025-08-11 20:10:26.832,0.01,0,0,0.01
'2025-08-11 20:10:26.838,0.01,0,0,0.01
'2025-08-11 20:10:26.848,0.01,0,0,0.01
'2025-08-11 20:10:26.854,0.01,0,0,0.01
'2025-08-11 20:10:26.860,0.01,0,0,0.01
'2025-08-11 20:10:26.866,0.01,0,0,0.01
'2025-08-11 20:10:26.872,0.01,0,0,0.01
'2025-08-11 20:10:26.879,0.01,0,0,0.01
'2025-08-11 20:10:26.885,0.01,0,0,0.01
'2025-08-11 20:10:26.891,0.01,0,0,0.01
'2025-08-11 20:10:26.898,0.01,0,0,0.01
'2025-08-11 20:10:26.905,0.01,0,0,0.01
'2025-08-11 20:10:26.911,0.01,0,0,0.01
'2025-08-11 20:10:26.918,0.01,0,0,0.01
'2025-08-11 20:10:26.924,0.01,0,0,0.01
'2025-08-11 20:10:26.930,0.01,0,0,0.01
'2025-08-11 20:10:26.936,0.01,0,0,0.01
'2025-08-11 20:10:26.943,0.01,0,0,0.01
'2025-08-11 20:10:26.949,0.01,0,0,0.01
'2025-08-11 20:10:26.956,0.01,0,0,0.01
'2025-08-11 20:10:26.962,0.01,0,0,0.01
'2025-08-11 20:10:26.969,0.01,0,0,0.01
'2025-08-11 20:10:26.975,0.01,0,0,0.01
'2025-08-11 20:10:26.981,0.01,0,0,0.01
'2025-08-11 20:10:26.988,0.01,0,0,0.01
'2025-08-11 20:10:26.999,0.01,0,0,0.01
'2025-08-11 20:10:27.006,0.01,0,0,0.01
'2025-08-11 20:10:27.011,0.01,0,0,0.01
'2025-08-11 20:10:27.018,0.01,0,0,0.01
'2025-08-11 20:10:27.024,0.01,0,0,0.01
'2025-08-11 20:10:27.031,0.01,0,0,0.01
'2025-08-11 20:10:27.038,0.01,0,0,0.01
'2025-08-11 20:10:27.045,0.01,0,0,0.01
'2025-08-11 20:10:27.051,0.01,0,0,0.01
'2025-08-11 20:10:27.058,0.01,0,0,0.01
'2025-08-11 20:10:27.066,0.01,0,0,0.01
'2025-08-11 20:10:27.072,0.01,0,0,0.01
'2025-08-11 20:10:27.078,0.01,0,0,0.01
'2025-08-11 20:10:27.085,0.01,0,0,0.01
'2025-08-11 20:10:27.091,0.01,0,0,0.01
'2025-08-11 20:10:27.098,0.01,0,0,0.01
'2025-08-11 20:10:27.104,0.01,0,0,0.01
'2025-08-11 20:10:27.111,0.01,0,0,0.01
'2025-08-11 20:10:27.118,0.01,0,0,0.01
'2025-08-11 20:10:27.123,0.01,0,0,0.01
'2025-08-11 20:10:27.130,0.01,0,0,0.01
'2025-08-11 20:10:27.137,0.01,0,0,0.01
'2025-08-11 20:10:27.143,0.01,0,0,0.01
'2025-08-11 20:10:27.151,0.01,0,0,0.01
'2025-08-11 20:10:27.157,0,0,0,0
'2025-08-11 20:10:27.163,0,0,0,0
'2025-08-11 20:10:27.169,0,0,0,0
'2025-08-11 20:10:27.176,0,0,0,0
'2025-08-11 20:10:27.183,0,0,0,0
'2025-08-11 20:10:27.189,0,0,0,0
'2025-08-11 20:10:27.195,0,0,0,0
'2025-08-11 20:10:27.202,0,0,0,0
'2025-08-11 20:10:27.209,0,0,0,0
'2025-08-11 20:10:27.215,0,0,0,0
'2025-08-11 20:10:27.221,0,0,0,0
'2025-08-11 20:10:27.228,0,0,0,0
'2025-08-11 20:10:27.234,0,0,0,0
'2025-08-11 20:10:27.241,0,0,0,0
'2025-08-11 20:10:27.247,0,0,0,0
'2025-08-11 20:10:27.253,0,0,0,0
'2025-08-11 20:10:27.260,0,0,0,0
'2025-08-11 20:10:27.267,0,0,0,0
'2025-08-11 20:10:27.273,0,0,0,0
'2025-08-11 20:10:27.280,0,0,0,0
'2025-08-11 20:10:27.287,0,0,0,0
'2025-08-11 20:10:27.293,0,0,0,0
'2025-08-11 20:10:27.299,0,0,0,0
'2025-08-11 20:10:27.306,0,0,0,0
'2025-08-11 20:10:27.312,0,0,0,0
'2025-08-11 20:10:27.318,0,0,0,0
'2025-08-11 20:10:27.325,0,0,0,0
'2025-08-11 20:10:27.332,0,0,0,0
'2025-08-11 20:10:27.338,0,0,0,0
'2025-08-11 20:10:27.345,0,0,0,0
'2025-08-11 20:10:27.352,0,0,0,0
'2025-08-11 20:10:27.358,0,0,0,0
'2025-08-11 20:10:27.364,0,0,0,0
'2025-08-11 20:10:27.370,0,0,0,0
'2025-08-11 20:10:27.376,0,0,0,0
'2025-08-11 20:10:27.383,0,0,0,0
'2025-08-11 20:10:27.389,0,0,0,0
'2025-08-11 20:10:27.396,0,0,0,0
'2025-08-11 20:10:27.402,0,0,0,0
'2025-08-11 20:10:27.409,0,0,0,0
'2025-08-11 20:10:27.415,0,0,0,0
'2025-08-11 20:10:27.422,0,0,0,0
'2025-08-11 20:10:27.428,0,0,0,0
'2025-08-11 20:10:27.434,0,0,0,0
'2025-08-11 20:10:27.441,0,0,0,0
'2025-08-11 20:10:27.447,0,0,0,0
'2025-08-11 20:10:27.454,0,0,0,0
'2025-08-11 20:10:27.460,0,0,0,0
'2025-08-11 20:10:27.466,0,0,0,0
'2025-08-11 20:10:27.473,0,0,0,0
'2025-08-11 20:10:27.479,0,0,0,0
'2025-08-11 20:10:27.487,0,0,0,0
'2025-08-11 20:10:27.493,0,0,0,0
'2025-08-11 20:10:27.500,0,0,0,0
'2025-08-11 20:10:27.507,0,0,0,0
'2025-08-11 20:10:27.514,0,0,0,0
'2025-08-11 20:10:27.521,0,0,0,0
'2025-08-11 20:10:27.527,0,0,0,0
'2025-08-11 20:10:27.533,0,0,0,0
'2025-08-11 20:10:27.539,0,0,0,0
'2025-08-11 20:10:27.546,0,0,0,0
'2025-08-11 20:10:27.553,0,0,0,0
'2025-08-11 20:10:27.559,0,0,0,0
'2025-08-11 20:10:27.565,0,0,0,0
'2025-08-11 20:10:27.573,0,0,0,0
'2025-08-11 20:10:27.579,0,0,0,0
'2025-08-11 20:10:27.585,0,0,0,0
'2025-08-11 20:10:27.592,0,0,0,0
'2025-08-11 20:10:27.598,0,0,0,0
'2025-08-11 20:10:27.604,0,0,0,0
'2025-08-11 20:10:27.611,0,0,0,0
'2025-08-11 20:10:27.617,0,0,0,0
'2025-08-11 20:10:27.624,0,0,0,0
'2025-08-11 20:10:27.630,0,0,0,0
'2025-08-11 20:10:27.637,0,0,0,0
'2025-08-11 20:10:27.643,0,0,0,0
'2025-08-11 20:10:27.651,0,0,0,0
'2025-08-11 20:10:27.657,0,0,0,0
'2025-08-11 20:10:27.664,0,0,0,0
'2025-08-11 20:10:27.671,0,0,0,0
'2025-08-11 20:10:27.677,0,0,0,0
'2025-08-11 20:10:27.684,0,0,0,0
'2025-08-11 20:10:27.690,0,0,0,0
'2025-08-11 20:10:27.697,0,0,0,0
'2025-08-11 20:10:27.703,0,0,0,0
'2025-08-11 20:10:27.710,0,0,0,0
'2025-08-11 20:10:27.716,0,0,0,0
'2025-08-11 20:10:27.723,0,0,0,0
'2025-08-11 20:10:27.729,0,0,0,0
'2025-08-11 20:10:27.735,0,0,0,0
'2025-08-11 20:10:27.742,0,0,0,0
'2025-08-11 20:10:27.748,0,0,0,0
'2025-08-11 20:10:27.755,0,0,0,0
'2025-08-11 20:10:27.761,0,0,0,0
'2025-08-11 20:10:27.768,0,0,0,0
'2025-08-11 20:10:27.774,0,0,0,0
'2025-08-11 20:10:27.780,0,0,0,0
'2025-08-11 20:10:27.786,0,0,0,0
'2025-08-11 20:10:27.793,0,0,0,0
'2025-08-11 20:10:27.800,0.01,0,0,0.01
'2025-08-11 20:10:27.806,0.01,0,0,0.01
'2025-08-11 20:10:27.812,0.01,0,0,0.01
'2025-08-11 20:10:27.821,0.01,0,0,0.01
'2025-08-11 20:10:27.827,0.01,0,0,0.01
'2025-08-11 20:10:27.833,0.01,0,0,0.01
'2025-08-11 20:10:27.841,0.01,0,0,0.01
'2025-08-11 20:10:27.847,0.01,0,0,0.01
'2025-08-11 20:10:27.853,0.01,0,0,0.01
'2025-08-11 20:10:27.860,0.01,0,0,0.01
'2025-08-11 20:10:27.866,0.01,0,0,0.01
'2025-08-11 20:10:27.873,0.01,0,0,0.01
'2025-08-11 20:10:27.880,0.01,0,0,0.01
'2025-08-11 20:10:27.886,0.01,0,0,0.01
'2025-08-11 20:10:27.893,0.01,0,0,0.01
'2025-08-11 20:10:27.899,0.01,0,0,0.01
'2025-08-11 20:10:27.906,0.01,0,0,0.01
'2025-08-11 20:10:27.912,0.01,0,0,0.01
'2025-08-11 20:10:27.919,0.01,0,0,0.01
'2025-08-11 20:10:27.925,0.01,0,0,0.01
'2025-08-11 20:10:27.932,0.01,0,0,0.01
'2025-08-11 20:10:27.938,0.01,0,0,0.01
'2025-08-11 20:10:27.944,0.01,0,0,0.01
'2025-08-11 20:10:27.951,0.01,0,0,0.01
'2025-08-11 20:10:27.957,0.01,0,0,0.01
'2025-08-11 20:10:27.963,0.01,0,0,0.01
'2025-08-11 20:10:27.970,0.01,0,0,0.01
'2025-08-11 20:10:27.977,0.01,0,0,0.01
'2025-08-11 20:10:27.983,0.01,0,0,0.01
'2025-08-11 20:10:27.990,0.01,0,0,0.01
'2025-08-11 20:10:27.996,0.01,0,0,0.01
'2025-08-11 20:10:28.003,0.01,0,0,0.01
'2025-08-11 20:10:28.009,0.01,0,0,0.01
'2025-08-11 20:10:28.015,0.01,0,0,0.01
'2025-08-11 20:10:28.021,0.01,0,0,0.01
'2025-08-11 20:10:28.028,0.01,0,0,0.01
'2025-08-11 20:10:28.035,0.01,0,0,0.01
'2025-08-11 20:10:28.041,0.01,0,0,0.01
'2025-08-11 20:10:28.047,0.01,0,0,0.01
'2025-08-11 20:10:28.054,0.01,0,0,0.01
'2025-08-11 20:10:28.060,0.01,0,0,0.01
'2025-08-11 20:10:28.067,0.01,0,0,0.01
'2025-08-11 20:10:28.073,0.01,0,0,0.01
'2025-08-11 20:10:28.080,0.01,0,0,0.01
'2025-08-11 20:10:28.086,0.01,0,0,0.01
'2025-08-11 20:10:28.093,0.01,0,0,0.01
'2025-08-11 20:10:28.101,0.01,0,0,0.01
'2025-08-11 20:10:28.107,0.01,0,0,0.01
'2025-08-11 20:10:28.113,0.01,0,0,0.01
'2025-08-11 20:10:28.120,0.01,0,0,0.01
'2025-08-11 20:10:28.126,0.01,0,0,0.01
'2025-08-11 20:10:28.133,0.01,0,0,0.01
'2025-08-11 20:10:28.138,0.01,0,0,0.01
'2025-08-11 20:10:28.145,0.01,0,0,0.01
'2025-08-11 20:10:28.151,0.01,0,0,0.01
'2025-08-11 20:10:28.158,0.01,0,0,0.01
'2025-08-11 20:10:28.165,0.01,0,0,0.01
'2025-08-11 20:10:28.171,0.01,0,0,0.01
'2025-08-11 20:10:28.177,0.01,0,0,0.01
'2025-08-11 20:10:28.184,0.01,0,-0.01,0.014142136
'2025-08-11 20:10:28.190,0.01,0,-0.01,0.014142136
'2025-08-11 20:10:28.196,0.01,0,-0.01,0.014142136
'2025-08-11 20:10:28.203,0.01,0,-0.01,0.014142136
'2025-08-11 20:10:28.209,0.01,0,-0.01,0.014142136
'2025-08-11 20:10:28.216,0.01,0,-0.01,0.014142136
'2025-08-11 20:10:28.222,0.01,0,-0.01,0.014142136
'2025-08-11 20:10:28.228,0.01,0,-0.01,0.014142136
'2025-08-11 20:10:28.234,0.01,0,-0.02,0.02236068
'2025-08-11 20:10:28.242,0.01,-0.01,-0.02,0.024494897
'2025-08-11 20:10:28.248,0.01,-0.01,-0.02,0.024494897
'2025-08-11 20:10:28.255,0.01,-0.01,-0.02,0.024494897
'2025-08-11 20:10:28.261,0.01,-0.01,-0.02,0.024494897
'2025-08-11 20:10:28.268,0.01,-0.01,-0.02,0.024494897
'2025-08-11 20:10:28.276,0.01,-0.01,-0.02,0.024494897
'2025-08-11 20:10:28.283,0.01,-0.01,-0.03,0.033166248
'2025-08-11 20:10:28.289,0.01,-0.01,-0.03,0.033166248
'2025-08-11 20:10:28.295,0.01,-0.01,-0.03,0.033166248
'2025-08-11 20:10:28.302,0.01,-0.01,-0.03,0.033166248
'2025-08-11 20:10:28.308,0.01,-0.01,-0.03,0.033166248
'2025-08-11 20:10:28.314,0.01,-0.01,-0.03,0.033166248
'2025-08-11 20:10:28.320,0.01,-0.01,-0.03,0.033166248
'2025-08-11 20:10:28.327,0.01,-0.01,-0.03,0.033166248
'2025-08-11 20:10:28.334,0.01,-0.01,-0.03,0.033166248
'2025-08-11 20:10:28.341,0.01,-0.01,-0.03,0.033166248
'2025-08-11 20:10:28.348,0.01,-0.01,-0.03,0.033166248
'2025-08-11 20:10:28.354,0.01,-0.01,-0.03,0.033166248
'2025-08-11 20:10:28.360,0.01,-0.01,-0.02,0.024494897
'2025-08-11 20:10:28.367,0.01,-0.01,-0.02,0.024494897
'2025-08-11 20:10:28.375,0.01,-0.01,-0.03,0.033166248
'2025-08-11 20:10:28.382,0.01,-0.01,-0.03,0.033166248
'2025-08-11 20:10:28.389,0,-0.01,-0.03,0.031622777
'2025-08-11 20:10:28.395,0,-0.01,-0.03,0.031622777
'2025-08-11 20:10:28.402,0,-0.01,-0.03,0.031622777
'2025-08-11 20:10:28.408,0,-0.01,-0.03,0.031622777
'2025-08-11 20:10:28.415,0,-0.01,-0.03,0.031622777
'2025-08-11 20:10:28.421,0,-0.01,-0.03,0.031622777
'2025-08-11 20:10:28.428,0,-0.01,-0.03,0.031622777
'2025-08-11 20:10:28.434,0,-0.01,-0.03,0.031622777
'2025-08-11 20:10:28.442,0,-0.01,-0.03,0.031622777
'2025-08-11 20:10:28.450,0,-0.01,-0.03,0.031622777
'2025-08-11 20:10:28.457,0,-0.01,-0.03,0.031622777
'2025-08-11 20:10:28.463,0,-0.01,-0.03,0.031622777
'2025-08-11 20:10:28.470,0,-0.01,-0.03,0.031622777
'2025-08-11 20:10:28.477,0,-0.01,-0.03,0.031622777
'2025-08-11 20:10:28.484,0,-0.01,-0.03,0.031622777
'2025-08-11 20:10:28.490,0,-0.01,-0.03,0.031622777
'2025-08-11 20:10:28.497,0,-0.01,-0.03,0.031622777
'2025-08-11 20:10:28.504,0,-0.01,-0.03,0.031622777
'2025-08-11 20:10:28.510,0,-0.01,-0.03,0.031622777
'2025-08-11 20:10:28.516,0,-0.01,-0.03,0.031622777
'2025-08-11 20:10:28.524,0,-0.01,-0.03,0.031622777
'2025-08-11 20:10:28.529,0,-0.01,-0.03,0.031622777
'2025-08-11 20:10:28.536,0,-0.01,-0.03,0.031622777
'2025-08-11 20:10:28.543,0,-0.01,-0.03,0.031622777
'2025-08-11 20:10:28.549,0,0,-0.03,0.03
'2025-08-11 20:10:28.555,0,0,-0.03,0.03
'2025-08-11 20:10:28.561,0,0,-0.03,0.03
'2025-08-11 20:10:28.568,0,0,-0.03,0.03
'2025-08-11 20:10:28.575,0,0,-0.03,0.03
'2025-08-11 20:10:28.581,0,0,-0.03,0.03
'2025-08-11 20:10:28.588,0,0,-0.03,0.03
'2025-08-11 20:10:28.594,0,0,-0.03,0.03
'2025-08-11 20:10:28.601,0,0,-0.03,0.03
'2025-08-11 20:10:28.607,0,0,-0.03,0.03
'2025-08-11 20:10:28.614,0,0,-0.03,0.03
'2025-08-11 20:10:28.620,0,0,-0.03,0.03
'2025-08-11 20:10:28.627,0,0,-0.03,0.03
'2025-08-11 20:10:28.634,0,0,-0.03,0.03
'2025-08-11 20:10:28.641,0,0,-0.03,0.03
'2025-08-11 20:10:28.648,0,0,-0.03,0.03
'2025-08-11 20:10:28.658,0,0,-0.03,0.03
'2025-08-11 20:10:28.664,0,0,-0.03,0.03
'2025-08-11 20:10:28.671,0,0,-0.03,0.03
'2025-08-11 20:10:28.677,0,0,-0.02,0.02
'2025-08-11 20:10:28.685,0,0,-0.02,0.02
'2025-08-11 20:10:28.692,0,0,-0.03,0.03
'2025-08-11 20:10:28.699,0,0,-0.03,0.03
'2025-08-11 20:10:28.705,0,0,-0.03,0.03
'2025-08-11 20:10:28.711,0,0,-0.03,0.03
'2025-08-11 20:10:28.718,0,0,-0.03,0.03
'2025-08-11 20:10:28.725,0,0,-0.03,0.03
'2025-08-11 20:10:28.731,0,0,-0.03,0.03
'2025-08-11 20:10:28.738,0,0.01,-0.03,0.031622777
'2025-08-11 20:10:28.745,0,0.01,0,0.01
'2025-08-11 20:10:28.751,0,0.01,0,0.01
'2025-08-11 20:10:28.758,0,0.01,0,0.01
'2025-08-11 20:10:28.765,0,0.01,0,0.01
'2025-08-11 20:10:28.771,0.01,0.01,0,0.014142136
'2025-08-11 20:10:28.777,0.01,0.01,0,0.014142136
'2025-08-11 20:10:28.784,0.01,0.01,0,0.014142136
'2025-08-11 20:10:28.791,0.01,0.01,0,0.014142136
'2025-08-11 20:10:28.797,0.01,0.01,0,0.014142136
'2025-08-11 20:10:28.804,0.01,0.01,0,0.014142136
'2025-08-11 20:10:28.810,0.01,0.01,0,0.014142136
'2025-08-11 20:10:28.817,0.01,0.01,0.01,0.017320508
'2025-08-11 20:10:28.823,0.01,0.01,0.01,0.017320508
'2025-08-11 20:10:28.830,0.01,0.01,0,0.014142136
'2025-08-11 20:10:28.837,0.01,0.01,0,0.014142136
'2025-08-11 20:10:28.843,0.01,0.01,0,0.014142136
'2025-08-11 20:10:28.850,0.01,0.01,0,0.014142136
'2025-08-11 20:10:28.856,0.01,0.01,0,0.014142136
'2025-08-11 20:10:28.863,0,0.01,0.01,0.014142136
'2025-08-11 20:10:28.869,0,0.01,0.01,0.014142136
'2025-08-11 20:10:28.875,0,0.01,0,0.01
'2025-08-11 20:10:28.882,0,0.01,0,0.01
'2025-08-11 20:10:28.888,0,0.01,0,0.01
'2025-08-11 20:10:28.895,0,0.01,0,0.01
'2025-08-11 20:10:28.901,0,0.01,0.01,0.014142136
'2025-08-11 20:10:28.908,0,0.01,0.01,0.014142136
'2025-08-11 20:10:28.914,0,0.01,0.01,0.014142136
'2025-08-11 20:10:28.921,0,0.01,0.01,0.014142136
'2025-08-11 20:10:28.927,0,0.01,0.01,0.014142136
'2025-08-11 20:10:28.934,0,0.01,0,0.01
'2025-08-11 20:10:28.940,0,0.01,0.01,0.014142136
'2025-08-11 20:10:28.947,0,0.01,0.01,0.014142136
'2025-08-11 20:10:28.953,0,0.01,0.01,0.014142136
'2025-08-11 20:10:28.959,0,0.01,0.01,0.014142136
'2025-08-11 20:10:28.966,0.01,0.01,0.01,0.017320508
'2025-08-11 20:10:28.972,0.01,0.01,0,0.014142136
'2025-08-11 20:10:28.979,0.01,0.01,0,0.014142136
'2025-08-11 20:10:28.985,0.01,0.01,0,0.014142136
'2025-08-11 20:10:28.991,0.01,0.01,0,0.014142136
'2025-08-11 20:10:28.998,0.01,0.01,0,0.014142136
'2025-08-11 20:10:29.004,0.01,0.01,0.01,0.017320508
'2025-08-11 20:10:29.011,0.01,0.01,0.01,0.017320508
'2025-08-11 20:10:29.018,0.01,0.01,0,0.014142136
'2025-08-11 20:10:29.024,0.01,0.01,0,0.014142136
'2025-08-11 20:10:29.034,0.01,0.01,0,0.014142136
'2025-08-11 20:10:29.041,0.01,0.01,0,0.014142136
'2025-08-11 20:10:29.047,0.01,0.01,0,0.014142136
'2025-08-11 20:10:29.056,0.01,0.01,0,0.014142136
'2025-08-11 20:10:29.062,0.01,0.01,0,0.014142136
'2025-08-11 20:10:29.068,0.01,0.01,0,0.014142136
'2025-08-11 20:10:29.075,0.01,0.01,0,0.014142136
'2025-08-11 20:10:29.082,0.01,0.01,-0.02,0.024494897
'2025-08-11 20:10:29.090,0.01,0.01,-0.05,0.051961524
'2025-08-11 20:10:29.100,0.01,0,-0.08,0.080622577
'2025-08-11 20:10:29.107,0.01,0,-0.1,0.100498756
'2025-08-11 20:10:29.114,0.01,0,-0.11,0.11045361
'2025-08-11 20:10:29.120,0.01,0,-0.12,0.120415946
'2025-08-11 20:10:29.127,0.01,0,-0.12,0.120415946
'2025-08-11 20:10:29.133,0.01,0,-0.12,0.120415946
'2025-08-11 20:10:29.140,0.01,0,-0.13,0.130384048
'2025-08-11 20:10:29.147,0.01,0,-0.14,0.140356688
'2025-08-11 20:10:29.153,0.01,0,-0.14,0.140356688
'2025-08-11 20:10:29.160,0.01,0,-0.14,0.140356688
'2025-08-11 20:10:29.167,0.01,0,-0.14,0.140356688
'2025-08-11 20:10:29.173,0.01,0,-0.14,0.140356688
'2025-08-11 20:10:29.180,0.01,0,-0.14,0.140356688
'2025-08-11 20:10:29.186,0.01,0,-0.14,0.140356688
'2025-08-11 20:10:29.193,0.02,0,-0.14,0.141421356
'2025-08-11 20:10:29.199,0.02,0,-0.14,0.141421356
'2025-08-11 20:10:29.206,0.02,0,-0.14,0.141421356
'2025-08-11 20:10:29.213,0.02,0,-0.14,0.141421356
'2025-08-11 20:10:29.220,0.02,0,-0.14,0.141421356
'2025-08-11 20:10:29.226,0.02,0,-0.14,0.141421356
'2025-08-11 20:10:29.233,0.02,0,-0.14,0.141421356
'2025-08-11 20:10:29.239,0.02,0,-0.14,0.141421356
'2025-08-11 20:10:29.246,0.02,0,-0.14,0.141421356
'2025-08-11 20:10:29.252,0.02,0,-0.14,0.141421356
'2025-08-11 20:10:29.258,0.02,0,-0.14,0.141421356
'2025-08-11 20:10:29.265,0.02,0,-0.14,0.141421356
'2025-08-11 20:10:29.271,0.02,0,-0.14,0.141421356
'2025-08-11 20:10:29.278,0.02,0,-0.14,0.141421356
'2025-08-11 20:10:29.285,0.01,0,-0.14,0.140356688
'2025-08-11 20:10:29.292,0.01,0,-0.14,0.140356688
'2025-08-11 20:10:29.299,0.01,0,-0.14,0.140356688
'2025-08-11 20:10:29.306,0.01,0,-0.14,0.140356688
'2025-08-11 20:10:29.312,0.01,0,-0.14,0.140356688
'2025-08-11 20:10:29.318,0.01,0,-0.14,0.140356688
'2025-08-11 20:10:29.324,0.01,0,-0.14,0.140356688
'2025-08-11 20:10:29.331,0.01,0,-0.14,0.140356688
'2025-08-11 20:10:29.338,0.01,0,-0.14,0.140356688
'2025-08-11 20:10:29.344,0.01,0,-0.14,0.140356688
'2025-08-11 20:10:29.351,0.01,0.01,-0.14,0.140712473
'2025-08-11 20:10:29.357,0.01,0.01,-0.14,0.140712473
'2025-08-11 20:10:29.363,0.01,0.01,-0.14,0.140712473
'2025-08-11 20:10:29.369,0.01,0.01,-0.14,0.140712473
'2025-08-11 20:10:29.376,0.01,0.01,-0.14,0.140712473
'2025-08-11 20:10:29.383,0.01,0.01,-0.14,0.140712473
'2025-08-11 20:10:29.389,0.01,0.01,-0.14,0.140712473
'2025-08-11 20:10:29.396,0.01,0.01,-0.14,0.140712473
'2025-08-11 20:10:29.403,0.01,0.01,-0.14,0.140712473
'2025-08-11 20:10:29.409,0.01,0.01,-0.14,0.140712473
'2025-08-11 20:10:29.416,0.01,0.01,-0.14,0.140712473
'2025-08-11 20:10:29.422,0.01,0.01,-0.14,0.140712473
'2025-08-11 20:10:29.429,0.01,0.01,-0.14,0.140712473
'2025-08-11 20:10:29.435,0.01,0.01,-0.14,0.140712473
'2025-08-11 20:10:29.442,0.01,0.01,-0.14,0.140712473
'2025-08-11 20:10:29.448,0.01,0.01,-0.14,0.140712473
'2025-08-11 20:10:29.455,0.01,0.01,-0.14,0.140712473
'2025-08-11 20:10:29.461,0.01,0.01,-0.14,0.140712473
'2025-08-11 20:10:29.468,0.01,0.01,-0.14,0.140712473
'2025-08-11 20:10:29.475,0.01,0.01,-0.14,0.140712473
'2025-08-11 20:10:29.481,0.01,0.01,-0.14,0.140712473
'2025-08-11 20:10:29.488,0.01,0.01,-0.14,0.140712473
'2025-08-11 20:10:29.494,0.01,0.01,-0.14,0.140712473
'2025-08-11 20:10:29.501,0.01,0.01,-0.14,0.140712473
'2025-08-11 20:10:29.508,0.01,0.01,-0.14,0.140712473
'2025-08-11 20:10:29.514,0.01,0.01,-0.14,0.140712473
'2025-08-11 20:10:29.520,0.01,0.01,-0.14,0.140712473
'2025-08-11 20:10:29.527,0.01,0.01,-0.14,0.140712473
'2025-08-11 20:10:29.533,0.01,0.01,-0.14,0.140712473
'2025-08-11 20:10:29.540,0.01,0.01,-0.14,0.140712473
'2025-08-11 20:10:29.547,0.01,0.01,-0.14,0.140712473
'2025-08-11 20:10:29.553,0.01,0.01,-0.14,0.140712473
'2025-08-11 20:10:29.559,0.01,0.01,-0.14,0.140712473
'2025-08-11 20:10:29.565,0.01,0.01,-0.14,0.140712473
'2025-08-11 20:10:29.573,0.01,0.01,-0.14,0.140712473
'2025-08-11 20:10:29.579,0.01,0.01,-0.14,0.140712473
'2025-08-11 20:10:29.585,0.01,0.01,-0.14,0.140712473
'2025-08-11 20:10:29.592,0.01,0.01,-0.14,0.140712473
'2025-08-11 20:10:29.598,0.01,0.01,-0.14,0.140712473
'2025-08-11 20:10:29.605,0.01,0.01,-0.14,0.140712473
'2025-08-11 20:10:29.612,0.01,0.01,-0.14,0.140712473
'2025-08-11 20:10:29.618,0.01,0.01,-0.14,0.140712473
'2025-08-11 20:10:29.624,0.01,0.01,-0.14,0.140712473
'2025-08-11 20:10:29.631,0.01,0.01,-0.14,0.140712473
'2025-08-11 20:10:29.638,0.01,0.01,-0.14,0.140712473
'2025-08-11 20:10:29.644,0.01,0.01,-0.14,0.140712473
'2025-08-11 20:10:29.652,0.01,0.01,-0.14,0.140712473
'2025-08-11 20:10:29.660,0.01,0.01,-0.14,0.140712473
'2025-08-11 20:10:29.666,0,0.01,-0.14,0.140356688
'2025-08-11 20:10:29.672,0,0.01,-0.14,0.140356688
'2025-08-11 20:10:29.679,0,0.01,-0.14,0.140356688
'2025-08-11 20:10:29.686,0,0.01,-0.14,0.140356688
'2025-08-11 20:10:29.693,0,0.01,-0.14,0.140356688
'2025-08-11 20:10:29.699,0,0.01,-0.14,0.140356688
'2025-08-11 20:10:29.706,0,0.01,-0.14,0.140356688
'2025-08-11 20:10:29.712,0,0.01,-0.14,0.140356688
'2025-08-11 20:10:29.719,0,0.01,-0.14,0.140356688
'2025-08-11 20:10:29.726,0,0.01,-0.14,0.140356688
'2025-08-11 20:10:29.732,0,0.01,-0.14,0.140356688
'2025-08-11 20:10:29.739,0,0,-0.14,0.14
'2025-08-11 20:10:29.745,0,0,-0.14,0.14
'2025-08-11 20:10:29.752,0,0,-0.14,0.14
'2025-08-11 20:10:29.758,0,0,-0.14,0.14
'2025-08-11 20:10:29.764,0,0,-0.14,0.14
'2025-08-11 20:10:29.771,0,0,-0.14,0.14
'2025-08-11 20:10:29.778,0,0,-0.14,0.14
'2025-08-11 20:10:29.784,0,0,-0.14,0.14
'2025-08-11 20:10:29.791,0,0,-0.14,0.14
'2025-08-11 20:10:29.797,0,0,-0.14,0.14
'2025-08-11 20:10:29.806,0,0,-0.14,0.14
'2025-08-11 20:10:29.813,0,0,-0.14,0.14
'2025-08-11 20:10:29.819,0,0,-0.14,0.14
'2025-08-11 20:10:29.826,0,0,-0.14,0.14
'2025-08-11 20:10:29.836,0,0,-0.14,0.14
'2025-08-11 20:10:29.842,0,0,-0.14,0.14
'2025-08-11 20:10:29.850,0,0,-0.14,0.14
'2025-08-11 20:10:29.857,0,0,-0.14,0.14
'2025-08-11 20:10:29.864,0,0,-0.14,0.14
'2025-08-11 20:10:29.870,0,0,-0.14,0.14
'2025-08-11 20:10:29.877,0,0,-0.14,0.14
'2025-08-11 20:10:29.883,0,0,-0.14,0.14
'2025-08-11 20:10:29.890,0,0,-0.14,0.14
'2025-08-11 20:10:29.897,0,0,-0.14,0.14
'2025-08-11 20:10:29.903,0,0,-0.14,0.14
'2025-08-11 20:10:29.909,0,0,-0.14,0.14
'2025-08-11 20:10:29.916,0,0,-0.14,0.14
'2025-08-11 20:10:29.922,0,0,-0.14,0.14
'2025-08-11 20:10:29.928,0,0,-0.14,0.14
'2025-08-11 20:10:29.935,0,0,-0.14,0.14
'2025-08-11 20:10:29.941,0,0,-0.14,0.14
'2025-08-11 20:10:29.947,0,0,-0.14,0.14
'2025-08-11 20:10:29.954,0,0,-0.14,0.14
'2025-08-11 20:10:29.960,0,0,-0.14,0.14
'2025-08-11 20:10:29.966,0,0,-0.14,0.14
'2025-08-11 20:10:29.973,0,0,-0.14,0.14
'2025-08-11 20:10:29.979,0,0,-0.14,0.14
'2025-08-11 20:10:29.987,0,0,-0.14,0.14
'2025-08-11 20:10:29.993,0,0,-0.13,0.13
'2025-08-11 20:10:30.000,0,0,-0.13,0.13
'2025-08-11 20:10:30.006,0,0,-0.13,0.13
'2025-08-11 20:10:30.013,0,0,-0.13,0.13
'2025-08-11 20:10:30.019,0,0,-0.13,0.13
'2025-08-11 20:10:30.025,0,0,-0.14,0.14
'2025-08-11 20:10:30.032,0,0,-0.14,0.14
'2025-08-11 20:10:30.039,0,0,-0.14,0.14
'2025-08-11 20:10:30.045,0,-0.01,-0.13,0.130384048
'2025-08-11 20:10:30.052,0,-0.01,-0.13,0.130384048
'2025-08-11 20:10:30.059,0,-0.01,-0.13,0.130384048
'2025-08-11 20:10:30.066,0.01,-0.01,-0.13,0.130766968
'2025-08-11 20:10:30.072,0.01,-0.01,-0.13,0.130766968
'2025-08-11 20:10:30.079,0.01,-0.01,-0.13,0.130766968
'2025-08-11 20:10:30.085,0.01,-0.01,-0.13,0.130766968
'2025-08-11 20:10:30.091,0.01,-0.01,-0.13,0.130766968
'2025-08-11 20:10:30.098,0.01,-0.01,-0.13,0.130766968
'2025-08-11 20:10:30.105,0.01,-0.01,-0.13,0.130766968
'2025-08-11 20:10:30.111,0.01,-0.01,-0.13,0.130766968
'2025-08-11 20:10:30.117,0.01,-0.01,-0.13,0.130766968
'2025-08-11 20:10:30.124,0.01,-0.01,-0.13,0.130766968
'2025-08-11 20:10:30.130,0.01,-0.01,-0.13,0.130766968
'2025-08-11 20:10:30.137,0.01,-0.01,-0.13,0.130766968
'2025-08-11 20:10:30.143,0.01,-0.01,-0.13,0.130766968
'2025-08-11 20:10:30.150,0.01,-0.01,-0.13,0.130766968
'2025-08-11 20:10:30.157,0.01,-0.01,-0.13,0.130766968
'2025-08-11 20:10:30.163,0.01,-0.01,-0.13,0.130766968
'2025-08-11 20:10:30.169,0.01,-0.01,-0.13,0.130766968
'2025-08-11 20:10:30.176,0.01,-0.01,-0.13,0.130766968
'2025-08-11 20:10:30.182,0.01,-0.01,-0.13,0.130766968
'2025-08-11 20:10:30.188,0.01,-0.01,-0.13,0.130766968
'2025-08-11 20:10:30.196,0.01,-0.01,-0.13,0.130766968
'2025-08-11 20:10:30.203,0.01,-0.01,-0.13,0.130766968
'2025-08-11 20:10:30.209,0.01,-0.01,-0.13,0.130766968
'2025-08-11 20:10:30.216,0.01,-0.01,-0.13,0.130766968
'2025-08-11 20:10:30.222,0.01,-0.01,-0.13,0.130766968
'2025-08-11 20:10:30.229,0.01,-0.01,-0.13,0.130766968
'2025-08-11 20:10:30.235,0.01,-0.01,-0.13,0.130766968
'2025-08-11 20:10:30.243,0.01,-0.01,-0.13,0.130766968
'2025-08-11 20:10:30.249,0.01,-0.01,-0.13,0.130766968
'2025-08-11 20:10:30.255,0.01,-0.01,-0.13,0.130766968
'2025-08-11 20:10:30.262,0.01,-0.01,-0.13,0.130766968
'2025-08-11 20:10:30.268,0.01,-0.01,-0.13,0.130766968
'2025-08-11 20:10:30.275,0.01,-0.01,-0.13,0.130766968
'2025-08-11 20:10:30.282,0.01,-0.01,-0.13,0.130766968
'2025-08-11 20:10:30.288,0.01,-0.01,-0.13,0.130766968
'2025-08-11 20:10:30.295,0.01,-0.01,-0.13,0.130766968
'2025-08-11 20:10:30.301,0.01,-0.01,-0.13,0.130766968
'2025-08-11 20:10:30.308,0.01,-0.01,-0.13,0.130766968
'2025-08-11 20:10:30.315,0.01,-0.01,-0.13,0.130766968
'2025-08-11 20:10:30.321,0.01,-0.01,-0.13,0.130766968
'2025-08-11 20:10:30.327,0.01,-0.01,-0.13,0.130766968
'2025-08-11 20:10:30.334,0.01,-0.01,-0.13,0.130766968
'2025-08-11 20:10:30.342,0.01,-0.01,-0.13,0.130766968
'2025-08-11 20:10:30.349,0.01,-0.01,-0.13,0.130766968
'2025-08-11 20:10:30.355,0.01,-0.01,-0.13,0.130766968
'2025-08-11 20:10:30.362,0.01,-0.01,-0.13,0.130766968
'2025-08-11 20:10:30.369,0.01,-0.01,-0.13,0.130766968
'2025-08-11 20:10:30.376,0.01,-0.01,-0.13,0.130766968
'2025-08-11 20:10:30.383,0.01,-0.01,-0.13,0.130766968
'2025-08-11 20:10:30.390,0.01,-0.01,-0.13,0.130766968
'2025-08-11 20:10:30.397,0.01,-0.01,-0.13,0.130766968
'2025-08-11 20:10:30.403,0.01,-0.01,-0.13,0.130766968
'2025-08-11 20:10:30.410,0.01,-0.01,-0.13,0.130766968
'2025-08-11 20:10:30.416,0.01,-0.01,-0.13,0.130766968
'2025-08-11 20:10:30.422,0.01,-0.01,-0.13,0.130766968
'2025-08-11 20:10:30.429,0.01,-0.01,-0.13,0.130766968
'2025-08-11 20:10:30.436,0.01,-0.01,-0.13,0.130766968
'2025-08-11 20:10:30.443,0.01,-0.01,-0.13,0.130766968
'2025-08-11 20:10:30.450,0.01,-0.01,-0.13,0.130766968
'2025-08-11 20:10:30.456,0.01,-0.01,-0.13,0.130766968
'2025-08-11 20:10:30.463,0.01,-0.01,-0.13,0.130766968
'2025-08-11 20:10:30.470,0.01,-0.01,-0.13,0.130766968
'2025-08-11 20:10:30.476,0.01,-0.01,-0.13,0.130766968
'2025-08-11 20:10:30.483,0.01,-0.01,-0.13,0.130766968
'2025-08-11 20:10:30.490,0.01,-0.01,-0.13,0.130766968
'2025-08-11 20:10:30.496,0.01,-0.01,-0.13,0.130766968
'2025-08-11 20:10:30.502,0.01,-0.01,-0.13,0.130766968
'2025-08-11 20:10:30.509,0.01,-0.01,-0.13,0.130766968
'2025-08-11 20:10:30.516,0.01,-0.01,-0.13,0.130766968
'2025-08-11 20:10:30.522,0.01,-0.01,-0.13,0.130766968
'2025-08-11 20:10:30.529,0.01,-0.01,-0.13,0.130766968
'2025-08-11 20:10:30.536,0.01,-0.01,-0.13,0.130766968
'2025-08-11 20:10:30.542,0.01,-0.01,-0.13,0.130766968
'2025-08-11 20:10:30.549,0.01,-0.01,-0.13,0.130766968
'2025-08-11 20:10:30.555,0.01,-0.01,-0.13,0.130766968
'2025-08-11 20:10:30.561,0.01,-0.01,-0.13,0.130766968
'2025-08-11 20:10:30.567,0.01,-0.01,-0.13,0.130766968
'2025-08-11 20:10:30.573,0.01,-0.01,-0.13,0.130766968
'2025-08-11 20:10:30.580,0.01,-0.01,-0.13,0.130766968
'2025-08-11 20:10:30.586,0.01,-0.01,-0.13,0.130766968
'2025-08-11 20:10:30.592,0.01,-0.01,-0.13,0.130766968
'2025-08-11 20:10:30.599,0.01,-0.01,-0.13,0.130766968
'2025-08-11 20:10:30.606,0.01,-0.01,-0.13,0.130766968
'2025-08-11 20:10:30.613,0.01,-0.01,-0.13,0.130766968
'2025-08-11 20:10:30.619,0.01,-0.01,-0.13,0.130766968
'2025-08-11 20:10:30.626,0.01,-0.01,-0.13,0.130766968
'2025-08-11 20:10:30.632,0.01,-0.01,-0.13,0.130766968
'2025-08-11 20:10:30.638,0.01,-0.01,-0.13,0.130766968
'2025-08-11 20:10:30.645,0.01,-0.01,-0.13,0.130766968
'2025-08-11 20:10:30.651,0.01,-0.01,-0.13,0.130766968
'2025-08-11 20:10:30.659,0.01,-0.01,-0.13,0.130766968
'2025-08-11 20:10:30.665,0,-0.01,-0.13,0.130384048
'2025-08-11 20:10:30.670,0,-0.01,-0.13,0.130384048
'2025-08-11 20:10:30.677,0,-0.01,-0.13,0.130384048
'2025-08-11 20:10:30.683,0,-0.01,-0.13,0.130384048
'2025-08-11 20:10:30.693,0,-0.01,-0.13,0.130384048
'2025-08-11 20:10:30.700,0,-0.01,-0.13,0.130384048
'2025-08-11 20:10:30.706,0,-0.01,-0.13,0.130384048
'2025-08-11 20:10:30.713,0,-0.01,-0.13,0.130384048
'2025-08-11 20:10:30.719,0,-0.01,-0.13,0.130384048
'2025-08-11 20:10:30.726,0,-0.01,-0.13,0.130384048
'2025-08-11 20:10:30.732,0,-0.01,-0.13,0.130384048
'2025-08-11 20:10:30.739,0,0,-0.13,0.13
'2025-08-11 20:10:30.745,0,0,-0.13,0.13
'2025-08-11 20:10:30.752,0,0,-0.13,0.13
'2025-08-11 20:10:30.759,0,0,-0.13,0.13
'2025-08-11 20:10:30.766,0,0,-0.13,0.13
'2025-08-11 20:10:30.772,0,0,-0.13,0.13
'2025-08-11 20:10:30.779,0,0,-0.13,0.13
'2025-08-11 20:10:30.785,0,0,-0.13,0.13
'2025-08-11 20:10:30.793,0,0,-0.13,0.13
'2025-08-11 20:10:30.800,0,0,-0.13,0.13
'2025-08-11 20:10:30.806,0,0,-0.13,0.13
'2025-08-11 20:10:30.812,0,0,-0.13,0.13
'2025-08-11 20:10:30.819,-0.01,0,-0.14,0.140356688
'2025-08-11 20:10:30.827,-0.01,0,-0.14,0.140356688
'2025-08-11 20:10:30.835,-0.01,0,-0.14,0.140356688
'2025-08-11 20:10:30.842,-0.01,0,-0.14,0.140356688
'2025-08-11 20:10:30.849,-0.01,0,-0.14,0.140356688
'2025-08-11 20:10:30.856,-0.01,0,-0.14,0.140356688
'2025-08-11 20:10:30.862,-0.01,0.01,-0.14,0.140712473
'2025-08-11 20:10:30.870,-0.01,0.01,-0.14,0.140712473
'2025-08-11 20:10:30.876,-0.01,0.01,-0.14,0.140712473
'2025-08-11 20:10:30.882,-0.01,0.01,-0.14,0.140712473
'2025-08-11 20:10:30.888,-0.01,0.01,-0.14,0.140712473
'2025-08-11 20:10:30.895,-0.01,0.01,-0.14,0.140712473
'2025-08-11 20:10:30.902,-0.01,0.01,-0.14,0.140712473
'2025-08-11 20:10:30.909,-0.01,0,-0.14,0.140356688
'2025-08-11 20:10:30.916,-0.01,0,-0.14,0.140356688
'2025-08-11 20:10:30.922,-0.01,0,-0.14,0.140356688
'2025-08-11 20:10:30.929,-0.01,0,-0.14,0.140356688
'2025-08-11 20:10:30.935,-0.01,0,-0.14,0.140356688
'2025-08-11 20:10:30.941,-0.01,0,-0.14,0.140356688
'2025-08-11 20:10:30.948,-0.01,0,-0.14,0.140356688
'2025-08-11 20:10:30.954,-0.01,0,-0.14,0.140356688
'2025-08-11 20:10:30.960,-0.01,0,-0.14,0.140356688
'2025-08-11 20:10:30.967,-0.01,0,-0.14,0.140356688
'2025-08-11 20:10:30.973,-0.01,0,-0.14,0.140356688
'2025-08-11 20:10:30.980,-0.01,0,-0.14,0.140356688
'2025-08-11 20:10:30.986,-0.01,0,-0.14,0.140356688
'2025-08-11 20:10:30.993,-0.01,0,-0.14,0.140356688
'2025-08-11 20:10:30.999,-0.01,0,-0.14,0.140356688
'2025-08-11 20:10:31.005,-0.01,0,-0.14,0.140356688
'2025-08-11 20:10:31.012,-0.01,0,-0.14,0.140356688
'2025-08-11 20:10:31.018,-0.01,0,-0.14,0.140356688
'2025-08-11 20:10:31.025,-0.01,0,-0.14,0.140356688
'2025-08-11 20:10:31.031,-0.01,0,-0.14,0.140356688
'2025-08-11 20:10:31.037,-0.01,0,-0.14,0.140356688
'2025-08-11 20:10:31.043,-0.01,0,-0.14,0.140356688
'2025-08-11 20:10:31.050,-0.01,0,-0.14,0.140356688
'2025-08-11 20:10:31.056,-0.01,0,-0.14,0.140356688
'2025-08-11 20:10:31.063,-0.01,0,-0.14,0.140356688
'2025-08-11 20:10:31.069,-0.01,0,-0.14,0.140356688
'2025-08-11 20:10:31.076,-0.01,0,-0.15,0.150332964
'2025-08-11 20:10:31.083,-0.01,0,-0.16,0.160312195
'2025-08-11 20:10:31.089,-0.01,0,-0.18,0.180277564
'2025-08-11 20:10:31.096,-0.01,0,-0.22,0.220227155
'2025-08-11 20:10:31.103,-0.01,0,-0.3,0.30016662
'2025-08-11 20:10:31.109,-0.01,0,-0.32,0.320156212
'2025-08-11 20:10:31.116,-0.01,0,-0.34,0.340147027
'2025-08-11 20:10:31.122,-0.01,0,-0.35,0.350142828
'2025-08-11 20:10:31.128,-0.01,0,-0.36,0.360138862
'2025-08-11 20:10:31.135,-0.01,0,-0.36,0.360138862
'2025-08-11 20:10:31.142,0,0,-0.37,0.37
'2025-08-11 20:10:31.149,0,0,-0.39,0.39
'2025-08-11 20:10:31.158,0,0,-0.4,0.4
'2025-08-11 20:10:31.164,0,0,-0.4,0.4
'2025-08-11 20:10:31.171,0,0,-0.39,0.39
'2025-08-11 20:10:31.177,0,0,-0.39,0.39
'2025-08-11 20:10:31.184,0,0,-0.39,0.39
'2025-08-11 20:10:31.193,0,0,-0.39,0.39
'2025-08-11 20:10:31.200,0.01,0,-0.39,0.390128184
'2025-08-11 20:10:31.207,0.01,0,-0.39,0.390128184
'2025-08-11 20:10:31.216,0.01,0,-0.39,0.390128184
'2025-08-11 20:10:31.226,0,0,-0.39,0.39
'2025-08-11 20:10:31.233,0,0,-0.39,0.39
'2025-08-11 20:10:31.241,0,0,-0.39,0.39
'2025-08-11 20:10:31.249,0,0,-0.39,0.39
'2025-08-11 20:10:31.259,0,0,-0.39,0.39
'2025-08-11 20:10:31.267,0,-0.01,-0.39,0.390128184
'2025-08-11 20:10:31.273,0,-0.01,-0.39,0.390128184
'2025-08-11 20:10:31.280,0,-0.01,-0.39,0.390128184
'2025-08-11 20:10:31.286,0,-0.01,-0.39,0.390128184
'2025-08-11 20:10:31.293,0,-0.01,-0.39,0.390128184
'2025-08-11 20:10:31.299,0,-0.01,-0.39,0.390128184
'2025-08-11 20:10:31.305,0,-0.01,-0.39,0.390128184
'2025-08-11 20:10:31.312,0,-0.01,-0.39,0.390128184
'2025-08-11 20:10:31.318,0,-0.01,-0.39,0.390128184
'2025-08-11 20:10:31.325,0,-0.01,-0.39,0.390128184
'2025-08-11 20:10:31.331,0.01,-0.01,-0.39,0.390256326
'2025-08-11 20:10:31.337,0.01,-0.01,-0.39,0.390256326
'2025-08-11 20:10:31.344,0.01,-0.01,-0.39,0.390256326
'2025-08-11 20:10:31.351,0.01,-0.01,-0.39,0.390256326
'2025-08-11 20:10:31.357,0.01,-0.01,-0.39,0.390256326
'2025-08-11 20:10:31.364,0.01,-0.01,-0.39,0.390256326
'2025-08-11 20:10:31.370,0.02,-0.01,-0.39,0.3906405
'2025-08-11 20:10:31.377,0.02,-0.01,-0.4,0.400624512
'2025-08-11 20:10:31.383,0.02,-0.01,-0.4,0.400624512
'2025-08-11 20:10:31.390,0.02,-0.01,-0.4,0.400624512
'2025-08-11 20:10:31.396,0.02,-0.01,-0.4,0.400624512
'2025-08-11 20:10:31.403,0.02,0,-0.4,0.400499688
'2025-08-11 20:10:31.409,0.02,0,-0.4,0.400499688
'2025-08-11 20:10:31.416,0.02,0,-0.4,0.400499688
'2025-08-11 20:10:31.422,0.02,0,-0.4,0.400499688
'2025-08-11 20:10:31.429,0.02,0,-0.4,0.400499688
'2025-08-11 20:10:31.435,0.02,0,-0.4,0.400499688
'2025-08-11 20:10:31.442,0.02,0,-0.4,0.400499688
'2025-08-11 20:10:31.449,0.02,0,-0.4,0.400499688
'2025-08-11 20:10:31.456,0.02,0,-0.4,0.400499688
'2025-08-11 20:10:31.462,0.02,0,-0.4,0.400499688
'2025-08-11 20:10:31.468,0.02,0,-0.4,0.400499688
'2025-08-11 20:10:31.475,0.02,0,-0.4,0.400499688
'2025-08-11 20:10:31.482,0.02,0,-0.4,0.400499688
'2025-08-11 20:10:31.488,0.02,0,-0.4,0.400499688
'2025-08-11 20:10:31.495,0.02,0,-0.4,0.400499688
'2025-08-11 20:10:31.502,0.02,0,-0.4,0.400499688
'2025-08-11 20:10:31.508,0.02,-0.01,-0.4,0.400624512
'2025-08-11 20:10:31.515,0.02,-0.01,-0.4,0.400624512
'2025-08-11 20:10:31.522,0.02,-0.01,-0.4,0.400624512
'2025-08-11 20:10:31.528,0.02,-0.01,-0.4,0.400624512
'2025-08-11 20:10:31.535,0.02,-0.01,-0.4,0.400624512
'2025-08-11 20:10:31.541,0.02,-0.01,-0.4,0.400624512
'2025-08-11 20:10:31.548,0.02,-0.01,-0.4,0.400624512
'2025-08-11 20:10:31.554,0.03,-0.01,-0.4,0.401248053
'2025-08-11 20:10:31.562,0.03,-0.01,-0.4,0.401248053
'2025-08-11 20:10:31.569,0.03,-0.01,-0.4,0.401248053
'2025-08-11 20:10:31.575,0.03,-0.01,-0.4,0.401248053
'2025-08-11 20:10:31.582,0.03,-0.01,-0.4,0.401248053
'2025-08-11 20:10:31.589,0.03,-0.01,-0.4,0.401248053
'2025-08-11 20:10:31.595,0.03,-0.01,-0.4,0.401248053
'2025-08-11 20:10:31.601,0.03,-0.01,-0.4,0.401248053
'2025-08-11 20:10:31.608,0.03,-0.01,-0.4,0.401248053
'2025-08-11 20:10:31.614,0.03,-0.01,-0.4,0.401248053
'2025-08-11 20:10:31.620,0.03,-0.01,-0.4,0.401248053
'2025-08-11 20:10:31.627,0.03,-0.01,-0.4,0.401248053
'2025-08-11 20:10:31.633,0.03,-0.01,-0.4,0.401248053
'2025-08-11 20:10:31.640,0.03,-0.01,-0.4,0.401248053
'2025-08-11 20:10:31.647,0.03,-0.01,-0.4,0.401248053
'2025-08-11 20:10:31.653,0.03,-0.01,-0.4,0.401248053
'2025-08-11 20:10:31.660,0.02,-0.01,-0.4,0.400624512
'2025-08-11 20:10:31.667,0.01,-0.01,-0.4,0.400249922
'2025-08-11 20:10:31.673,0.01,-0.01,-0.4,0.400249922
'2025-08-11 20:10:31.680,0.01,-0.01,-0.4,0.400249922
'2025-08-11 20:10:31.686,0.01,-0.01,-0.4,0.400249922
'2025-08-11 20:10:31.693,0.01,-0.01,-0.4,0.400249922
'2025-08-11 20:10:31.699,0.01,-0.01,-0.4,0.400249922
'2025-08-11 20:10:31.706,0.01,-0.01,-0.4,0.400249922
'2025-08-11 20:10:31.712,0.01,-0.01,-0.4,0.400249922
'2025-08-11 20:10:31.719,0.01,-0.01,-0.4,0.400249922
'2025-08-11 20:10:31.725,0.01,-0.01,-0.4,0.400249922
'2025-08-11 20:10:31.732,0.01,-0.01,-0.4,0.400249922
'2025-08-11 20:10:31.738,0.01,0,-0.4,0.40012498
'2025-08-11 20:10:31.744,0.01,0,-0.4,0.40012498
'2025-08-11 20:10:31.751,0.01,0,-0.4,0.40012498
'2025-08-11 20:10:31.758,0.01,0,-0.4,0.40012498
'2025-08-11 20:10:31.764,0.01,0,-0.4,0.40012498
'2025-08-11 20:10:31.770,0.01,0,-0.4,0.40012498
'2025-08-11 20:10:31.777,0.01,0,-0.4,0.40012498
'2025-08-11 20:10:31.783,0.01,0,-0.4,0.40012498
'2025-08-11 20:10:31.790,0.01,0,-0.4,0.40012498
'2025-08-11 20:10:31.796,0.01,0,-0.4,0.40012498
'2025-08-11 20:10:31.803,0.01,0,-0.39,0.390128184
'2025-08-11 20:10:31.810,0.01,0,-0.39,0.390128184
'2025-08-11 20:10:31.816,0.01,0,-0.39,0.390128184
'2025-08-11 20:10:31.822,0.01,0,-0.39,0.390128184
'2025-08-11 20:10:31.828,0.01,0,-0.39,0.390128184
'2025-08-11 20:10:31.837,0.01,0,-0.39,0.390128184
'2025-08-11 20:10:31.843,0.01,0,-0.39,0.390128184
'2025-08-11 20:10:31.850,0.01,0,-0.39,0.390128184
'2025-08-11 20:10:31.858,0,0,-0.39,0.39
'2025-08-11 20:10:31.870,0,0,-0.39,0.39
'2025-08-11 20:10:31.876,0,0,-0.4,0.4
'2025-08-11 20:10:31.883,0,0,-0.4,0.4
'2025-08-11 20:10:31.889,0,0,-0.4,0.4
'2025-08-11 20:10:31.895,0,0,-0.4,0.4
'2025-08-11 20:10:31.902,0,0,-0.4,0.4
'2025-08-11 20:10:31.908,0,0,-0.4,0.4
'2025-08-11 20:10:31.914,0,0,-0.4,0.4
'2025-08-11 20:10:31.921,0,0,-0.4,0.4
'2025-08-11 20:10:31.928,0,0,-0.4,0.4
'2025-08-11 20:10:31.935,0,0,-0.4,0.4
'2025-08-11 20:10:31.941,0,0,-0.4,0.4
'2025-08-11 20:10:31.949,0,0,-0.4,0.4
'2025-08-11 20:10:31.955,0,0,-0.4,0.4
'2025-08-11 20:10:31.961,0,0,-0.4,0.4
'2025-08-11 20:10:31.969,0,0,-0.4,0.4
'2025-08-11 20:10:31.976,0,0,-0.39,0.39
'2025-08-11 20:10:31.983,0,0,-0.39,0.39
'2025-08-11 20:10:31.989,0,0,-0.39,0.39
'2025-08-11 20:10:31.995,0,0,-0.39,0.39
'2025-08-11 20:10:32.002,0,0,-0.39,0.39
'2025-08-11 20:10:32.008,0,0,-0.39,0.39
'2025-08-11 20:10:32.014,0,0,-0.39,0.39
'2025-08-11 20:10:32.022,-0.01,0,-0.39,0.390128184
'2025-08-11 20:10:32.028,-0.01,0,-0.39,0.390128184
'2025-08-11 20:10:32.034,-0.01,0,-0.39,0.390128184
'2025-08-11 20:10:32.041,-0.01,0,-0.39,0.390128184
'2025-08-11 20:10:32.047,-0.01,0,-0.39,0.390128184
'2025-08-11 20:10:32.053,-0.01,0,-0.39,0.390128184
'2025-08-11 20:10:32.059,-0.01,0,-0.39,0.390128184
'2025-08-11 20:10:32.067,-0.01,0,-0.39,0.390128184
'2025-08-11 20:10:32.073,-0.01,0,-0.39,0.390128184
'2025-08-11 20:10:32.080,-0.02,0,-0.39,0.390512484
'2025-08-11 20:10:32.086,-0.02,0,-0.39,0.390512484
'2025-08-11 20:10:32.092,-0.02,0,-0.39,0.390512484
'2025-08-11 20:10:32.099,-0.02,0,-0.39,0.390512484
'2025-08-11 20:10:32.105,-0.02,0,-0.39,0.390512484
'2025-08-11 20:10:32.112,-0.02,0,-0.39,0.390512484
'2025-08-11 20:10:32.118,-0.02,0,-0.39,0.390512484
'2025-08-11 20:10:32.124,-0.02,0,-0.39,0.390512484
'2025-08-11 20:10:32.131,-0.02,0,-0.39,0.390512484
'2025-08-11 20:10:32.137,-0.02,0,-0.39,0.390512484
'2025-08-11 20:10:32.143,-0.02,0,-0.39,0.390512484
'2025-08-11 20:10:32.150,-0.02,0,-0.39,0.390512484
'2025-08-11 20:10:32.156,-0.02,0,-0.39,0.390512484
'2025-08-11 20:10:32.162,-0.02,0,-0.39,0.390512484
'2025-08-11 20:10:32.169,-0.02,0,-0.39,0.390512484
'2025-08-11 20:10:32.175,-0.02,0,-0.39,0.390512484
'2025-08-11 20:10:32.182,-0.02,0,-0.39,0.390512484
'2025-08-11 20:10:32.188,-0.01,0,-0.39,0.390128184
'2025-08-11 20:10:32.194,-0.01,0,-0.39,0.390128184
'2025-08-11 20:10:32.201,-0.01,0,-0.39,0.390128184
'2025-08-11 20:10:32.208,-0.01,0,-0.39,0.390128184
'2025-08-11 20:10:32.214,-0.01,0,-0.39,0.390128184
'2025-08-11 20:10:32.221,-0.01,0,-0.39,0.390128184
'2025-08-11 20:10:32.227,-0.01,0,-0.39,0.390128184
'2025-08-11 20:10:32.234,-0.01,0,-0.39,0.390128184
'2025-08-11 20:10:32.240,-0.01,0,-0.39,0.390128184
'2025-08-11 20:10:32.247,-0.01,0.01,-0.39,0.390256326
'2025-08-11 20:10:32.252,-0.01,0.01,-0.39,0.390256326
'2025-08-11 20:10:32.259,-0.02,0.01,-0.39,0.3906405
'2025-08-11 20:10:32.265,-0.02,0.01,-0.39,0.3906405
'2025-08-11 20:10:32.273,-0.02,0.01,-0.39,0.3906405
'2025-08-11 20:10:32.280,-0.02,0.01,-0.39,0.3906405
'2025-08-11 20:10:32.286,-0.02,0.01,-0.39,0.3906405
'2025-08-11 20:10:32.293,-0.02,0.01,-0.39,0.3906405
'2025-08-11 20:10:32.299,-0.02,0.01,-0.39,0.3906405
'2025-08-11 20:10:32.306,-0.02,0.01,-0.39,0.3906405
'2025-08-11 20:10:32.312,-0.02,0.01,-0.39,0.3906405
'2025-08-11 20:10:32.319,-0.02,0.01,-0.39,0.3906405
'2025-08-11 20:10:32.326,-0.02,0.01,-0.39,0.3906405
'2025-08-11 20:10:32.332,-0.02,0.01,-0.39,0.3906405
'2025-08-11 20:10:32.338,-0.02,0.01,-0.39,0.3906405
'2025-08-11 20:10:32.345,-0.01,0.01,-0.39,0.390256326
'2025-08-11 20:10:32.353,-0.01,0.01,-0.39,0.390256326
'2025-08-11 20:10:32.359,-0.01,0.01,-0.39,0.390256326
'2025-08-11 20:10:32.368,-0.01,0.01,-0.39,0.390256326
'2025-08-11 20:10:32.374,-0.01,0.01,-0.39,0.390256326
'2025-08-11 20:10:32.381,-0.01,0.01,-0.39,0.390256326
'2025-08-11 20:10:32.388,-0.01,0.01,-0.39,0.390256326
'2025-08-11 20:10:32.395,-0.01,0.01,-0.39,0.390256326
'2025-08-11 20:10:32.402,0,0.01,-0.39,0.390128184
'2025-08-11 20:10:32.408,0,0.01,-0.39,0.390128184
'2025-08-11 20:10:32.415,0,0.01,-0.39,0.390128184
'2025-08-11 20:10:32.421,0,0.01,-0.39,0.390128184
'2025-08-11 20:10:32.428,0,0.01,-0.39,0.390128184
'2025-08-11 20:10:32.434,0,0.01,-0.39,0.390128184
'2025-08-11 20:10:32.441,0,0.01,-0.39,0.390128184
'2025-08-11 20:10:32.448,0,0.01,-0.39,0.390128184
'2025-08-11 20:10:32.455,0,0.01,-0.39,0.390128184
'2025-08-11 20:10:32.461,0,0.01,-0.39,0.390128184
'2025-08-11 20:10:32.467,0,0.01,-0.39,0.390128184
'2025-08-11 20:10:32.474,0,0.01,-0.39,0.390128184
'2025-08-11 20:10:32.480,0,0.01,-0.39,0.390128184
'2025-08-11 20:10:32.487,0,0.01,-0.39,0.390128184
'2025-08-11 20:10:32.493,0,0.01,-0.39,0.390128184
'2025-08-11 20:10:32.500,0,0.01,-0.39,0.390128184
'2025-08-11 20:10:32.506,0,0.01,-0.39,0.390128184
'2025-08-11 20:10:32.513,0,0.01,-0.39,0.390128184
'2025-08-11 20:10:32.519,0,0.01,-0.39,0.390128184
'2025-08-11 20:10:32.526,0,0.01,-0.39,0.390128184
'2025-08-11 20:10:32.532,0,0.01,-0.39,0.390128184
'2025-08-11 20:10:32.539,0,0.01,-0.39,0.390128184
'2025-08-11 20:10:32.545,0,0.01,-0.39,0.390128184
'2025-08-11 20:10:32.552,0.01,0.01,-0.39,0.390256326
'2025-08-11 20:10:32.558,0.01,0.01,-0.39,0.390256326
'2025-08-11 20:10:32.565,0.01,0.01,-0.39,0.390256326
'2025-08-11 20:10:32.572,0.01,0.01,-0.39,0.390256326
'2025-08-11 20:10:32.577,0.01,0.01,-0.39,0.390256326
'2025-08-11 20:10:32.584,0.01,0.01,-0.39,0.390256326
'2025-08-11 20:10:32.590,0.01,0.01,-0.39,0.390256326
'2025-08-11 20:10:32.596,0.01,0.01,-0.39,0.390256326
'2025-08-11 20:10:32.602,0.01,0.01,-0.39,0.390256326
'2025-08-11 20:10:32.609,0.01,0.01,-0.39,0.390256326
'2025-08-11 20:10:32.615,0.01,0.02,-0.39,0.3906405
'2025-08-11 20:10:32.622,0.01,0.02,-0.39,0.3906405
'2025-08-11 20:10:32.628,0.02,0.02,-0.39,0.391024296
'2025-08-11 20:10:32.634,0.02,0.02,-0.39,0.391024296
'2025-08-11 20:10:32.641,0.02,0.02,-0.39,0.391024296
'2025-08-11 20:10:32.647,0.02,0.02,-0.39,0.391024296
'2025-08-11 20:10:32.654,0.02,0.02,-0.39,0.391024296
'2025-08-11 20:10:32.659,0.02,0.02,-0.39,0.391024296
'2025-08-11 20:10:32.666,0.02,0.02,-0.39,0.391024296
'2025-08-11 20:10:32.672,0.02,0.02,-0.39,0.391024296
'2025-08-11 20:10:32.679,0.02,0.02,-0.39,0.391024296
'2025-08-11 20:10:32.686,0.02,0.02,-0.39,0.391024296
'2025-08-11 20:10:32.692,0.02,0.02,-0.39,0.391024296
'2025-08-11 20:10:32.698,0.02,0.02,-0.39,0.391024296
'2025-08-11 20:10:32.704,0.02,0.02,-0.39,0.391024296
'2025-08-11 20:10:32.711,0.02,0.02,-0.39,0.391024296
'2025-08-11 20:10:32.717,0.02,0.02,-0.39,0.391024296
'2025-08-11 20:10:32.724,0.02,0.02,-0.39,0.391024296
'2025-08-11 20:10:32.730,0.02,0.02,-0.39,0.391024296
'2025-08-11 20:10:32.736,0.02,0.02,-0.39,0.391024296
'2025-08-11 20:10:32.743,0.02,0,-0.39,0.390512484
'2025-08-11 20:10:32.749,0.02,0,-0.39,0.390512484
'2025-08-11 20:10:32.755,0.02,0,-0.39,0.390512484
'2025-08-11 20:10:32.762,0.02,0,-0.39,0.390512484
'2025-08-11 20:10:32.768,0.02,0,-0.39,0.390512484
'2025-08-11 20:10:32.775,0.02,0,-0.39,0.390512484
'2025-08-11 20:10:32.781,0.02,0,-0.39,0.390512484
'2025-08-11 20:10:32.787,0.02,0,-0.39,0.390512484
'2025-08-11 20:10:32.793,0.02,0,-0.39,0.390512484
'2025-08-11 20:10:32.799,0.02,0.01,-0.39,0.3906405
'2025-08-11 20:10:32.807,0.02,0.01,-0.39,0.3906405
'2025-08-11 20:10:32.813,0.02,0.01,-0.39,0.3906405
'2025-08-11 20:10:32.819,0.02,0.01,-0.39,0.3906405
'2025-08-11 20:10:32.826,0.02,0.01,-0.39,0.3906405
'2025-08-11 20:10:32.832,0.02,0.01,-0.39,0.3906405
'2025-08-11 20:10:32.839,0.02,0.01,-0.39,0.3906405
'2025-08-11 20:10:32.845,0.02,0.01,-0.39,0.3906405
'2025-08-11 20:10:32.852,0.02,0.01,-0.39,0.3906405
'2025-08-11 20:10:32.858,0.02,0.01,-0.39,0.3906405
'2025-08-11 20:10:32.866,0.02,0.01,-0.39,0.3906405
'2025-08-11 20:10:32.872,0.02,0.01,-0.39,0.3906405
'2025-08-11 20:10:32.878,0.02,0.01,-0.39,0.3906405
'2025-08-11 20:10:32.884,0.01,0.01,-0.39,0.390256326
'2025-08-11 20:10:32.890,0.01,0.01,-0.39,0.390256326
'2025-08-11 20:10:32.897,0.01,0.01,-0.39,0.390256326
'2025-08-11 20:10:32.903,0.01,0.01,-0.39,0.390256326
'2025-08-11 20:10:32.909,0.01,0.01,-0.39,0.390256326
'2025-08-11 20:10:32.916,0.01,0.01,-0.39,0.390256326
'2025-08-11 20:10:32.922,0.01,0.01,-0.39,0.390256326
'2025-08-11 20:10:32.928,0.01,0.01,-0.39,0.390256326
'2025-08-11 20:10:32.935,0.01,0.01,-0.39,0.390256326
'2025-08-11 20:10:32.941,0.01,0.01,-0.39,0.390256326
'2025-08-11 20:10:32.948,0.01,0.01,-0.39,0.390256326
'2025-08-11 20:10:32.954,0.01,0.01,-0.39,0.390256326
'2025-08-11 20:10:32.960,0.01,0.01,-0.39,0.390256326
'2025-08-11 20:10:32.966,0.01,0.01,-0.39,0.390256326
'2025-08-11 20:10:32.973,0.01,0.01,-0.39,0.390256326
'2025-08-11 20:10:32.980,0.01,0.01,-0.39,0.390256326
'2025-08-11 20:10:32.986,0.01,0.01,-0.39,0.390256326
'2025-08-11 20:10:32.993,0.01,0.01,-0.39,0.390256326
'2025-08-11 20:10:32.999,0.01,0.01,-0.39,0.390256326
'2025-08-11 20:10:33.005,0.01,0.01,-0.39,0.390256326
'2025-08-11 20:10:33.011,0.01,0.01,-0.39,0.390256326
'2025-08-11 20:10:33.018,0.01,0.01,-0.39,0.390256326
'2025-08-11 20:10:33.025,0.01,0.01,-0.39,0.390256326
'2025-08-11 20:10:33.032,0,0.01,-0.39,0.390128184
'2025-08-11 20:10:33.038,0,0.01,-0.39,0.390128184
'2025-08-11 20:10:33.045,0,0.01,-0.39,0.390128184
'2025-08-11 20:10:33.051,0,0.01,-0.39,0.390128184
'2025-08-11 20:10:33.058,0,0.01,-0.39,0.390128184
'2025-08-11 20:10:33.064,0,0.01,-0.39,0.390128184
'2025-08-11 20:10:33.070,0,0.01,-0.39,0.390128184
'2025-08-11 20:10:33.076,0,0.01,-0.4,0.40012498
'2025-08-11 20:10:33.083,0,0.01,-0.46,0.460108683
'2025-08-11 20:10:33.089,0,0.01,-0.49,0.49010203
'2025-08-11 20:10:33.096,0,0,-0.54,0.54
'2025-08-11 20:10:33.102,0,0,-0.59,0.59
'2025-08-11 20:10:33.109,0,0,-0.64,0.64
'2025-08-11 20:10:33.115,0,0,-0.66,0.66
'2025-08-11 20:10:33.122,0,0,-0.67,0.67
'2025-08-11 20:10:33.128,0,0,-0.68,0.68
'2025-08-11 20:10:33.134,0,0,-0.7,0.7
'2025-08-11 20:10:33.141,0,0,-0.71,0.71
'2025-08-11 20:10:33.147,0,0,-0.72,0.72
'2025-08-11 20:10:33.153,0,0,-0.72,0.72
'2025-08-11 20:10:33.159,0,0,-0.72,0.72
'2025-08-11 20:10:33.166,0,0,-0.72,0.72
'2025-08-11 20:10:33.173,0,0,-0.71,0.71
'2025-08-11 20:10:33.179,0,0,-0.71,0.71
'2025-08-11 20:10:33.185,0,0,-0.72,0.72
'2025-08-11 20:10:33.192,0,0,-0.72,0.72
'2025-08-11 20:10:33.199,0,0,-0.72,0.72
'2025-08-11 20:10:33.205,0,0,-0.73,0.73
'2025-08-11 20:10:33.212,0,0,-0.73,0.73
'2025-08-11 20:10:33.218,0,0,-0.73,0.73
'2025-08-11 20:10:33.224,0,0,-0.73,0.73
'2025-08-11 20:10:33.231,0,0,-0.73,0.73
'2025-08-11 20:10:33.237,0,0,-0.73,0.73
'2025-08-11 20:10:33.244,-0.01,0,-0.74,0.740067564
'2025-08-11 20:10:33.250,-0.01,0,-0.73,0.73006849
'2025-08-11 20:10:33.257,-0.01,0,-0.73,0.73006849
'2025-08-11 20:10:33.263,-0.01,0,-0.73,0.73006849
'2025-08-11 20:10:33.269,-0.01,0,-0.73,0.73006849
'2025-08-11 20:10:33.277,-0.01,0,-0.73,0.73006849
'2025-08-11 20:10:33.283,-0.01,0,-0.73,0.73006849
'2025-08-11 20:10:33.291,-0.01,0,-0.72,0.720069441
'2025-08-11 20:10:33.297,-0.01,0,-0.71,0.710070419
'2025-08-11 20:10:33.305,-0.01,0,-0.71,0.710070419
'2025-08-11 20:10:33.312,-0.01,0,-0.71,0.710070419
'2025-08-11 20:10:33.318,-0.01,0,-0.71,0.710070419
'2025-08-11 20:10:33.324,-0.01,0,-0.71,0.710070419
'2025-08-11 20:10:33.330,-0.01,0,-0.72,0.720069441
'2025-08-11 20:10:33.336,-0.01,0.01,-0.72,0.720138875
'2025-08-11 20:10:33.343,0,0.01,-0.72,0.720069441
'2025-08-11 20:10:33.349,0,0.01,-0.72,0.720069441
'2025-08-11 20:10:33.356,0,0.01,-0.72,0.720069441
'2025-08-11 20:10:33.362,0,0.01,-0.72,0.720069441
'2025-08-11 20:10:33.369,0,0.01,-0.72,0.720069441
'2025-08-11 20:10:33.375,0,0.01,-0.72,0.720069441
'2025-08-11 20:10:33.382,0,0.01,-0.72,0.720069441
'2025-08-11 20:10:33.388,0,0.01,-0.72,0.720069441
'2025-08-11 20:10:33.394,0,0.01,-0.72,0.720069441
'2025-08-11 20:10:33.400,0,0.01,-0.72,0.720069441
'2025-08-11 20:10:33.407,0,0.01,-0.72,0.720069441
'2025-08-11 20:10:33.413,0,0.01,-0.72,0.720069441
'2025-08-11 20:10:33.419,0,0.01,-0.72,0.720069441
'2025-08-11 20:10:33.425,0,0.01,-0.72,0.720069441
'2025-08-11 20:10:33.431,0,0.01,-0.72,0.720069441
'2025-08-11 20:10:33.438,0,0.01,-0.72,0.720069441
'2025-08-11 20:10:33.444,0,0.01,-0.72,0.720069441
'2025-08-11 20:10:33.451,0.01,0.01,-0.72,0.720138875
'2025-08-11 20:10:33.458,0.01,0.01,-0.72,0.720138875
'2025-08-11 20:10:33.464,0.01,0.01,-0.72,0.720138875
'2025-08-11 20:10:33.472,0.01,0.01,-0.72,0.720138875
'2025-08-11 20:10:33.480,0.01,0.01,-0.72,0.720138875
'2025-08-11 20:10:33.486,0.01,0.01,-0.72,0.720138875
'2025-08-11 20:10:33.492,0.01,0.01,-0.72,0.720138875
'2025-08-11 20:10:33.499,0.02,0.01,-0.72,0.720347139
'2025-08-11 20:10:33.505,0.02,0.01,-0.72,0.720347139
'2025-08-11 20:10:33.512,0.02,0.01,-0.72,0.720347139
'2025-08-11 20:10:33.518,0.02,0.01,-0.72,0.720347139
'2025-08-11 20:10:33.525,0.02,0.01,-0.72,0.720347139
'2025-08-11 20:10:33.531,0.02,0.01,-0.72,0.720347139
'2025-08-11 20:10:33.537,0.03,0.01,-0.72,0.72069411
'2025-08-11 20:10:33.543,0.03,0.01,-0.72,0.72069411
'2025-08-11 20:10:33.550,0.03,0.01,-0.72,0.72069411
'2025-08-11 20:10:33.556,0.03,0.01,-0.72,0.72069411
'2025-08-11 20:10:33.564,0.03,0.01,-0.72,0.72069411
'2025-08-11 20:10:33.570,0.04,0.01,-0.72,0.721179589
'2025-08-11 20:10:33.576,0.04,0.01,-0.71,0.711196175
'2025-08-11 20:10:33.582,0.04,0.01,-0.71,0.711196175
'2025-08-11 20:10:33.589,0.04,0.01,-0.71,0.711196175
'2025-08-11 20:10:33.595,0.04,0.01,-0.71,0.711196175
'2025-08-11 20:10:33.602,0.04,0.01,-0.72,0.721179589
'2025-08-11 20:10:33.608,0.04,0.01,-0.72,0.721179589
'2025-08-11 20:10:33.614,0.04,0.01,-0.72,0.721179589
'2025-08-11 20:10:33.620,0.04,0.01,-0.71,0.711196175
'2025-08-11 20:10:33.627,0.04,0.01,-0.71,0.711196175
'2025-08-11 20:10:33.633,0.04,0.01,-0.71,0.711196175
'2025-08-11 20:10:33.640,0.05,0.01,-0.71,0.711828631
'2025-08-11 20:10:33.647,0.05,0.01,-0.71,0.711828631
'2025-08-11 20:10:33.653,0.05,0.01,-0.71,0.711828631
'2025-08-11 20:10:33.660,0.05,0.01,-0.71,0.711828631
'2025-08-11 20:10:33.667,0.04,0.01,-0.71,0.711196175
'2025-08-11 20:10:33.673,0.04,0.01,-0.71,0.711196175
'2025-08-11 20:10:33.679,0.05,0.01,-0.71,0.711828631
'2025-08-11 20:10:33.686,0.05,0.01,-0.71,0.711828631
'2025-08-11 20:10:33.692,0.05,0.01,-0.71,0.711828631
'2025-08-11 20:10:33.699,0.05,0.01,-0.71,0.711828631
'2025-08-11 20:10:33.705,0.05,0.01,-0.71,0.711828631
'2025-08-11 20:10:33.711,0.06,0.01,-0.71,0.71260087
'2025-08-11 20:10:33.719,0.06,0.01,-0.7,0.702637887
'2025-08-11 20:10:33.726,0.06,0.01,-0.7,0.702637887
'2025-08-11 20:10:33.733,0.06,0.01,-0.7,0.702637887
'2025-08-11 20:10:33.741,0.06,0,-0.7,0.702566723
'2025-08-11 20:10:33.748,0.07,0,-0.7,0.703491293
'2025-08-11 20:10:33.754,0.07,0,-0.7,0.703491293
'2025-08-11 20:10:33.761,0.07,0,-0.7,0.703491293
'2025-08-11 20:10:33.767,0.07,0,-0.7,0.703491293
'2025-08-11 20:10:33.775,0.07,0,-0.7,0.703491293
'2025-08-11 20:10:33.781,0.07,-0.01,-0.7,0.703562364
'2025-08-11 20:10:33.787,0.07,-0.01,-0.7,0.703562364
'2025-08-11 20:10:33.794,0.07,-0.01,-0.7,0.703562364
'2025-08-11 20:10:33.800,0.07,-0.01,-0.7,0.703562364
'2025-08-11 20:10:33.806,0.07,-0.01,-0.7,0.703562364
'2025-08-11 20:10:33.813,0.07,-0.01,-0.7,0.703562364
'2025-08-11 20:10:33.820,0.07,-0.01,-0.69,0.693613725
'2025-08-11 20:10:33.826,0.07,-0.01,-0.69,0.693613725
'2025-08-11 20:10:33.833,0.07,-0.01,-0.69,0.693613725
'2025-08-11 20:10:33.839,0.07,-0.01,-0.68,0.683666585
'2025-08-11 20:10:33.845,0.07,-0.01,-0.68,0.683666585
'2025-08-11 20:10:33.853,0.08,-0.01,-0.68,0.684762733
'2025-08-11 20:10:33.859,0.08,-0.01,-0.68,0.684762733
'2025-08-11 20:10:33.866,0.08,-0.01,-0.68,0.684762733
'2025-08-11 20:10:33.873,0.08,-0.01,-0.68,0.684762733
'2025-08-11 20:10:33.880,0.08,-0.01,-0.68,0.684762733
'2025-08-11 20:10:33.887,0.08,-0.01,-0.68,0.684762733
'2025-08-11 20:10:33.896,0.08,-0.01,-0.68,0.684762733
'2025-08-11 20:10:33.902,0.08,-0.01,-0.68,0.684762733
'2025-08-11 20:10:33.909,0.09,-0.01,-0.68,0.686002915
'2025-08-11 20:10:33.916,0.09,-0.01,-0.68,0.686002915
'2025-08-11 20:10:33.922,0.09,-0.01,-0.68,0.686002915
'2025-08-11 20:10:33.929,0.09,-0.01,-0.68,0.686002915
'2025-08-11 20:10:33.935,0.09,-0.01,-0.69,0.695916662
'2025-08-11 20:10:33.942,0.09,-0.01,-0.69,0.695916662
'2025-08-11 20:10:33.948,0.09,-0.01,-0.69,0.695916662
'2025-08-11 20:10:33.954,0.09,-0.01,-0.69,0.695916662
'2025-08-11 20:10:33.960,0.09,-0.01,-0.69,0.695916662
'2025-08-11 20:10:33.967,0.09,-0.01,-0.69,0.695916662
'2025-08-11 20:10:33.974,0.09,-0.02,-0.69,0.696132171
'2025-08-11 20:10:33.980,0.09,-0.02,-0.69,0.696132171
'2025-08-11 20:10:33.986,0.09,-0.02,-0.69,0.696132171
'2025-08-11 20:10:33.993,0.09,-0.02,-0.69,0.696132171
'2025-08-11 20:10:33.999,0.09,-0.02,-0.69,0.696132171
'2025-08-11 20:10:34.006,0.09,-0.02,-0.69,0.696132171
'2025-08-11 20:10:34.012,0.09,-0.02,-0.69,0.696132171
'2025-08-11 20:10:34.019,0.09,-0.02,-0.69,0.696132171
'2025-08-11 20:10:34.025,0.09,-0.02,-0.7,0.706045324
'2025-08-11 20:10:34.032,0.09,-0.02,-0.71,0.715960893
'2025-08-11 20:10:34.038,0.09,-0.02,-0.71,0.715960893
'2025-08-11 20:10:34.044,0.09,-0.02,-0.71,0.715960893
'2025-08-11 20:10:34.051,0.09,-0.02,-0.72,0.725878778
'2025-08-11 20:10:34.057,0.09,-0.02,-0.72,0.725878778
'2025-08-11 20:10:34.063,0.09,-0.03,-0.72,0.726223106
'2025-08-11 20:10:34.069,0.09,-0.03,-0.72,0.726223106
'2025-08-11 20:10:34.076,0.09,-0.03,-0.72,0.726223106
'2025-08-11 20:10:34.082,0.09,-0.03,-0.72,0.726223106
'2025-08-11 20:10:34.089,0.09,-0.03,-0.72,0.726223106
'2025-08-11 20:10:34.095,0.09,-0.03,-0.72,0.726223106
'2025-08-11 20:10:34.101,0.09,-0.03,-0.72,0.726223106
'2025-08-11 20:10:34.108,0.09,-0.03,-0.72,0.726223106
'2025-08-11 20:10:34.114,0.08,-0.03,-0.72,0.725051722
'2025-08-11 20:10:34.120,0.08,-0.03,-0.72,0.725051722
'2025-08-11 20:10:34.126,0.08,-0.03,-0.72,0.725051722
'2025-08-11 20:10:34.133,0.08,-0.03,-0.71,0.715122367
'2025-08-11 20:10:34.139,0.08,-0.03,-0.71,0.715122367
'2025-08-11 20:10:34.145,0.08,-0.03,-0.71,0.715122367
'2025-08-11 20:10:34.151,0.07,-0.03,-0.71,0.714072825
'2025-08-11 20:10:34.158,0.07,-0.03,-0.71,0.714072825
'2025-08-11 20:10:34.164,0.07,-0.03,-0.71,0.714072825
'2025-08-11 20:10:34.170,0.07,-0.03,-0.71,0.714072825
'2025-08-11 20:10:34.177,0.07,-0.03,-0.71,0.714072825
'2025-08-11 20:10:34.183,0.06,-0.03,-0.71,0.713161973
'2025-08-11 20:10:34.190,0.06,-0.03,-0.71,0.713161973
'2025-08-11 20:10:34.196,0.06,-0.03,-0.71,0.713161973
'2025-08-11 20:10:34.203,0.06,-0.03,-0.71,0.713161973
'2025-08-11 20:10:34.209,0.06,-0.03,-0.71,0.713161973
'2025-08-11 20:10:34.216,0.06,-0.03,-0.71,0.713161973
'2025-08-11 20:10:34.222,0.06,-0.03,-0.71,0.713161973
'2025-08-11 20:10:34.228,0.06,-0.03,-0.71,0.713161973
'2025-08-11 20:10:34.235,0.06,-0.03,-0.71,0.713161973
'2025-08-11 20:10:34.242,0.05,-0.03,-0.71,0.712390342
'2025-08-11 20:10:34.249,0.05,-0.03,-0.71,0.712390342
'2025-08-11 20:10:34.255,0.05,-0.03,-0.71,0.712390342
'2025-08-11 20:10:34.261,0.05,-0.03,-0.71,0.712390342
'2025-08-11 20:10:34.268,0.05,-0.03,-0.7,0.702424373
'2025-08-11 20:10:34.274,0.05,-0.03,-0.7,0.702424373
'2025-08-11 20:10:34.279,0.05,-0.03,-0.69,0.692459385
'2025-08-11 20:10:34.288,0.05,-0.03,-0.69,0.692459385
'2025-08-11 20:10:34.295,0.05,-0.03,-0.68,0.682495421
'2025-08-11 20:10:34.302,0.04,-0.03,-0.67,0.671863081
'2025-08-11 20:10:34.309,0.04,-0.03,-0.67,0.671863081
'2025-08-11 20:10:34.315,0.04,-0.03,-0.67,0.671863081
'2025-08-11 20:10:34.321,0.04,-0.03,-0.67,0.671863081
'2025-08-11 20:10:34.328,0.04,-0.03,-0.68,0.681835757
'2025-08-11 20:10:34.336,0.04,-0.03,-0.68,0.681835757
'2025-08-11 20:10:34.342,0.04,-0.03,-0.69,0.691809222
'2025-08-11 20:10:34.348,0.03,-0.03,-0.69,0.691303117
'2025-08-11 20:10:34.354,0.03,-0.03,-0.69,0.691303117
'2025-08-11 20:10:34.362,0.03,-0.03,-0.69,0.691303117
'2025-08-11 20:10:34.368,0.03,-0.03,-0.69,0.691303117
'2025-08-11 20:10:34.374,0.03,-0.03,-0.69,0.691303117
'2025-08-11 20:10:34.380,0.03,-0.03,-0.69,0.691303117
'2025-08-11 20:10:34.387,0.03,-0.03,-0.7,0.701284536
'2025-08-11 20:10:34.393,0.03,-0.03,-0.7,0.701284536
'2025-08-11 20:10:34.400,0.02,-0.03,-0.7,0.700927956
'2025-08-11 20:10:34.406,0.02,-0.03,-0.7,0.700927956
'2025-08-11 20:10:34.412,0.02,-0.03,-0.7,0.700927956
'2025-08-11 20:10:34.419,0.02,-0.02,-0.7,0.700571196
'2025-08-11 20:10:34.426,0.02,-0.02,-0.7,0.700571196
'2025-08-11 20:10:34.432,0.02,-0.02,-0.71,0.710563157
'2025-08-11 20:10:34.438,0.02,-0.02,-0.71,0.710563157
'2025-08-11 20:10:34.445,0.02,-0.02,-0.71,0.710563157
'2025-08-11 20:10:34.451,0.03,-0.02,-0.71,0.710914903
'2025-08-11 20:10:34.458,0.03,-0.02,-0.7,0.700927956
'2025-08-11 20:10:34.464,0.03,-0.02,-0.7,0.700927956
'2025-08-11 20:10:34.471,0.03,-0.02,-0.7,0.700927956
'2025-08-11 20:10:34.478,0.03,-0.02,-0.7,0.700927956
'2025-08-11 20:10:34.484,0.03,-0.02,-0.7,0.700927956
'2025-08-11 20:10:34.494,0.03,-0.02,-0.69,0.690941387
'2025-08-11 20:10:34.500,0.03,-0.02,-0.69,0.690941387
'2025-08-11 20:10:34.507,0.03,-0.02,-0.69,0.690941387
'2025-08-11 20:10:34.513,0.03,-0.02,-0.69,0.690941387
'2025-08-11 20:10:34.520,0.03,-0.02,-0.69,0.690941387
'2025-08-11 20:10:34.526,0.03,-0.02,-0.69,0.690941387
'2025-08-11 20:10:34.532,0.02,-0.02,-0.69,0.690579467
'2025-08-11 20:10:34.539,0.02,-0.02,-0.69,0.690579467
'2025-08-11 20:10:34.545,0.02,-0.02,-0.69,0.690579467
'2025-08-11 20:10:34.552,0.02,-0.02,-0.69,0.690579467
'2025-08-11 20:10:34.558,0.02,-0.02,-0.69,0.690579467
'2025-08-11 20:10:34.565,0.02,-0.02,-0.69,0.690579467
'2025-08-11 20:10:34.571,0.02,-0.01,-0.69,0.690362224
'2025-08-11 20:10:34.577,0.02,-0.01,-0.69,0.690362224
'2025-08-11 20:10:34.584,0.02,-0.01,-0.69,0.690362224
'2025-08-11 20:10:34.590,0.02,-0.01,-0.69,0.690362224
'2025-08-11 20:10:34.596,0.02,-0.01,-0.7,0.700357052
'2025-08-11 20:10:34.603,0.02,-0.01,-0.7,0.700357052
'2025-08-11 20:10:34.609,0.02,-0.01,-0.7,0.700357052
'2025-08-11 20:10:34.616,0.02,-0.01,-0.7,0.700357052
'2025-08-11 20:10:34.623,0.02,-0.01,-0.7,0.700357052
'2025-08-11 20:10:34.629,0.03,-0.01,-0.7,0.700713922
'2025-08-11 20:10:34.635,0.03,-0.01,-0.7,0.700713922
'2025-08-11 20:10:34.642,0.03,-0.01,-0.71,0.710703876
'2025-08-11 20:10:34.648,0.03,-0.01,-0.71,0.710703876
'2025-08-11 20:10:34.655,0.03,-0.01,-0.71,0.710703876
'2025-08-11 20:10:34.661,0.03,-0.01,-0.71,0.710703876
'2025-08-11 20:10:34.668,0.03,-0.01,-0.71,0.710703876
'2025-08-11 20:10:34.674,0.03,-0.01,-0.7,0.700713922
'2025-08-11 20:10:34.680,0.03,-0.01,-0.7,0.700713922
'2025-08-11 20:10:34.686,0.04,-0.01,-0.7,0.701213234
'2025-08-11 20:10:34.693,0.04,-0.01,-0.7,0.701213234
'2025-08-11 20:10:34.699,0.04,-0.01,-0.7,0.701213234
'2025-08-11 20:10:34.706,0.04,-0.01,-0.71,0.711196175
'2025-08-11 20:10:34.712,0.03,-0.01,-0.71,0.710703876
'2025-08-11 20:10:34.718,0.03,-0.01,-0.71,0.710703876
'2025-08-11 20:10:34.725,0.03,-0.01,-0.71,0.710703876
'2025-08-11 20:10:34.731,0.03,-0.01,-0.71,0.710703876
'2025-08-11 20:10:34.738,0.03,0.01,-0.71,0.710703876
'2025-08-11 20:10:34.744,0.03,0.01,-0.71,0.710703876
'2025-08-11 20:10:34.750,0.03,0.01,-0.71,0.710703876
'2025-08-11 20:10:34.757,0.03,0.01,-0.7,0.700713922
'2025-08-11 20:10:34.763,0.03,0.01,-0.69,0.690724258
'2025-08-11 20:10:34.770,0.03,0.01,-0.69,0.690724258
'2025-08-11 20:10:34.776,0.03,0.01,-0.68,0.680734897
'2025-08-11 20:10:34.782,0.03,0.01,-0.68,0.680734897
'2025-08-11 20:10:34.790,0.03,0.01,-0.68,0.680734897
'2025-08-11 20:10:34.797,0.03,0.01,-0.68,0.680734897
'2025-08-11 20:10:34.803,0.03,0.01,-0.68,0.680734897
'2025-08-11 20:10:34.810,0.04,0.01,-0.68,0.681248853
'2025-08-11 20:10:34.816,0.04,0.01,-0.69,0.691230786
'2025-08-11 20:10:34.823,0.04,0.01,-0.69,0.691230786
'2025-08-11 20:10:34.829,0.04,0.01,-0.69,0.691230786
'2025-08-11 20:10:34.835,0.04,0.01,-0.69,0.691230786
'2025-08-11 20:10:34.842,0.05,0.01,-0.69,0.691881493
'2025-08-11 20:10:34.848,0.05,0.01,-0.69,0.691881493
'2025-08-11 20:10:34.854,0.05,0.01,-0.69,0.691881493
'2025-08-11 20:10:34.861,0.05,0.01,-0.69,0.691881493
'2025-08-11 20:10:34.867,0.05,0.01,-0.7,0.701854686
'2025-08-11 20:10:34.874,0.05,0.01,-0.7,0.701854686
'2025-08-11 20:10:34.883,0.05,0.01,-0.7,0.701854686
'2025-08-11 20:10:34.889,0.05,0.01,-0.7,0.701854686
'2025-08-11 20:10:34.897,0.05,0.01,-0.7,0.701854686
'2025-08-11 20:10:34.904,0.05,0.01,-0.7,0.701854686
'2025-08-11 20:10:34.910,0.05,0.01,-0.71,0.711828631
'2025-08-11 20:10:34.917,0.05,0.01,-0.71,0.711828631
'2025-08-11 20:10:34.924,0.05,0.01,-0.71,0.711828631
'2025-08-11 20:10:34.930,0.05,0.01,-0.71,0.711828631
'2025-08-11 20:10:34.937,0.05,0.01,-0.71,0.711828631
'2025-08-11 20:10:34.944,0.05,0.01,-0.71,0.711828631
'2025-08-11 20:10:34.951,0.05,0.01,-0.71,0.711828631
'2025-08-11 20:10:34.957,0.05,0.01,-0.71,0.711828631
'2025-08-11 20:10:34.964,0.05,0.01,-0.71,0.711828631
'2025-08-11 20:10:34.971,0.05,0.01,-0.71,0.711828631
'2025-08-11 20:10:34.978,0.05,0.01,-0.71,0.711828631
'2025-08-11 20:10:34.984,0.05,0.01,-0.71,0.711828631
'2025-08-11 20:10:34.991,0.05,0.01,-0.71,0.711828631
'2025-08-11 20:10:34.998,0.05,0.01,-0.71,0.711828631
'2025-08-11 20:10:35.004,0.05,0.01,-0.71,0.711828631
'2025-08-11 20:10:35.010,0.05,0.01,-0.71,0.711828631
'2025-08-11 20:10:35.017,0.05,0.01,-0.71,0.711828631
'2025-08-11 20:10:35.023,0.05,0.01,-0.71,0.711828631
'2025-08-11 20:10:35.029,0.05,0.01,-0.7,0.701854686
'2025-08-11 20:10:35.035,0.05,0.01,-0.71,0.711828631
'2025-08-11 20:10:35.041,0.05,0.01,-0.71,0.711828631
'2025-08-11 20:10:35.048,0.05,0.01,-0.71,0.711828631
'2025-08-11 20:10:35.054,0.05,0.01,-0.71,0.711828631
'2025-08-11 20:10:35.061,0.05,0.01,-0.71,0.711828631
'2025-08-11 20:10:35.067,0.05,0.01,-0.71,0.711828631
'2025-08-11 20:10:35.074,0.04,0.01,-0.72,0.721179589
'2025-08-11 20:10:35.081,0.04,0.01,-0.74,0.741147759
'2025-08-11 20:10:35.087,0.05,0.01,-0.77,0.771686465
'2025-08-11 20:10:35.093,0.05,0.01,-0.88,0.881476035
'2025-08-11 20:10:35.100,0.05,0.01,-0.92,0.92141196
'2025-08-11 20:10:35.106,0.05,0,-0.96,0.961301201
'2025-08-11 20:10:35.113,0.05,0,-0.99,0.991261822
'2025-08-11 20:10:35.119,0.05,0,-1.03,1.031212878
'2025-08-11 20:10:35.126,0.05,0,-1.04,1.041201229
'2025-08-11 20:10:35.132,0.05,0,-1.05,1.051189802
'2025-08-11 20:10:35.139,0.05,0,-1.07,1.071167587
'2025-08-11 20:10:35.146,0.05,0,-1.08,1.081156788
'2025-08-11 20:10:35.152,0.05,0,-1.08,1.081156788
'2025-08-11 20:10:35.159,0.05,0,-1.08,1.081156788
'2025-08-11 20:10:35.166,0.05,0,-1.08,1.081156788
'2025-08-11 20:10:35.173,0.05,-0.01,-1.07,1.071214264
'2025-08-11 20:10:35.179,0.05,-0.01,-1.08,1.081203034
'2025-08-11 20:10:35.185,0.05,-0.01,-1.08,1.081203034
'2025-08-11 20:10:35.192,0.05,-0.01,-1.08,1.081203034
'2025-08-11 20:10:35.198,0.05,-0.01,-1.09,1.091192009
'2025-08-11 20:10:35.204,0.05,-0.01,-1.09,1.091192009
'2025-08-11 20:10:35.211,0.05,-0.01,-1.09,1.091192009
'2025-08-11 20:10:35.217,0.05,-0.01,-1.09,1.091192009
'2025-08-11 20:10:35.224,0.05,-0.01,-1.09,1.091192009
'2025-08-11 20:10:35.230,0.05,-0.01,-1.09,1.091192009
'2025-08-11 20:10:35.237,0.04,-0.01,-1.09,1.090779538
'2025-08-11 20:10:35.243,0.04,-0.01,-1.1,1.100772456
'2025-08-11 20:10:35.250,0.04,-0.01,-1.1,1.100772456
'2025-08-11 20:10:35.255,0.04,-0.01,-1.1,1.100772456
'2025-08-11 20:10:35.261,0.04,-0.01,-1.09,1.090779538
'2025-08-11 20:10:35.267,0.03,-0.01,-1.09,1.090458619
'2025-08-11 20:10:35.274,0.03,-0.01,-1.1,1.100454452
'2025-08-11 20:10:35.281,0.03,-0.01,-1.1,1.100454452
'2025-08-11 20:10:35.289,0.03,-0.01,-1.1,1.100454452
'2025-08-11 20:10:35.299,0.03,-0.01,-1.1,1.100454452
'2025-08-11 20:10:35.307,0.03,-0.01,-1.09,1.090458619
'2025-08-11 20:10:35.314,0.03,-0.01,-1.09,1.090458619
'2025-08-11 20:10:35.320,0.03,-0.01,-1.1,1.100454452
'2025-08-11 20:10:35.326,0.03,-0.02,-1.1,1.10059075
'2025-08-11 20:10:35.334,0.03,-0.02,-1.1,1.10059075
'2025-08-11 20:10:35.341,0.03,-0.02,-1.09,1.090596167
'2025-08-11 20:10:35.347,0.03,-0.02,-1.09,1.090596167
'2025-08-11 20:10:35.354,0.03,-0.02,-1.08,1.080601684
'2025-08-11 20:10:35.361,0.03,-0.02,-1.08,1.080601684
'2025-08-11 20:10:35.370,0.03,-0.02,-1.09,1.090596167
'2025-08-11 20:10:35.376,0.03,-0.02,-1.09,1.090596167
'2025-08-11 20:10:35.385,0.03,-0.02,-1.09,1.090596167
'2025-08-11 20:10:35.391,0.03,-0.02,-1.09,1.090596167
'2025-08-11 20:10:35.398,0.03,-0.02,-1.1,1.10059075
'2025-08-11 20:10:35.405,0.03,-0.02,-1.11,1.110585431
'2025-08-11 20:10:35.411,0.03,-0.02,-1.12,1.120580207
'2025-08-11 20:10:35.418,0.03,-0.02,-1.13,1.130575075
'2025-08-11 20:10:35.424,0.02,-0.02,-1.13,1.130353927
'2025-08-11 20:10:35.431,0.02,-0.02,-1.13,1.130353927
'2025-08-11 20:10:35.438,0.02,-0.02,-1.12,1.120357086
'2025-08-11 20:10:35.444,0.02,-0.03,-1.12,1.120580207
'2025-08-11 20:10:35.450,0.02,-0.03,-1.12,1.120580207
'2025-08-11 20:10:35.457,0.02,-0.03,-1.12,1.120580207
'2025-08-11 20:10:35.464,0.02,-0.03,-1.12,1.120580207
'2025-08-11 20:10:35.470,0.02,-0.03,-1.12,1.120580207
'2025-08-11 20:10:35.477,0.02,-0.03,-1.12,1.120580207
'2025-08-11 20:10:35.483,0.01,-0.03,-1.12,1.12044634
'2025-08-11 20:10:35.490,0.01,-0.03,-1.12,1.12044634
'2025-08-11 20:10:35.496,0.01,-0.03,-1.12,1.12044634
'2025-08-11 20:10:35.503,0.01,-0.03,-1.12,1.12044634
'2025-08-11 20:10:35.509,0.01,-0.03,-1.12,1.12044634
'2025-08-11 20:10:35.515,0.01,-0.03,-1.12,1.12044634
'2025-08-11 20:10:35.521,0.01,-0.03,-1.12,1.12044634
'2025-08-11 20:10:35.528,0,-0.03,-1.11,1.110405331
'2025-08-11 20:10:35.534,0,-0.03,-1.11,1.110405331
'2025-08-11 20:10:35.541,0,-0.03,-1.12,1.120401714
'2025-08-11 20:10:35.548,0,-0.03,-1.12,1.120401714
'2025-08-11 20:10:35.554,-0.01,-0.03,-1.12,1.12044634
'2025-08-11 20:10:35.560,-0.01,-0.03,-1.12,1.12044634
'2025-08-11 20:10:35.567,-0.01,-0.03,-1.12,1.12044634
'2025-08-11 20:10:35.573,-0.01,-0.03,-1.12,1.12044634
'2025-08-11 20:10:35.580,-0.01,-0.03,-1.12,1.12044634
'2025-08-11 20:10:35.586,-0.02,-0.03,-1.12,1.120580207
'2025-08-11 20:10:35.592,-0.02,-0.03,-1.12,1.120580207
'2025-08-11 20:10:35.599,-0.02,-0.03,-1.12,1.120580207
'2025-08-11 20:10:35.605,-0.02,-0.03,-1.12,1.120580207
'2025-08-11 20:10:35.612,-0.03,-0.03,-1.12,1.120803283
'2025-08-11 20:10:35.618,-0.03,-0.03,-1.12,1.120803283
'2025-08-11 20:10:35.624,-0.03,-0.03,-1.11,1.110810515
'2025-08-11 20:10:35.630,-0.03,-0.03,-1.11,1.110810515
'2025-08-11 20:10:35.638,-0.03,-0.03,-1.11,1.110810515
'2025-08-11 20:10:35.644,-0.03,-0.03,-1.11,1.110810515
'2025-08-11 20:10:35.651,-0.04,-0.03,-1.11,1.111125555
'2025-08-11 20:10:35.658,-0.04,-0.03,-1.11,1.111125555
'2025-08-11 20:10:35.665,-0.06,-0.03,-1.11,1.11202518
'2025-08-11 20:10:35.671,-0.06,-0.03,-1.11,1.11202518
'2025-08-11 20:10:35.677,-0.06,-0.03,-1.11,1.11202518
'2025-08-11 20:10:35.684,-0.06,-0.03,-1.11,1.11202518
'2025-08-11 20:10:35.691,-0.06,-0.03,-1.11,1.11202518
'2025-08-11 20:10:35.697,-0.07,-0.03,-1.11,1.112609545
'2025-08-11 20:10:35.704,-0.07,-0.02,-1.1,1.102406459
'2025-08-11 20:10:35.711,-0.07,-0.02,-1.1,1.102406459
'2025-08-11 20:10:35.717,-0.07,-0.02,-1.1,1.102406459
'2025-08-11 20:10:35.724,-0.07,-0.02,-1.1,1.102406459
'2025-08-11 20:10:35.730,-0.07,-0.02,-1.11,1.112384825
'2025-08-11 20:10:35.737,-0.07,0,-1.11,1.112205017
'2025-08-11 20:10:35.743,-0.07,0,-1.11,1.112205017
'2025-08-11 20:10:35.750,-0.08,0,-1.1,1.102905254
'2025-08-11 20:10:35.756,-0.08,0,-1.1,1.102905254
'2025-08-11 20:10:35.763,-0.08,0,-1.1,1.102905254
'2025-08-11 20:10:35.769,-0.08,0,-1.1,1.102905254
'2025-08-11 20:10:35.776,-0.08,0,-1.1,1.102905254
'2025-08-11 20:10:35.782,-0.08,0,-1.1,1.102905254
'2025-08-11 20:10:35.789,-0.08,0,-1.1,1.102905254
'2025-08-11 20:10:35.795,-0.08,0,-1.1,1.102905254
'2025-08-11 20:10:35.802,-0.08,0,-1.1,1.102905254
'2025-08-11 20:10:35.808,-0.08,0,-1.1,1.102905254
'2025-08-11 20:10:35.815,-0.08,0,-1.1,1.102905254
'2025-08-11 20:10:35.821,-0.08,0,-1.1,1.102905254
'2025-08-11 20:10:35.828,-0.08,0,-1.11,1.112879149
'2025-08-11 20:10:35.834,-0.08,0,-1.11,1.112879149
'2025-08-11 20:10:35.841,-0.08,0,-1.11,1.112879149
'2025-08-11 20:10:35.847,-0.08,0,-1.12,1.122853508
'2025-08-11 20:10:35.853,-0.08,0.01,-1.13,1.132872455
'2025-08-11 20:10:35.859,-0.08,0.01,-1.13,1.132872455
'2025-08-11 20:10:35.866,-0.08,0.01,-1.13,1.132872455
'2025-08-11 20:10:35.873,-0.08,0.01,-1.12,1.122898036
'2025-08-11 20:10:35.880,-0.08,0.01,-1.12,1.122898036
'2025-08-11 20:10:35.887,-0.08,0.01,-1.12,1.122898036
'2025-08-11 20:10:35.893,-0.08,0.02,-1.12,1.123031611
'2025-08-11 20:10:35.900,-0.08,0.02,-1.12,1.123031611
'2025-08-11 20:10:35.906,-0.08,0.02,-1.12,1.123031611
'2025-08-11 20:10:35.913,-0.08,0.02,-1.12,1.123031611
'2025-08-11 20:10:35.919,-0.08,0.02,-1.12,1.123031611
'2025-08-11 20:10:35.926,-0.08,0.02,-1.12,1.123031611
'2025-08-11 20:10:35.932,-0.08,0.02,-1.11,1.113058848
'2025-08-11 20:10:35.939,-0.08,0.02,-1.11,1.113058848
'2025-08-11 20:10:35.946,-0.08,0.02,-1.11,1.113058848
'2025-08-11 20:10:35.952,-0.08,0.02,-1.12,1.123031611
'2025-08-11 20:10:35.958,-0.08,0.02,-1.12,1.123031611
'2025-08-11 20:10:35.965,-0.08,0.02,-1.12,1.123031611
'2025-08-11 20:10:35.971,-0.08,0.02,-1.11,1.113058848
'2025-08-11 20:10:35.978,-0.08,0.02,-1.12,1.123031611
'2025-08-11 20:10:35.985,-0.08,0.02,-1.12,1.123031611
'2025-08-11 20:10:35.991,-0.08,0.02,-1.12,1.123031611
'2025-08-11 20:10:35.998,-0.08,0.02,-1.12,1.123031611
'2025-08-11 20:10:36.004,-0.08,0.02,-1.12,1.123031611
'2025-08-11 20:10:36.011,-0.08,0.02,-1.12,1.123031611
'2025-08-11 20:10:36.017,-0.08,0.02,-1.12,1.123031611
'2025-08-11 20:10:36.024,-0.08,0.02,-1.12,1.123031611
'2025-08-11 20:10:36.031,-0.08,0.03,-1.12,1.123254201
'2025-08-11 20:10:36.037,-0.08,0.03,-1.12,1.123254201
'2025-08-11 20:10:36.043,-0.08,0.03,-1.12,1.123254201
'2025-08-11 20:10:36.050,-0.08,0.03,-1.12,1.123254201
'2025-08-11 20:10:36.056,-0.08,0.03,-1.12,1.123254201
'2025-08-11 20:10:36.063,-0.08,0.03,-1.12,1.123254201
'2025-08-11 20:10:36.070,-0.08,0.03,-1.12,1.123254201
'2025-08-11 20:10:36.081,-0.07,0.03,-1.13,1.132563464
'2025-08-11 20:10:36.087,-0.07,0.03,-1.13,1.132563464
'2025-08-11 20:10:36.093,-0.07,0.03,-1.12,1.1225863
'2025-08-11 20:10:36.101,-0.07,0.03,-1.12,1.1225863
'2025-08-11 20:10:36.107,-0.07,0.03,-1.12,1.1225863
'2025-08-11 20:10:36.113,-0.07,0.03,-1.12,1.1225863
'2025-08-11 20:10:36.120,-0.07,0.03,-1.12,1.1225863
'2025-08-11 20:10:36.127,-0.07,0.03,-1.12,1.1225863
'2025-08-11 20:10:36.133,-0.07,0.03,-1.12,1.1225863
'2025-08-11 20:10:36.139,-0.07,0.03,-1.12,1.1225863
'2025-08-11 20:10:36.145,-0.07,0.03,-1.11,1.112609545
'2025-08-11 20:10:36.152,-0.07,0.03,-1.11,1.112609545
'2025-08-11 20:10:36.159,-0.07,0.03,-1.11,1.112609545
'2025-08-11 20:10:36.166,-0.07,0.03,-1.11,1.112609545
'2025-08-11 20:10:36.173,-0.07,0.03,-1.11,1.112609545
'2025-08-11 20:10:36.180,-0.07,0.03,-1.12,1.1225863
'2025-08-11 20:10:36.186,-0.07,0.03,-1.11,1.112609545
'2025-08-11 20:10:36.193,-0.06,0.03,-1.11,1.11202518
'2025-08-11 20:10:36.199,-0.06,0.03,-1.11,1.11202518
'2025-08-11 20:10:36.206,-0.06,0.03,-1.11,1.11202518
'2025-08-11 20:10:36.212,-0.06,0.03,-1.11,1.11202518
'2025-08-11 20:10:36.219,-0.06,0.03,-1.11,1.11202518
'2025-08-11 20:10:36.226,-0.06,0.03,-1.11,1.11202518
'2025-08-11 20:10:36.232,-0.06,0.03,-1.11,1.11202518
'2025-08-11 20:10:36.238,-0.06,0.03,-1.11,1.11202518
'2025-08-11 20:10:36.244,-0.06,0.03,-1.11,1.11202518
'2025-08-11 20:10:36.251,-0.05,0.03,-1.11,1.111530476
'2025-08-11 20:10:36.257,-0.05,0.03,-1.11,1.111530476
'2025-08-11 20:10:36.264,-0.05,0.03,-1.11,1.111530476
'2025-08-11 20:10:36.270,-0.05,0.03,-1.11,1.111530476
'2025-08-11 20:10:36.277,-0.05,0.02,-1.11,1.111305539
'2025-08-11 20:10:36.283,-0.05,0.02,-1.11,1.111305539
'2025-08-11 20:10:36.290,-0.05,0.02,-1.11,1.111305539
'2025-08-11 20:10:36.296,-0.05,0.02,-1.11,1.111305539
'2025-08-11 20:10:36.303,-0.05,0.02,-1.11,1.111305539
'2025-08-11 20:10:36.309,-0.05,0.02,-1.11,1.111305539
'2025-08-11 20:10:36.316,-0.05,0.02,-1.11,1.111305539
'2025-08-11 20:10:36.322,-0.04,0.02,-1.11,1.110900536
'2025-08-11 20:10:36.329,-0.04,0.02,-1.11,1.110900536
'2025-08-11 20:10:36.335,-0.04,0.02,-1.11,1.110900536
'2025-08-11 20:10:36.342,-0.04,0.02,-1.11,1.110900536
'2025-08-11 20:10:36.348,-0.04,0.02,-1.11,1.110900536
'2025-08-11 20:10:36.355,-0.04,0.01,-1.11,1.110765502
'2025-08-11 20:10:36.361,-0.04,0.01,-1.11,1.110765502
'2025-08-11 20:10:36.368,-0.04,0.01,-1.11,1.110765502
'2025-08-11 20:10:36.374,-0.04,0.01,-1.11,1.110765502
'2025-08-11 20:10:36.381,-0.04,0.01,-1.11,1.110765502
'2025-08-11 20:10:36.387,-0.04,0.01,-1.11,1.110765502
'2025-08-11 20:10:36.393,-0.04,0.01,-1.11,1.110765502
'2025-08-11 20:10:36.400,-0.03,0.01,-1.11,1.110450359
'2025-08-11 20:10:36.407,-0.03,0.01,-1.11,1.110450359
'2025-08-11 20:10:36.413,-0.03,0.01,-1.11,1.110450359
'2025-08-11 20:10:36.420,-0.03,0,-1.11,1.110405331
'2025-08-11 20:10:36.426,-0.03,0,-1.11,1.110405331
'2025-08-11 20:10:36.433,-0.02,0,-1.11,1.110180166
'2025-08-11 20:10:36.440,-0.02,0,-1.11,1.110180166
'2025-08-11 20:10:36.446,-0.02,0,-1.11,1.110180166
'2025-08-11 20:10:36.453,-0.02,0,-1.11,1.110180166
'2025-08-11 20:10:36.460,-0.02,0,-1.11,1.110180166
'2025-08-11 20:10:36.467,-0.02,-0.01,-1.11,1.110225202
'2025-08-11 20:10:36.474,-0.02,-0.01,-1.1,1.100227249
'2025-08-11 20:10:36.481,-0.02,-0.01,-1.1,1.100227249
'2025-08-11 20:10:36.488,-0.02,-0.01,-1.1,1.100227249
'2025-08-11 20:10:36.494,-0.02,-0.01,-1.1,1.100227249
'2025-08-11 20:10:36.500,-0.02,-0.01,-1.1,1.100227249
'2025-08-11 20:10:36.507,-0.02,-0.01,-1.1,1.100227249
'2025-08-11 20:10:36.514,-0.02,-0.01,-1.1,1.100227249
'2025-08-11 20:10:36.521,-0.02,-0.01,-1.11,1.110225202
'2025-08-11 20:10:36.527,-0.02,-0.01,-1.11,1.110225202
'2025-08-11 20:10:36.534,-0.02,0,-1.11,1.110180166
'2025-08-11 20:10:36.540,-0.02,0,-1.11,1.110180166
'2025-08-11 20:10:36.549,-0.02,0,-1.11,1.110180166
'2025-08-11 20:10:36.555,-0.01,0,-1.11,1.110045044
'2025-08-11 20:10:36.562,-0.01,0,-1.11,1.110045044
'2025-08-11 20:10:36.568,-0.01,0,-1.11,1.110045044
'2025-08-11 20:10:36.575,-0.01,0,-1.11,1.110045044
'2025-08-11 20:10:36.581,-0.01,0,-1.1,1.100045454
'2025-08-11 20:10:36.590,-0.01,0,-1.1,1.100045454
'2025-08-11 20:10:36.597,-0.01,0,-1.1,1.100045454
'2025-08-11 20:10:36.603,-0.01,-0.01,-1.1,1.100090905
'2025-08-11 20:10:36.610,-0.01,-0.01,-1.1,1.100090905
'2025-08-11 20:10:36.617,-0.01,-0.01,-1.1,1.100090905
'2025-08-11 20:10:36.623,-0.01,-0.01,-1.1,1.100090905
'2025-08-11 20:10:36.630,-0.01,-0.01,-1.1,1.100090905
'2025-08-11 20:10:36.636,-0.01,-0.01,-1.1,1.100090905
'2025-08-11 20:10:36.643,-0.01,-0.01,-1.1,1.100090905
'2025-08-11 20:10:36.650,-0.01,-0.01,-1.1,1.100090905
'2025-08-11 20:10:36.656,-0.01,-0.01,-1.1,1.100090905
'2025-08-11 20:10:36.664,-0.02,-0.01,-1.1,1.100227249
'2025-08-11 20:10:36.670,-0.02,-0.01,-1.1,1.100227249
'2025-08-11 20:10:36.678,-0.02,-0.01,-1.1,1.100227249
'2025-08-11 20:10:36.684,-0.02,-0.01,-1.1,1.100227249
'2025-08-11 20:10:36.690,-0.02,-0.01,-1.1,1.100227249
'2025-08-11 20:10:36.698,-0.02,-0.01,-1.1,1.100227249
'2025-08-11 20:10:36.704,-0.02,-0.01,-1.1,1.100227249
'2025-08-11 20:10:36.710,-0.02,-0.01,-1.1,1.100227249
'2025-08-11 20:10:36.716,-0.03,-0.01,-1.1,1.100454452
'2025-08-11 20:10:36.723,-0.03,0,-1.1,1.100409015
'2025-08-11 20:10:36.729,-0.03,0,-1.1,1.100409015
'2025-08-11 20:10:36.736,-0.03,0,-1.1,1.100409015
'2025-08-11 20:10:36.742,-0.03,0,-1.1,1.100409015
'2025-08-11 20:10:36.748,-0.03,0,-1.1,1.100409015
'2025-08-11 20:10:36.755,-0.03,0,-1.1,1.100409015
'2025-08-11 20:10:36.762,-0.03,0,-1.1,1.100409015
'2025-08-11 20:10:36.768,-0.03,0,-1.09,1.090412766
'2025-08-11 20:10:36.775,-0.03,0,-1.09,1.090412766
'2025-08-11 20:10:36.781,-0.03,0,-1.09,1.090412766
'2025-08-11 20:10:36.788,-0.03,0,-1.09,1.090412766
'2025-08-11 20:10:36.794,-0.03,0,-1.09,1.090412766
'2025-08-11 20:10:36.800,-0.03,0,-1.09,1.090412766
'2025-08-11 20:10:36.807,-0.03,0,-1.09,1.090412766
'2025-08-11 20:10:36.814,-0.03,0,-1.09,1.090412766
'2025-08-11 20:10:36.821,-0.03,0,-1.09,1.090412766
'2025-08-11 20:10:36.827,-0.03,0,-1.08,1.080416586
'2025-08-11 20:10:36.834,-0.03,0,-1.08,1.080416586
'2025-08-11 20:10:36.840,-0.03,0,-1.08,1.080416586
'2025-08-11 20:10:36.847,-0.03,0,-1.09,1.090412766
'2025-08-11 20:10:36.854,-0.04,0,-1.09,1.090733698
'2025-08-11 20:10:36.860,-0.04,0,-1.09,1.090733698
'2025-08-11 20:10:36.866,-0.04,0,-1.09,1.090733698
'2025-08-11 20:10:36.873,-0.04,0,-1.09,1.090733698
'2025-08-11 20:10:36.879,-0.04,0,-1.09,1.090733698
'2025-08-11 20:10:36.886,-0.04,0.01,-1.09,1.090779538
'2025-08-11 20:10:36.892,-0.04,0.01,-1.09,1.090779538
'2025-08-11 20:10:36.902,-0.04,0.01,-1.1,1.100772456
'2025-08-11 20:10:36.908,-0.04,0.01,-1.1,1.100772456
'2025-08-11 20:10:36.915,-0.04,0.01,-1.09,1.090779538
'2025-08-11 20:10:36.921,-0.04,0.01,-1.09,1.090779538
'2025-08-11 20:10:36.928,-0.04,0.01,-1.09,1.090779538
'2025-08-11 20:10:36.935,-0.04,0.01,-1.09,1.090779538
'2025-08-11 20:10:36.941,-0.03,0.01,-1.09,1.090458619
'2025-08-11 20:10:36.948,-0.03,0.01,-1.09,1.090458619
'2025-08-11 20:10:36.954,-0.03,0.01,-1.09,1.090458619
'2025-08-11 20:10:36.961,-0.03,0.01,-1.09,1.090458619
'2025-08-11 20:10:36.970,-0.03,0.02,-1.09,1.090596167
'2025-08-11 20:10:36.975,-0.03,0.02,-1.09,1.090596167
'2025-08-11 20:10:36.983,-0.03,0.02,-1.09,1.090596167
'2025-08-11 20:10:36.989,-0.03,0.02,-1.09,1.090596167
'2025-08-11 20:10:36.996,-0.03,0.02,-1.09,1.090596167
'2025-08-11 20:10:37.003,-0.03,0.02,-1.09,1.090596167
'2025-08-11 20:10:37.010,-0.03,0.02,-1.1,1.10059075
'2025-08-11 20:10:37.016,-0.03,0.02,-1.1,1.10059075
'2025-08-11 20:10:37.023,-0.03,0.02,-1.1,1.10059075
'2025-08-11 20:10:37.030,-0.03,0.02,-1.11,1.110585431
'2025-08-11 20:10:37.036,-0.03,0.02,-1.11,1.110585431
'2025-08-11 20:10:37.046,-0.03,0.02,-1.11,1.110585431
'2025-08-11 20:10:37.053,-0.03,0.02,-1.1,1.10059075
'2025-08-11 20:10:37.060,-0.03,0.02,-1.11,1.110585431
'2025-08-11 20:10:37.066,-0.03,0.02,-1.12,1.120580207
'2025-08-11 20:10:37.074,-0.03,0.02,-1.13,1.130575075
'2025-08-11 20:10:37.081,-0.03,0.02,-1.17,1.170555424
'2025-08-11 20:10:37.087,-0.02,0.02,-1.26,1.26031742
'2025-08-11 20:10:37.093,-0.02,0.02,-1.33,1.330300718
'2025-08-11 20:10:37.101,-0.01,0.02,-1.4,1.40017856
'2025-08-11 20:10:37.107,-0.01,0.02,-1.43,1.430174814
'2025-08-11 20:10:37.114,-0.01,0.02,-1.48,1.480168909
'2025-08-11 20:10:37.120,-0.01,0.02,-1.49,1.490167776
'2025-08-11 20:10:37.126,0,0.02,-1.49,1.490134222
'2025-08-11 20:10:37.132,0,0.02,-1.51,1.510132445
'2025-08-11 20:10:37.138,0,0.02,-1.54,1.540129865
'2025-08-11 20:10:37.145,0,0.02,-1.55,1.550129027
'2025-08-11 20:10:37.152,0,0.02,-1.56,1.5601282
'2025-08-11 20:10:37.158,0,0.02,-1.56,1.5601282
'2025-08-11 20:10:37.166,0,0.02,-1.55,1.550129027
'2025-08-11 20:10:37.172,0,0.02,-1.55,1.550129027
'2025-08-11 20:10:37.178,0,0.02,-1.55,1.550129027
'2025-08-11 20:10:37.185,0,0.02,-1.56,1.5601282
'2025-08-11 20:10:37.191,0,0.02,-1.56,1.5601282
'2025-08-11 20:10:37.198,-0.01,0.02,-1.57,1.570159228
'2025-08-11 20:10:37.204,-0.01,0.02,-1.57,1.570159228
'2025-08-11 20:10:37.210,-0.01,0.02,-1.57,1.570159228
'2025-08-11 20:10:37.217,-0.01,0.02,-1.56,1.560160248
'2025-08-11 20:10:37.223,-0.01,0.02,-1.56,1.560160248
'2025-08-11 20:10:37.230,-0.01,0.02,-1.56,1.560160248
'2025-08-11 20:10:37.236,-0.01,0.02,-1.56,1.560160248
'2025-08-11 20:10:37.243,-0.01,0.02,-1.56,1.560160248
'2025-08-11 20:10:37.250,-0.01,0.02,-1.56,1.560160248
'2025-08-11 20:10:37.256,-0.01,0.02,-1.55,1.550161282
'2025-08-11 20:10:37.262,-0.01,0.02,-1.55,1.550161282
'2025-08-11 20:10:37.269,-0.01,0.02,-1.55,1.550161282
'2025-08-11 20:10:37.276,-0.01,0.02,-1.55,1.550161282
'2025-08-11 20:10:37.282,-0.01,0.02,-1.55,1.550161282
'2025-08-11 20:10:37.289,-0.01,0.02,-1.55,1.550161282
'2025-08-11 20:10:37.295,-0.01,0.02,-1.55,1.550161282
'2025-08-11 20:10:37.302,-0.01,0.02,-1.54,1.540162329
'2025-08-11 20:10:37.308,-0.01,0.02,-1.54,1.540162329
'2025-08-11 20:10:37.314,-0.01,0.02,-1.54,1.540162329
'2025-08-11 20:10:37.321,-0.01,0.02,-1.54,1.540162329
'2025-08-11 20:10:37.327,-0.01,0.02,-1.55,1.550161282
'2025-08-11 20:10:37.333,-0.01,0.02,-1.55,1.550161282
'2025-08-11 20:10:37.340,-0.01,0.02,-1.55,1.550161282
'2025-08-11 20:10:37.347,-0.02,0.03,-1.55,1.550419298
'2025-08-11 20:10:37.354,-0.02,0.03,-1.55,1.550419298
'2025-08-11 20:10:37.361,-0.02,0.03,-1.55,1.550419298
'2025-08-11 20:10:37.367,-0.02,0.03,-1.55,1.550419298
'2025-08-11 20:10:37.374,-0.02,0.03,-1.55,1.550419298
'2025-08-11 20:10:37.380,-0.02,0.02,-1.55,1.550258043
'2025-08-11 20:10:37.387,-0.02,0.02,-1.54,1.540259718
'2025-08-11 20:10:37.393,-0.02,0.02,-1.54,1.540259718
'2025-08-11 20:10:37.400,-0.02,0.02,-1.54,1.540259718
'2025-08-11 20:10:37.407,-0.02,0.02,-1.54,1.540259718
'2025-08-11 20:10:37.413,-0.02,0.02,-1.54,1.540259718
'2025-08-11 20:10:37.420,-0.02,0.02,-1.54,1.540259718
'2025-08-11 20:10:37.426,-0.02,0.02,-1.54,1.540259718
'2025-08-11 20:10:37.433,-0.02,0.02,-1.54,1.540259718
'2025-08-11 20:10:37.439,-0.02,0.02,-1.54,1.540259718
'2025-08-11 20:10:37.445,-0.02,0.02,-1.54,1.540259718
'2025-08-11 20:10:37.452,-0.03,0.02,-1.54,1.54042202
'2025-08-11 20:10:37.459,-0.03,0.02,-1.54,1.54042202
'2025-08-11 20:10:37.465,-0.03,0.03,-1.54,1.540584305
'2025-08-11 20:10:37.471,-0.03,0.03,-1.54,1.540584305
'2025-08-11 20:10:37.478,-0.03,0.03,-1.54,1.540584305
'2025-08-11 20:10:37.484,-0.03,0.03,-1.54,1.540584305
'2025-08-11 20:10:37.491,-0.03,0.03,-1.54,1.540584305
'2025-08-11 20:10:37.497,-0.03,0.03,-1.54,1.540584305
'2025-08-11 20:10:37.503,-0.03,0.03,-1.55,1.550580536
'2025-08-11 20:10:37.510,-0.03,0.03,-1.55,1.550580536
'2025-08-11 20:10:37.516,-0.03,0.03,-1.55,1.550580536
'2025-08-11 20:10:37.523,-0.03,0.04,-1.55,1.550806242
'2025-08-11 20:10:37.529,-0.03,0.04,-1.55,1.550806242
'2025-08-11 20:10:37.535,-0.03,0.04,-1.55,1.550806242
'2025-08-11 20:10:37.542,-0.03,0.04,-1.55,1.550806242
'2025-08-11 20:10:37.549,-0.03,0.04,-1.55,1.550806242
'2025-08-11 20:10:37.555,-0.03,0.04,-1.55,1.550806242
'2025-08-11 20:10:37.562,-0.03,0.04,-1.55,1.550806242
'2025-08-11 20:10:37.568,-0.03,0.04,-1.55,1.550806242
'2025-08-11 20:10:37.574,-0.03,0.04,-1.55,1.550806242
'2025-08-11 20:10:37.581,-0.03,0.04,-1.55,1.550806242
'2025-08-11 20:10:37.587,-0.03,0.04,-1.54,1.540811475
'2025-08-11 20:10:37.593,-0.03,0.04,-1.54,1.540811475
'2025-08-11 20:10:37.600,-0.03,0.04,-1.54,1.540811475
'2025-08-11 20:10:37.606,-0.03,0.04,-1.54,1.540811475
'2025-08-11 20:10:37.613,-0.03,0.04,-1.54,1.540811475
'2025-08-11 20:10:37.619,-0.04,0.04,-1.54,1.541038611
'2025-08-11 20:10:37.626,-0.04,0.04,-1.54,1.541038611
'2025-08-11 20:10:37.632,-0.04,0.04,-1.54,1.541038611
'2025-08-11 20:10:37.640,-0.04,0.04,-1.54,1.541038611
'2025-08-11 20:10:37.647,-0.04,0.04,-1.54,1.541038611
'2025-08-11 20:10:37.654,-0.04,0.05,-1.54,1.541330594
'2025-08-11 20:10:37.660,-0.04,0.05,-1.54,1.541330594
'2025-08-11 20:10:37.667,-0.04,0.05,-1.54,1.541330594
'2025-08-11 20:10:37.674,-0.02,0.05,-1.54,1.540941271
'2025-08-11 20:10:37.682,-0.02,0.05,-1.54,1.540941271
'2025-08-11 20:10:37.689,-0.02,0.05,-1.54,1.540941271
'2025-08-11 20:10:37.695,-0.02,0.05,-1.54,1.540941271
'2025-08-11 20:10:37.702,-0.02,0.05,-1.54,1.540941271
'2025-08-11 20:10:37.708,-0.02,0.05,-1.54,1.540941271
'2025-08-11 20:10:37.715,-0.02,0.05,-1.54,1.540941271
'2025-08-11 20:10:37.722,-0.02,0.05,-1.54,1.540941271
'2025-08-11 20:10:37.728,-0.02,0.05,-1.54,1.540941271
'2025-08-11 20:10:37.735,-0.02,0.02,-1.54,1.540259718
'2025-08-11 20:10:37.741,-0.02,0.02,-1.54,1.540259718
'2025-08-11 20:10:37.748,-0.02,0.02,-1.54,1.540259718
'2025-08-11 20:10:37.754,-0.02,0.02,-1.54,1.540259718
'2025-08-11 20:10:37.761,-0.02,0.02,-1.54,1.540259718
'2025-08-11 20:10:37.767,-0.03,0.02,-1.54,1.54042202
'2025-08-11 20:10:37.774,-0.03,0.02,-1.54,1.54042202
'2025-08-11 20:10:37.780,-0.03,0.03,-1.54,1.540584305
'2025-08-11 20:10:37.787,-0.03,0.03,-1.54,1.540584305
'2025-08-11 20:10:37.793,-0.03,0.03,-1.54,1.540584305
'2025-08-11 20:10:37.800,-0.03,0.03,-1.54,1.540584305
'2025-08-11 20:10:37.807,-0.03,0.03,-1.53,1.530588122
'2025-08-11 20:10:37.813,-0.03,0.03,-1.53,1.530588122
'2025-08-11 20:10:37.819,-0.03,0.03,-1.53,1.530588122
'2025-08-11 20:10:37.826,-0.03,0.03,-1.53,1.530588122
'2025-08-11 20:10:37.832,-0.03,0.03,-1.53,1.530588122
'2025-08-11 20:10:37.839,-0.03,0.03,-1.53,1.530588122
'2025-08-11 20:10:37.846,-0.03,0.03,-1.53,1.530588122
'2025-08-11 20:10:37.852,-0.03,0.03,-1.54,1.540584305
'2025-08-11 20:10:37.859,-0.03,0.03,-1.54,1.540584305
'2025-08-11 20:10:37.865,-0.03,0.03,-1.54,1.540584305
'2025-08-11 20:10:37.872,-0.03,0.03,-1.54,1.540584305
'2025-08-11 20:10:37.878,-0.03,0.03,-1.54,1.540584305
'2025-08-11 20:10:37.885,-0.03,0.03,-1.53,1.530588122
'2025-08-11 20:10:37.891,-0.03,0.04,-1.53,1.530816775
'2025-08-11 20:10:37.898,-0.03,0.04,-1.53,1.530816775
'2025-08-11 20:10:37.904,-0.03,0.04,-1.53,1.530816775
'2025-08-11 20:10:37.911,-0.03,0.04,-1.53,1.530816775
'2025-08-11 20:10:37.917,-0.03,0.04,-1.53,1.530816775
'2025-08-11 20:10:37.924,-0.03,0.04,-1.53,1.530816775
'2025-08-11 20:10:37.930,-0.03,0.04,-1.54,1.540811475
'2025-08-11 20:10:37.937,-0.03,0.04,-1.54,1.540811475
'2025-08-11 20:10:37.944,-0.03,0.04,-1.54,1.540811475
'2025-08-11 20:10:37.950,-0.03,0.04,-1.54,1.540811475
'2025-08-11 20:10:37.956,-0.03,0.04,-1.54,1.540811475
'2025-08-11 20:10:37.962,-0.03,0.05,-1.54,1.541103501
'2025-08-11 20:10:37.968,-0.03,0.05,-1.54,1.541103501
'2025-08-11 20:10:37.975,-0.03,0.05,-1.54,1.541103501
'2025-08-11 20:10:37.981,-0.04,0.05,-1.54,1.541330594
'2025-08-11 20:10:37.987,-0.04,0.05,-1.54,1.541330594
'2025-08-11 20:10:37.993,-0.04,0.05,-1.54,1.541330594
'2025-08-11 20:10:38.001,-0.04,0.05,-1.54,1.541330594
'2025-08-11 20:10:38.007,-0.04,0.05,-1.53,1.531339283
'2025-08-11 20:10:38.014,-0.04,0.05,-1.53,1.531339283
'2025-08-11 20:10:38.020,-0.04,0.05,-1.53,1.531339283
'2025-08-11 20:10:38.026,-0.04,0.05,-1.53,1.531339283
'2025-08-11 20:10:38.032,-0.04,0.05,-1.52,1.521348086
'2025-08-11 20:10:38.039,-0.04,0.05,-1.52,1.521348086
'2025-08-11 20:10:38.045,-0.04,0.05,-1.52,1.521348086
'2025-08-11 20:10:38.052,-0.04,0.05,-1.52,1.521348086
'2025-08-11 20:10:38.059,-0.04,0.05,-1.52,1.521348086
'2025-08-11 20:10:38.065,-0.04,0.05,-1.51,1.511357006
'2025-08-11 20:10:38.072,-0.04,0.05,-1.51,1.511357006
'2025-08-11 20:10:38.079,-0.04,0.05,-1.51,1.511357006
'2025-08-11 20:10:38.085,-0.04,0.05,-1.51,1.511357006
'2025-08-11 20:10:38.092,-0.04,0.05,-1.51,1.511357006
'2025-08-11 20:10:38.099,-0.04,0.06,-1.51,1.511720874
'2025-08-11 20:10:38.105,-0.04,0.06,-1.51,1.511720874
'2025-08-11 20:10:38.112,-0.04,0.06,-1.51,1.511720874
'2025-08-11 20:10:38.118,-0.04,0.06,-1.51,1.511720874
'2025-08-11 20:10:38.124,-0.04,0.06,-1.51,1.511720874
'2025-08-11 20:10:38.131,-0.04,0.06,-1.51,1.511720874
'2025-08-11 20:10:38.137,-0.04,0.06,-1.51,1.511720874
'2025-08-11 20:10:38.144,-0.04,0.06,-1.51,1.511720874
'2025-08-11 20:10:38.151,-0.04,0.06,-1.51,1.511720874
'2025-08-11 20:10:38.157,-0.04,0.06,-1.51,1.511720874
'2025-08-11 20:10:38.164,-0.04,0.07,-1.51,1.512150786
'2025-08-11 20:10:38.170,-0.04,0.07,-1.51,1.512150786
'2025-08-11 20:10:38.176,-0.04,0.07,-1.51,1.512150786
'2025-08-11 20:10:38.183,-0.04,0.07,-1.51,1.512150786
'2025-08-11 20:10:38.189,-0.04,0.07,-1.51,1.512150786
'2025-08-11 20:10:38.195,-0.04,0.07,-1.51,1.512150786
'2025-08-11 20:10:38.202,-0.04,0.07,-1.51,1.512150786
'2025-08-11 20:10:38.208,-0.04,0.07,-1.51,1.512150786
'2025-08-11 20:10:38.214,-0.04,0.07,-1.5,1.502165104
'2025-08-11 20:10:38.221,-0.04,0.07,-1.5,1.502165104
'2025-08-11 20:10:38.227,-0.04,0.07,-1.5,1.502165104
'2025-08-11 20:10:38.234,-0.04,0.07,-1.5,1.502165104
'2025-08-11 20:10:38.240,-0.04,0.07,-1.5,1.502165104
'2025-08-11 20:10:38.246,-0.04,0.07,-1.5,1.502165104
'2025-08-11 20:10:38.253,-0.04,0.07,-1.5,1.502165104
'2025-08-11 20:10:38.259,-0.04,0.07,-1.5,1.502165104
'2025-08-11 20:10:38.266,-0.04,0.07,-1.5,1.502165104
'2025-08-11 20:10:38.272,-0.04,0.07,-1.5,1.502165104
'2025-08-11 20:10:38.278,-0.04,0.07,-1.5,1.502165104
'2025-08-11 20:10:38.285,-0.04,0.07,-1.5,1.502165104
'2025-08-11 20:10:38.291,-0.04,0.07,-1.5,1.502165104
'2025-08-11 20:10:38.298,-0.04,0.07,-1.5,1.502165104
'2025-08-11 20:10:38.304,-0.04,0.07,-1.5,1.502165104
'2025-08-11 20:10:38.310,-0.03,0.07,-1.5,1.501932089
'2025-08-11 20:10:38.316,-0.03,0.08,-1.5,1.502431363
'2025-08-11 20:10:38.322,-0.03,0.08,-1.5,1.502431363
'2025-08-11 20:10:38.329,-0.03,0.08,-1.5,1.502431363
'2025-08-11 20:10:38.335,-0.03,0.08,-1.5,1.502431363
'2025-08-11 20:10:38.342,-0.03,0.08,-1.5,1.502431363
'2025-08-11 20:10:38.349,-0.02,0.08,-1.49,1.492280135
'2025-08-11 20:10:38.356,-0.02,0.08,-1.49,1.492280135
'2025-08-11 20:10:38.362,-0.02,0.08,-1.49,1.492280135
'2025-08-11 20:10:38.369,-0.02,0.08,-1.49,1.492280135
'2025-08-11 20:10:38.375,-0.02,0.08,-1.49,1.492280135
'2025-08-11 20:10:38.382,-0.02,0.08,-1.5,1.502264957
'2025-08-11 20:10:38.389,-0.02,0.08,-1.5,1.502264957
'2025-08-11 20:10:38.395,-0.01,0.08,-1.5,1.502165104
'2025-08-11 20:10:38.402,-0.01,0.08,-1.5,1.502165104
'2025-08-11 20:10:38.409,-0.01,0.08,-1.5,1.502165104
'2025-08-11 20:10:38.415,-0.01,0.08,-1.5,1.502165104
'2025-08-11 20:10:38.422,-0.01,0.08,-1.5,1.502165104
'2025-08-11 20:10:38.428,-0.01,0.08,-1.5,1.502165104
'2025-08-11 20:10:38.435,0,0.08,-1.5,1.502131818
'2025-08-11 20:10:38.442,0,0.08,-1.49,1.492146105
'2025-08-11 20:10:38.448,0,0.08,-1.49,1.492146105
'2025-08-11 20:10:38.455,0,0.09,-1.49,1.492715646
'2025-08-11 20:10:38.461,0.01,0.09,-1.49,1.492749142
'2025-08-11 20:10:38.469,0.01,0.09,-1.5,1.502730847
'2025-08-11 20:10:38.475,0.01,0.09,-1.5,1.502730847
'2025-08-11 20:10:38.484,0.02,0.09,-1.5,1.502830662
'2025-08-11 20:10:38.491,0.02,0.1,-1.5,1.50346267
'2025-08-11 20:10:38.498,0.03,0.1,-1.49,1.49365324
'2025-08-11 20:10:38.505,0.03,0.1,-1.49,1.49365324
'2025-08-11 20:10:38.512,0.03,0.1,-1.49,1.49365324
'2025-08-11 20:10:38.519,0.04,0.1,-1.49,1.493887546
'2025-08-11 20:10:38.525,0.04,0.1,-1.48,1.483913744
'2025-08-11 20:10:38.532,0.04,0.1,-1.48,1.483913744
'2025-08-11 20:10:38.537,0.05,0.1,-1.48,1.484216965
'2025-08-11 20:10:38.547,0.05,0.1,-1.49,1.494188743
'2025-08-11 20:10:38.553,0.05,0.1,-1.49,1.494188743
'2025-08-11 20:10:38.559,0.05,0.1,-1.49,1.494188743
'2025-08-11 20:10:38.566,0.06,0.1,-1.49,1.49455679
'2025-08-11 20:10:38.572,0.06,0.1,-1.49,1.49455679
'2025-08-11 20:10:38.579,0.06,0.1,-1.49,1.49455679
'2025-08-11 20:10:38.585,0.06,0.11,-1.5,1.505224236
'2025-08-11 20:10:38.591,0.07,0.11,-1.5,1.505656003
'2025-08-11 20:10:38.598,0.07,0.11,-1.5,1.505656003
'2025-08-11 20:10:38.605,0.07,0.11,-1.49,1.495693819
'2025-08-11 20:10:38.611,0.08,0.11,-1.49,1.496195174
'2025-08-11 20:10:38.618,0.08,0.11,-1.49,1.496195174
'2025-08-11 20:10:38.624,0.08,0.11,-1.49,1.496195174
'2025-08-11 20:10:38.630,0.09,0.12,-1.49,1.497531302
'2025-08-11 20:10:38.637,0.09,0.12,-1.49,1.497531302
'2025-08-11 20:10:38.644,0.1,0.12,-1.49,1.498165545
'2025-08-11 20:10:38.650,0.1,0.12,-1.49,1.498165545
'2025-08-11 20:10:38.656,0.1,0.12,-1.49,1.498165545
'2025-08-11 20:10:38.663,0.11,0.12,-1.49,1.498866238
'2025-08-11 20:10:38.671,0.11,0.12,-1.48,1.488925787
'2025-08-11 20:10:38.677,0.12,0.12,-1.49,1.499633289
'2025-08-11 20:10:38.683,0.12,0.12,-1.49,1.499633289
'2025-08-11 20:10:38.689,0.12,0.12,-1.49,1.499633289
'2025-08-11 20:10:38.696,0.12,0.12,-1.49,1.499633289
'2025-08-11 20:10:38.702,0.13,0.12,-1.49,1.500466594
'2025-08-11 20:10:38.709,0.13,0.12,-1.49,1.500466594
'2025-08-11 20:10:38.715,0.13,0.12,-1.49,1.500466594
'2025-08-11 20:10:38.722,0.13,0.12,-1.49,1.500466594
'2025-08-11 20:10:38.728,0.13,0.12,-1.49,1.500466594
'2025-08-11 20:10:38.735,0.14,0.12,-1.49,1.501366045
'2025-08-11 20:10:38.742,0.14,0.12,-1.49,1.501366045
'2025-08-11 20:10:38.748,0.14,0.12,-1.49,1.501366045
'2025-08-11 20:10:38.754,0.14,0.12,-1.49,1.501366045
'2025-08-11 20:10:38.761,0.14,0.12,-1.49,1.501366045
'2025-08-11 20:10:38.768,0.14,0.12,-1.49,1.501366045
'2025-08-11 20:10:38.774,0.15,0.12,-1.49,1.502331521
'2025-08-11 20:10:38.781,0.15,0.12,-1.49,1.502331521
'2025-08-11 20:10:38.787,0.15,0.12,-1.49,1.502331521
'2025-08-11 20:10:38.793,0.15,0.12,-1.49,1.502331521
'2025-08-11 20:10:38.800,0.15,0.13,-1.48,1.493251486
'2025-08-11 20:10:38.806,0.15,0.13,-1.48,1.493251486
'2025-08-11 20:10:38.813,0.16,0.13,-1.48,1.494289129
'2025-08-11 20:10:38.819,0.16,0.13,-1.48,1.494289129
'2025-08-11 20:10:38.826,0.16,0.13,-1.48,1.494289129
'2025-08-11 20:10:38.832,0.16,0.13,-1.48,1.494289129
'2025-08-11 20:10:38.838,0.16,0.13,-1.48,1.494289129
'2025-08-11 20:10:38.844,0.16,0.12,-1.47,1.483543056
'2025-08-11 20:10:38.851,0.16,0.12,-1.47,1.483543056
'2025-08-11 20:10:38.857,0.16,0.12,-1.47,1.483543056
'2025-08-11 20:10:38.864,0.16,0.12,-1.47,1.483543056
'2025-08-11 20:10:38.870,0.16,0.12,-1.48,1.493452376
'2025-08-11 20:10:38.878,0.16,0.12,-1.48,1.493452376
'2025-08-11 20:10:38.884,0.16,0.12,-1.48,1.493452376
'2025-08-11 20:10:38.891,0.16,0.11,-1.47,1.482767682
'2025-08-11 20:10:38.898,0.16,0.11,-1.47,1.482767682
'2025-08-11 20:10:38.905,0.16,0.11,-1.47,1.482767682
'2025-08-11 20:10:38.911,0.16,0.11,-1.47,1.482767682
'2025-08-11 20:10:38.917,0.16,0.11,-1.48,1.49268215
'2025-08-11 20:10:38.924,0.16,0.11,-1.48,1.49268215
'2025-08-11 20:10:38.930,0.16,0.11,-1.47,1.482767682
'2025-08-11 20:10:38.937,0.16,0.1,-1.47,1.482059378
'2025-08-11 20:10:38.943,0.16,0.1,-1.47,1.482059378
'2025-08-11 20:10:38.949,0.16,0.1,-1.47,1.482059378
'2025-08-11 20:10:38.955,0.16,0.1,-1.47,1.482059378
'2025-08-11 20:10:38.962,0.16,0.09,-1.47,1.481418239
'2025-08-11 20:10:38.968,0.16,0.09,-1.47,1.481418239
'2025-08-11 20:10:38.974,0.16,0.09,-1.47,1.481418239
'2025-08-11 20:10:38.980,0.16,0.08,-1.47,1.480844354
'2025-08-11 20:10:38.987,0.16,0.08,-1.47,1.480844354
'2025-08-11 20:10:38.993,0.16,0.08,-1.47,1.480844354
'2025-08-11 20:10:39.000,0.16,0.07,-1.47,1.480337799
'2025-08-11 20:10:39.006,0.16,0.07,-1.48,1.490268432
'2025-08-11 20:10:39.013,0.17,0.07,-1.49,1.501299437
'2025-08-11 20:10:39.019,0.17,0.07,-1.51,1.52115088
'2025-08-11 20:10:39.026,0.17,0.06,-1.52,1.530653455
'2025-08-11 20:10:39.032,0.17,0.06,-1.52,1.530653455
'2025-08-11 20:10:39.039,0.17,0.06,-1.52,1.530653455
'2025-08-11 20:10:39.045,0.17,0.06,-1.52,1.530653455
'2025-08-11 20:10:39.052,0.16,0.05,-1.52,1.529215485
'2025-08-11 20:10:39.058,0.16,0.05,-1.52,1.529215485
'2025-08-11 20:10:39.065,0.16,0.05,-1.52,1.529215485
'2025-08-11 20:10:39.072,0.16,0.05,-1.52,1.529215485
'2025-08-11 20:10:39.078,0.16,0.05,-1.52,1.529215485
'2025-08-11 20:10:39.086,0.16,0.05,-1.52,1.529215485
'2025-08-11 20:10:39.095,0.15,0.04,-1.52,1.527907065
'2025-08-11 20:10:39.105,0.15,0.04,-1.58,1.587608264
'2025-08-11 20:10:39.112,0.15,0.03,-1.64,1.647118696
'2025-08-11 20:10:39.119,0.15,0.03,-1.69,1.696908955
'2025-08-11 20:10:39.125,0.15,0.02,-1.75,1.756530672
'2025-08-11 20:10:39.132,0.15,0.01,-1.85,1.856098058
'2025-08-11 20:10:39.140,0.15,0.01,-1.88,1.88600106
'2025-08-11 20:10:39.148,0.15,0,-1.9,1.905911855
'2025-08-11 20:10:39.154,0.15,0,-1.9,1.905911855
'2025-08-11 20:10:39.160,0.15,-0.01,-1.92,1.925876424
'2025-08-11 20:10:39.167,0.14,-0.01,-1.95,1.955044757
'2025-08-11 20:10:39.173,0.14,-0.01,-1.96,1.965019084
'2025-08-11 20:10:39.181,0.14,-0.02,-1.97,1.975069619
'2025-08-11 20:10:39.189,0.13,-0.02,-1.97,1.974385981
'2025-08-11 20:10:39.195,0.13,-0.02,-1.97,1.974385981
'2025-08-11 20:10:39.201,0.12,-0.02,-1.96,1.963771881
'2025-08-11 20:10:39.208,0.12,-0.03,-1.96,1.963899183
'2025-08-11 20:10:39.214,0.12,-0.03,-1.96,1.963899183
'2025-08-11 20:10:39.221,0.11,-0.03,-1.96,1.963313526
'2025-08-11 20:10:39.227,0.11,-0.03,-1.96,1.963313526
'2025-08-11 20:10:39.233,0.11,-0.04,-1.97,1.973474094
'2025-08-11 20:10:39.240,0.1,-0.04,-1.97,1.972941966
'2025-08-11 20:10:39.246,0.1,-0.05,-1.97,1.973170038
'2025-08-11 20:10:39.253,0.09,-0.05,-1.97,1.972688521
'2025-08-11 20:10:39.259,0.09,-0.05,-1.97,1.972688521
'2025-08-11 20:10:39.265,0.08,-0.06,-1.97,1.972536438
'2025-08-11 20:10:39.272,0.08,-0.06,-1.98,1.982523644
'2025-08-11 20:10:39.278,0.07,-0.06,-1.98,1.982145302
'2025-08-11 20:10:39.284,0.07,-0.07,-1.97,1.972485741
'2025-08-11 20:10:39.292,0.06,-0.07,-1.97,1.97215618
'2025-08-11 20:10:39.298,0.06,-0.07,-1.96,1.962167169
'2025-08-11 20:10:39.305,0.06,-0.07,-1.96,1.962167169
'2025-08-11 20:10:39.311,0.05,-0.07,-1.96,1.961886847
'2025-08-11 20:10:39.318,0.05,-0.08,-1.97,1.97225759
'2025-08-11 20:10:39.324,0.05,-0.08,-1.97,1.97225759
'2025-08-11 20:10:39.330,0.04,-0.08,-1.96,1.962039755
'2025-08-11 20:10:39.337,0.04,-0.08,-1.96,1.962039755
'2025-08-11 20:10:39.343,0.04,-0.08,-1.96,1.962039755
'2025-08-11 20:10:39.350,0.04,-0.08,-1.96,1.962039755
'2025-08-11 20:10:39.357,0.03,-0.08,-1.96,1.961861361
'2025-08-11 20:10:39.363,0.03,-0.08,-1.96,1.961861361
'2025-08-11 20:10:39.370,0.03,-0.08,-1.96,1.961861361
'2025-08-11 20:10:39.375,0.03,-0.08,-1.96,1.961861361
'2025-08-11 20:10:39.382,0.03,-0.08,-1.96,1.961861361
'2025-08-11 20:10:39.388,0.03,-0.08,-1.96,1.961861361
'2025-08-11 20:10:39.395,0.03,-0.08,-1.96,1.961861361
'2025-08-11 20:10:39.401,0.02,-0.09,-1.96,1.962167169
'2025-08-11 20:10:39.407,0.02,-0.09,-1.96,1.962167169
'2025-08-11 20:10:39.414,0.02,-0.09,-1.96,1.962167169
'2025-08-11 20:10:39.420,0.02,-0.09,-1.96,1.962167169
'2025-08-11 20:10:39.427,0.02,-0.09,-1.96,1.962167169
'2025-08-11 20:10:39.433,0.02,-0.09,-1.96,1.962167169
'2025-08-11 20:10:39.441,0.02,-0.09,-1.96,1.962167169
'2025-08-11 20:10:39.448,0.02,-0.09,-1.97,1.97215618
'2025-08-11 20:10:39.454,0.02,-0.09,-1.97,1.97215618
'2025-08-11 20:10:39.460,0.01,-0.09,-1.97,1.97208012
'2025-08-11 20:10:39.467,0.01,-0.09,-1.97,1.97208012
'2025-08-11 20:10:39.473,0.01,-0.08,-1.97,1.971649056
'2025-08-11 20:10:39.480,0.01,-0.08,-1.97,1.971649056
'2025-08-11 20:10:39.486,0.02,-0.08,-1.97,1.971725133
'2025-08-11 20:10:39.493,0.02,-0.08,-1.97,1.971725133
'2025-08-11 20:10:39.501,0.02,-0.08,-1.97,1.971725133
'2025-08-11 20:10:39.507,0.02,-0.07,-1.97,1.971344719
'2025-08-11 20:10:39.513,0.02,-0.07,-1.96,1.961351575
'2025-08-11 20:10:39.520,0.02,-0.07,-1.96,1.961351575
'2025-08-11 20:10:39.527,0.02,-0.07,-1.96,1.961351575
'2025-08-11 20:10:39.533,0.02,-0.07,-1.95,1.951358501
'2025-08-11 20:10:39.540,0.02,-0.07,-1.95,1.951358501
'2025-08-11 20:10:39.547,0.02,-0.06,-1.94,1.941030654
'2025-08-11 20:10:39.553,0.02,-0.06,-1.93,1.931035991
'2025-08-11 20:10:39.560,0.02,-0.06,-1.93,1.931035991
'2025-08-11 20:10:39.566,0.02,-0.06,-1.93,1.931035991
'2025-08-11 20:10:39.573,0.02,-0.06,-1.94,1.941030654
'2025-08-11 20:10:39.579,0.02,-0.05,-1.95,1.950743448
'2025-08-11 20:10:39.586,0.03,-0.05,-1.95,1.9508716
'2025-08-11 20:10:39.592,0.03,-0.05,-1.96,1.960867155
'2025-08-11 20:10:39.598,0.03,-0.04,-1.96,1.960637651
'2025-08-11 20:10:39.605,0.03,-0.03,-1.96,1.96045913
'2025-08-11 20:10:39.611,0.04,-0.03,-1.96,1.960637651
'2025-08-11 20:10:39.619,0.04,-0.03,-1.96,1.960637651
'2025-08-11 20:10:39.627,0.05,-0.02,-1.96,1.960739656
'2025-08-11 20:10:39.636,0.05,-0.01,-1.97,1.970659788
'2025-08-11 20:10:39.643,0.06,0,-1.96,1.960918152
'2025-08-11 20:10:39.651,0.06,0,-1.96,1.960918152
'2025-08-11 20:10:39.659,0.06,0.01,-1.96,1.96094365
'2025-08-11 20:10:39.665,0.07,0.02,-1.95,1.951358501
'2025-08-11 20:10:39.672,0.07,0.02,-1.95,1.951358501
'2025-08-11 20:10:39.678,0.07,0.03,-1.95,1.951486613
'2025-08-11 20:10:39.686,0.08,0.04,-1.95,1.952050204
'2025-08-11 20:10:39.693,0.08,0.04,-1.94,1.942060761
'2025-08-11 20:10:39.700,0.08,0.05,-1.95,1.952280718
'2025-08-11 20:10:39.706,0.09,0.05,-1.95,1.952716057
'2025-08-11 20:10:39.713,0.09,0.05,-1.95,1.952716057
'2025-08-11 20:10:39.719,0.09,0.05,-1.95,1.952716057
'2025-08-11 20:10:39.726,0.09,0.06,-1.95,1.952997696
'2025-08-11 20:10:39.733,0.1,0.07,-1.95,1.953816777
'2025-08-11 20:10:39.739,0.1,0.08,-1.95,1.954200604
'2025-08-11 20:10:39.746,0.1,0.08,-1.95,1.954200604
'2025-08-11 20:10:39.752,0.11,0.09,-1.96,1.965146305
'2025-08-11 20:10:39.758,0.11,0.1,-1.96,1.96562967
'2025-08-11 20:10:39.765,0.12,0.1,-1.97,1.97618319
'2025-08-11 20:10:39.771,0.12,0.11,-1.97,1.976714446
'2025-08-11 20:10:39.778,0.12,0.11,-1.96,1.966748586
'2025-08-11 20:10:39.784,0.13,0.12,-1.96,1.967968496
'2025-08-11 20:10:39.791,0.13,0.13,-1.96,1.968603566
'2025-08-11 20:10:39.797,0.13,0.13,-1.95,1.958647493
'2025-08-11 20:10:39.804,0.14,0.14,-1.95,1.96002551
'2025-08-11 20:10:39.810,0.14,0.14,-1.95,1.96002551
'2025-08-11 20:10:39.817,0.14,0.15,-1.95,1.960765157
'2025-08-11 20:10:39.823,0.14,0.15,-1.95,1.960765157
'2025-08-11 20:10:39.830,0.14,0.15,-1.95,1.960765157
'2025-08-11 20:10:39.836,0.15,0.16,-1.95,1.962294575
'2025-08-11 20:10:39.843,0.15,0.16,-1.95,1.962294575
'2025-08-11 20:10:39.849,0.15,0.17,-1.95,1.963135248
'2025-08-11 20:10:39.856,0.15,0.17,-1.95,1.963135248
'2025-08-11 20:10:39.863,0.15,0.18,-1.95,1.964026476
'2025-08-11 20:10:39.869,0.15,0.18,-1.95,1.964026476
'2025-08-11 20:10:39.875,0.16,0.19,-1.95,1.965756852
'2025-08-11 20:10:39.881,0.16,0.19,-1.95,1.965756852
'2025-08-11 20:10:39.888,0.16,0.2,-1.95,1.966748586
'2025-08-11 20:10:39.894,0.17,0.21,-1.95,1.968628965
'2025-08-11 20:10:39.901,0.17,0.21,-1.95,1.968628965
'2025-08-11 20:10:39.907,0.17,0.21,-1.95,1.968628965
'2025-08-11 20:10:39.914,0.17,0.22,-1.94,1.95982142
'2025-08-11 20:10:39.920,0.18,0.22,-1.94,1.960714156
'2025-08-11 20:10:39.927,0.18,0.22,-1.94,1.960714156
'2025-08-11 20:10:39.933,0.18,0.23,-1.94,1.961861361
'2025-08-11 20:10:39.939,0.18,0.23,-1.94,1.961861361
'2025-08-11 20:10:39.946,0.18,0.23,-1.94,1.961861361
'2025-08-11 20:10:39.952,0.18,0.23,-1.93,1.95197336
'2025-08-11 20:10:39.959,0.19,0.23,-1.93,1.952920889
'2025-08-11 20:10:39.966,0.19,0.23,-1.93,1.952920889
'2025-08-11 20:10:39.972,0.19,0.23,-1.93,1.952920889
'2025-08-11 20:10:39.978,0.19,0.23,-1.94,1.962804117
'2025-08-11 20:10:39.985,0.19,0.23,-1.94,1.962804117
'2025-08-11 20:10:39.991,0.19,0.23,-1.95,1.972688521
'2025-08-11 20:10:39.998,0.19,0.23,-1.95,1.972688521
'2025-08-11 20:10:40.004,0.19,0.23,-1.95,1.972688521
'2025-08-11 20:10:40.010,0.19,0.23,-1.95,1.972688521
'2025-08-11 20:10:40.017,0.2,0.23,-1.95,1.973676772
'2025-08-11 20:10:40.024,0.2,0.23,-1.95,1.973676772
'2025-08-11 20:10:40.030,0.2,0.23,-1.95,1.973676772
'2025-08-11 20:10:40.036,0.2,0.23,-1.95,1.973676772
'2025-08-11 20:10:40.042,0.2,0.23,-1.95,1.973676772
'2025-08-11 20:10:40.049,0.2,0.22,-1.95,1.972536438
'2025-08-11 20:10:40.054,0.2,0.22,-1.95,1.972536438
'2025-08-11 20:10:40.061,0.2,0.22,-1.95,1.972536438
'2025-08-11 20:10:40.067,0.2,0.22,-1.95,1.972536438
'2025-08-11 20:10:40.074,0.2,0.22,-1.94,1.962651268
'2025-08-11 20:10:40.080,0.2,0.21,-1.94,1.961555505
'2025-08-11 20:10:40.087,0.2,0.21,-1.94,1.961555505
'2025-08-11 20:10:40.093,0.2,0.21,-1.94,1.961555505
'2025-08-11 20:10:40.100,0.2,0.2,-1.94,1.960510138
'2025-08-11 20:10:40.107,0.2,0.2,-1.96,1.980303007
'2025-08-11 20:10:40.113,0.2,0.2,-1.97,1.990200995
'2025-08-11 20:10:40.120,0.2,0.19,-1.98,1.999124809
'2025-08-11 20:10:40.126,0.2,0.18,-1.98,1.998199189
'2025-08-11 20:10:40.133,0.2,0.18,-1.98,1.998199189
'2025-08-11 20:10:40.139,0.2,0.17,-1.98,1.997323209
'2025-08-11 20:10:40.146,0.2,0.17,-1.98,1.997323209
'2025-08-11 20:10:40.153,0.2,0.16,-1.98,1.996496932
'2025-08-11 20:10:40.159,0.19,0.15,-1.98,1.994743091
'2025-08-11 20:10:40.166,0.19,0.15,-1.98,1.994743091
'2025-08-11 20:10:40.172,0.18,0.14,-1.98,1.993088056
'2025-08-11 20:10:40.178,0.18,0.13,-1.98,1.9924106
'2025-08-11 20:10:40.185,0.17,0.13,-1.98,1.991532074
'2025-08-11 20:10:40.191,0.17,0.12,-1.98,1.990904317
'2025-08-11 20:10:40.198,0.16,0.12,-1.98,1.990075375
'2025-08-11 20:10:40.204,0.15,0.1,-1.98,1.988190132
'2025-08-11 20:10:40.211,0.15,0.1,-1.99,1.998149144
'2025-08-11 20:10:40.219,0.14,0.09,-1.99,1.996947671
'2025-08-11 20:10:40.226,0.13,0.08,-1.98,1.985875122
'2025-08-11 20:10:40.233,0.13,0.07,-1.98,1.985497419
'2025-08-11 20:10:40.239,0.12,0.06,-1.99,1.994517486
'2025-08-11 20:10:40.246,0.12,0.05,-1.99,1.994241711
'2025-08-11 20:10:40.252,0.11,0.05,-1.99,1.993664967
'2025-08-11 20:10:40.259,0.11,0.04,-1.99,1.993439239
'2025-08-11 20:10:40.265,0.1,0.03,-1.99,1.992736812
'2025-08-11 20:10:40.272,0.1,0.03,-1.99,1.992736812
'2025-08-11 20:10:40.278,0.09,0.02,-1.99,1.992134534
'2025-08-11 20:10:40.284,0.09,0,-1.99,1.992034136
'2025-08-11 20:10:40.291,0.08,0,-2,2.001599361
'2025-08-11 20:10:40.297,0.08,-0.01,-2,2.00162434
'2025-08-11 20:10:40.303,0.07,-0.01,-2,2.00124961
'2025-08-11 20:10:40.310,0.06,-0.02,-1.99,1.991004771
'2025-08-11 20:10:40.317,0.06,-0.03,-1.99,1.991130332
'2025-08-11 20:10:40.323,0.05,-0.04,-1.99,1.991029884
'2025-08-11 20:10:40.329,0.04,-0.04,-1.99,1.990803858
'2025-08-11 20:10:40.335,0.03,-0.05,-1.99,1.990854088
'2025-08-11 20:10:40.342,0.03,-0.06,-2,2.001124684
'2025-08-11 20:10:40.348,0.02,-0.06,-2,2.00099975
'2025-08-11 20:10:40.355,0.01,-0.07,-2,2.00124961
'2025-08-11 20:10:40.361,0.01,-0.08,-1.99,1.991632496
'2025-08-11 20:10:40.367,0,-0.08,-1.99,1.991607391
'2025-08-11 20:10:40.375,0,-0.09,-1.99,1.992034136
'2025-08-11 20:10:40.381,-0.01,-0.09,-1.99,1.992059236
'2025-08-11 20:10:40.387,-0.01,-0.1,-1.99,1.992536072
'2025-08-11 20:10:40.394,-0.02,-0.11,-1.99,1.993138229
'2025-08-11 20:10:40.400,-0.02,-0.11,-1.99,1.993138229
'2025-08-11 20:10:40.407,-0.03,-0.12,-1.99,1.993840515
'2025-08-11 20:10:40.413,-0.03,-0.13,-1.98,1.984489859
'2025-08-11 20:10:40.420,-0.03,-0.13,-1.98,1.984489859
'2025-08-11 20:10:40.426,-0.04,-0.14,-1.98,1.985346317
'2025-08-11 20:10:40.432,-0.04,-0.14,-1.97,1.975373382
'2025-08-11 20:10:40.439,-0.05,-0.15,-1.97,1.976334992
'2025-08-11 20:10:40.445,-0.05,-0.15,-1.96,1.966367209
'2025-08-11 20:10:40.452,-0.06,-0.15,-1.96,1.966646893
'2025-08-11 20:10:40.459,-0.06,-0.15,-1.97,1.976613265
'2025-08-11 20:10:40.466,-0.06,-0.16,-1.97,1.977397279
'2025-08-11 20:10:40.471,-0.06,-0.16,-1.98,1.987360058
'2025-08-11 20:10:40.478,-0.07,-0.16,-1.98,1.987687098
'2025-08-11 20:10:40.489,-0.08,-0.17,-1.98,1.988894165
'2025-08-11 20:10:40.499,-0.08,-0.17,-1.98,1.988894165
'2025-08-11 20:10:40.506,-0.09,-0.17,-1.98,1.989321492
'2025-08-11 20:10:40.514,-0.09,-0.18,-1.98,1.990200995
'2025-08-11 20:10:40.521,-0.1,-0.18,-1.98,1.990678276
'2025-08-11 20:10:40.531,-0.1,-0.18,-1.97,1.980732188
'2025-08-11 20:10:40.537,-0.1,-0.18,-1.96,1.970786645
'2025-08-11 20:10:40.544,-0.1,-0.18,-1.96,1.970786645
'2025-08-11 20:10:40.550,-0.1,-0.18,-1.96,1.970786645
'2025-08-11 20:10:40.557,-0.1,-0.18,-1.96,1.970786645
'2025-08-11 20:10:40.563,-0.1,-0.18,-1.96,1.970786645
'2025-08-11 20:10:40.569,-0.1,-0.18,-1.96,1.970786645
'2025-08-11 20:10:40.575,-0.11,-0.18,-1.96,1.971319355
'2025-08-11 20:10:40.582,-0.11,-0.18,-1.96,1.971319355
'2025-08-11 20:10:40.591,-0.11,-0.18,-1.96,1.971319355
'2025-08-11 20:10:40.597,-0.11,-0.17,-1.96,1.970431425
'2025-08-11 20:10:40.603,-0.11,-0.17,-1.96,1.970431425
'2025-08-11 20:10:40.610,-0.11,-0.17,-1.96,1.970431425
'2025-08-11 20:10:40.620,-0.11,-0.17,-1.96,1.970431425
'2025-08-11 20:10:40.627,-0.12,-0.17,-1.96,1.971014967
'2025-08-11 20:10:40.633,-0.12,-0.17,-1.97,1.980959364
'2025-08-11 20:10:40.640,-0.12,-0.16,-1.97,1.980126259
'2025-08-11 20:10:40.647,-0.12,-0.16,-1.97,1.980126259
'2025-08-11 20:10:40.653,-0.12,-0.16,-1.97,1.980126259
'2025-08-11 20:10:40.659,-0.12,-0.16,-1.97,1.980126259
'2025-08-11 20:10:40.666,-0.12,-0.15,-1.97,1.979343325
'2025-08-11 20:10:40.672,-0.11,-0.15,-1.97,1.978762239
'2025-08-11 20:10:40.682,-0.11,-0.15,-1.97,1.978762239
'2025-08-11 20:10:40.688,-0.11,-0.14,-1.97,1.978029322
'2025-08-11 20:10:40.695,-0.11,-0.14,-1.97,1.978029322
'2025-08-11 20:10:40.701,-0.1,-0.13,-1.97,1.976815621
'2025-08-11 20:10:40.708,-0.1,-0.13,-1.97,1.976815621
'2025-08-11 20:10:40.714,-0.1,-0.13,-1.97,1.976815621
'2025-08-11 20:10:40.721,-0.1,-0.12,-1.97,1.97618319
'2025-08-11 20:10:40.727,-0.1,-0.12,-1.97,1.97618319
'2025-08-11 20:10:40.733,-0.1,-0.12,-1.97,1.97618319
'2025-08-11 20:10:40.740,-0.09,-0.12,-1.97,1.975702407
'2025-08-11 20:10:40.746,-0.09,-0.11,-1.96,1.965146305
'2025-08-11 20:10:40.753,-0.09,-0.11,-1.96,1.965146305
'2025-08-11 20:10:40.759,-0.09,-0.1,-1.95,1.954635516
'2025-08-11 20:10:40.766,-0.09,-0.1,-1.95,1.954635516
'2025-08-11 20:10:40.772,-0.09,-0.1,-1.95,1.954635516
'2025-08-11 20:10:40.778,-0.09,-0.09,-1.95,1.954149431
'2025-08-11 20:10:40.784,-0.08,-0.09,-1.95,1.953714411
'2025-08-11 20:10:40.792,-0.08,-0.09,-1.95,1.953714411
'2025-08-11 20:10:40.798,-0.08,-0.08,-1.95,1.953279294
'2025-08-11 20:10:40.805,-0.08,-0.08,-1.95,1.953279294
'2025-08-11 20:10:40.811,-0.07,-0.07,-1.95,1.952511204
'2025-08-11 20:10:40.818,-0.07,-0.07,-1.95,1.952511204
'2025-08-11 20:10:40.824,-0.06,-0.06,-1.95,1.951845281
'2025-08-11 20:10:40.830,-0.06,-0.06,-1.95,1.951845281
'2025-08-11 20:10:40.837,-0.06,-0.06,-1.95,1.951845281
'2025-08-11 20:10:40.843,-0.05,-0.05,-1.95,1.95128163
'2025-08-11 20:10:40.850,-0.05,-0.05,-1.95,1.95128163
'2025-08-11 20:10:40.856,-0.05,-0.05,-1.95,1.95128163
'2025-08-11 20:10:40.863,-0.04,-0.04,-1.96,1.960816157
'2025-08-11 20:10:40.870,-0.03,-0.04,-1.96,1.960637651
'2025-08-11 20:10:40.877,-0.03,-0.03,-1.96,1.96045913
'2025-08-11 20:10:40.883,-0.02,-0.03,-1.96,1.960331605
'2025-08-11 20:10:40.890,-0.02,-0.03,-1.96,1.960331605
'2025-08-11 20:10:40.898,-0.01,-0.02,-1.96,1.960127547
'2025-08-11 20:10:40.904,-0.01,-0.02,-1.96,1.960127547
'2025-08-11 20:10:40.911,-0.01,-0.01,-1.96,1.96005102
'2025-08-11 20:10:40.918,-0.01,-0.01,-1.97,1.970050761
'2025-08-11 20:10:40.924,0,-0.01,-1.97,1.970025381
'2025-08-11 20:10:40.931,0,0,-1.97,1.97
'2025-08-11 20:10:40.937,0.01,0,-1.97,1.970025381
'2025-08-11 20:10:40.944,0.01,0,-1.97,1.970025381
'2025-08-11 20:10:40.951,0.02,0.01,-1.97,1.970126899
'2025-08-11 20:10:40.957,0.02,0.01,-1.97,1.970126899
'2025-08-11 20:10:40.964,0.02,0.01,-1.97,1.970126899
'2025-08-11 20:10:40.970,0.03,0.02,-1.97,1.970329922
'2025-08-11 20:10:40.976,0.03,0.02,-1.97,1.970329922
'2025-08-11 20:10:40.983,0.04,0.02,-1.97,1.970507549
'2025-08-11 20:10:40.990,0.04,0.03,-1.97,1.970634416
'2025-08-11 20:10:40.997,0.05,0.03,-1.97,1.970862755
'2025-08-11 20:10:41.004,0.06,0.03,-1.97,1.971141801
'2025-08-11 20:10:41.009,0.06,0.04,-1.97,1.971319355
'2025-08-11 20:10:41.015,0.07,0.04,-1.96,1.961657462
'2025-08-11 20:10:41.022,0.07,0.04,-1.95,1.951665955
'2025-08-11 20:10:41.028,0.08,0.04,-1.95,1.952050204
'2025-08-11 20:10:41.035,0.09,0.05,-1.94,1.942730038
'2025-08-11 20:10:41.042,0.1,0.05,-1.94,1.943218979
'2025-08-11 20:10:41.048,0.1,0.05,-1.94,1.943218979
'2025-08-11 20:10:41.055,0.11,0.05,-1.94,1.943759244
'2025-08-11 20:10:41.061,0.11,0.05,-1.94,1.943759244
'2025-08-11 20:10:41.068,0.12,0.05,-1.95,1.954328529
'2025-08-11 20:10:41.074,0.12,0.06,-1.95,1.954609936
'2025-08-11 20:10:41.080,0.13,0.06,-1.97,1.975196193
'2025-08-11 20:10:41.087,0.14,0.06,-1.99,1.995820633
'2025-08-11 20:10:41.094,0.15,0.07,-2.13,2.136422243
'2025-08-11 20:10:41.100,0.15,0.07,-2.18,2.186275371
'2025-08-11 20:10:41.107,0.16,0.07,-2.24,2.246797721
'2025-08-11 20:10:41.113,0.17,0.07,-2.27,2.277432765
'2025-08-11 20:10:41.120,0.17,0.07,-2.31,2.317304469
'2025-08-11 20:10:41.126,0.18,0.08,-2.33,2.338311357
'2025-08-11 20:10:41.133,0.19,0.08,-2.36,2.368987125
'2025-08-11 20:10:41.139,0.2,0.08,-2.38,2.389728018
'2025-08-11 20:10:41.146,0.21,0.08,-2.41,2.420454503
'2025-08-11 20:10:41.152,0.21,0.08,-2.41,2.420454503
'2025-08-11 20:10:41.159,0.22,0.08,-2.41,2.421342603
'2025-08-11 20:10:41.166,0.23,0.08,-2.41,2.422271661
'2025-08-11 20:10:41.172,0.23,0.08,-2.41,2.422271661
'2025-08-11 20:10:41.178,0.24,0.08,-2.41,2.423241631
'2025-08-11 20:10:41.184,0.25,0.08,-2.41,2.424252462
'2025-08-11 20:10:41.191,0.25,0.08,-2.41,2.424252462
'2025-08-11 20:10:41.199,0.25,0.08,-2.42,2.434193912
'2025-08-11 20:10:41.206,0.25,0.08,-2.42,2.434193912
'2025-08-11 20:10:41.212,0.26,0.08,-2.42,2.435241261
'2025-08-11 20:10:41.219,0.26,0.08,-2.42,2.435241261
'2025-08-11 20:10:41.225,0.26,0.08,-2.42,2.435241261
'2025-08-11 20:10:41.232,0.26,0.08,-2.43,2.44517893
'2025-08-11 20:10:41.240,0.26,0.08,-2.43,2.44517893
'2025-08-11 20:10:41.247,0.25,0.08,-2.43,2.444135839
'2025-08-11 20:10:41.253,0.25,0.08,-2.43,2.444135839
'2025-08-11 20:10:41.260,0.25,0.08,-2.43,2.444135839
'2025-08-11 20:10:41.266,0.25,0.08,-2.43,2.444135839
'2025-08-11 20:10:41.272,0.25,0.08,-2.43,2.444135839
'2025-08-11 20:10:41.279,0.25,0.08,-2.44,2.454078238
'2025-08-11 20:10:41.286,0.25,0.08,-2.44,2.454078238
'2025-08-11 20:10:41.292,0.25,0.08,-2.44,2.454078238
'2025-08-11 20:10:41.298,0.25,0.08,-2.43,2.444135839
'2025-08-11 20:10:41.305,0.25,0.08,-2.42,2.434193912
'2025-08-11 20:10:41.311,0.25,0.08,-2.42,2.434193912
'2025-08-11 20:10:41.318,0.25,0.07,-2.42,2.433885782
'2025-08-11 20:10:41.325,0.25,0.07,-2.42,2.433885782
'2025-08-11 20:10:41.331,0.24,0.07,-2.42,2.432878953
'2025-08-11 20:10:41.337,0.24,0.06,-2.42,2.432611765
'2025-08-11 20:10:41.344,0.23,0.06,-2.42,2.431645533
'2025-08-11 20:10:41.351,0.22,0.06,-2.42,2.430720058
'2025-08-11 20:10:41.357,0.22,0.06,-2.42,2.430720058
'2025-08-11 20:10:41.364,0.21,0.06,-2.43,2.439795073
'2025-08-11 20:10:41.370,0.2,0.06,-2.44,2.448918128
'2025-08-11 20:10:41.377,0.19,0.05,-2.44,2.447897057
'2025-08-11 20:10:41.383,0.19,0.05,-2.44,2.447897057
'2025-08-11 20:10:41.389,0.18,0.05,-2.43,2.437170491
'2025-08-11 20:10:41.396,0.17,0.05,-2.43,2.436452339
'2025-08-11 20:10:41.405,0.17,0.05,-2.43,2.436452339
'2025-08-11 20:10:41.413,0.16,0.05,-2.43,2.435775031
'2025-08-11 20:10:41.422,0.16,0.05,-2.43,2.435775031
'2025-08-11 20:10:41.429,0.15,0.05,-2.43,2.4351386
'2025-08-11 20:10:41.436,0.14,0.05,-2.42,2.424561816
'2025-08-11 20:10:41.442,0.14,0.04,-2.42,2.424376208
'2025-08-11 20:10:41.449,0.13,0.04,-2.42,2.4238193
'2025-08-11 20:10:41.455,0.12,0.03,-2.42,2.423159095
'2025-08-11 20:10:41.462,0.12,0.03,-2.42,2.423159095
'2025-08-11 20:10:41.469,0.11,0.02,-2.41,2.412591967
'2025-08-11 20:10:41.475,0.1,0.02,-2.41,2.412156711
'2025-08-11 20:10:41.481,0.09,0.02,-2.41,2.411762841
'2025-08-11 20:10:41.487,0.08,0.01,-2.41,2.411348171
'2025-08-11 20:10:41.494,0.08,0.01,-2.42,2.421342603
'2025-08-11 20:10:41.501,0.07,0.01,-2.43,2.431028589
'2025-08-11 20:10:41.507,0.05,0.01,-2.43,2.430534921
'2025-08-11 20:10:41.515,0.05,0,-2.43,2.430514349
'2025-08-11 20:10:41.521,0.04,0,-2.43,2.430329196
'2025-08-11 20:10:41.528,0.03,0,-2.44,2.440184419
'2025-08-11 20:10:41.534,0.02,0,-2.44,2.440081966
'2025-08-11 20:10:41.541,0.02,-0.01,-2.45,2.450102039
'2025-08-11 20:10:41.547,0.01,-0.01,-2.46,2.46004065
'2025-08-11 20:10:41.553,0.01,-0.02,-2.46,2.460101624
'2025-08-11 20:10:41.560,0,-0.02,-2.46,2.460081299
'2025-08-11 20:10:41.566,-0.01,-0.03,-2.45,2.450204073
'2025-08-11 20:10:41.572,-0.01,-0.03,-2.45,2.450204073
'2025-08-11 20:10:41.578,-0.02,-0.03,-2.45,2.450265292
'2025-08-11 20:10:41.584,-0.02,-0.03,-2.45,2.450265292
'2025-08-11 20:10:41.591,-0.03,-0.04,-2.45,2.450510151
'2025-08-11 20:10:41.597,-0.04,-0.04,-2.44,2.44065565
'2025-08-11 20:10:41.604,-0.04,-0.04,-2.43,2.430658347
'2025-08-11 20:10:41.611,-0.06,-0.04,-2.43,2.431069723
'2025-08-11 20:10:41.618,-0.06,-0.05,-2.43,2.43125482
'2025-08-11 20:10:41.624,-0.06,-0.05,-2.43,2.43125482
'2025-08-11 20:10:41.630,-0.07,-0.05,-2.44,2.441515923
'2025-08-11 20:10:41.637,-0.09,-0.05,-2.44,2.442171165
'2025-08-11 20:10:41.643,-0.09,-0.06,-2.44,2.442396364
'2025-08-11 20:10:41.651,-0.1,-0.06,-2.44,2.442785296
'2025-08-11 20:10:41.658,-0.11,-0.07,-2.44,2.443481123
'2025-08-11 20:10:41.666,-0.12,-0.07,-2.44,2.443951718
'2025-08-11 20:10:41.672,-0.12,-0.07,-2.44,2.443951718
'2025-08-11 20:10:41.679,-0.13,-0.07,-2.44,2.444463131
'2025-08-11 20:10:41.686,-0.13,-0.08,-2.44,2.444769928
'2025-08-11 20:10:41.692,-0.14,-0.08,-2.44,2.445322065
'2025-08-11 20:10:41.699,-0.14,-0.08,-2.44,2.445322065
'2025-08-11 20:10:41.706,-0.15,-0.08,-2.43,2.435939244
'2025-08-11 20:10:41.712,-0.15,-0.08,-2.43,2.435939244
'2025-08-11 20:10:41.719,-0.16,-0.08,-2.42,2.426602563
'2025-08-11 20:10:41.725,-0.16,-0.08,-2.42,2.426602563
'2025-08-11 20:10:41.732,-0.17,-0.08,-2.4,2.407342934
'2025-08-11 20:10:41.738,-0.17,-0.08,-2.39,2.397373563
'2025-08-11 20:10:41.745,-0.19,-0.08,-2.39,2.398874736
'2025-08-11 20:10:41.751,-0.19,-0.08,-2.4,2.408837894
'2025-08-11 20:10:41.758,-0.2,-0.08,-2.4,2.409647277
'2025-08-11 20:10:41.765,-0.2,-0.08,-2.4,2.409647277
'2025-08-11 20:10:41.771,-0.22,-0.08,-2.4,2.411389641
'2025-08-11 20:10:41.777,-0.22,-0.08,-2.4,2.411389641
'2025-08-11 20:10:41.784,-0.22,-0.08,-2.4,2.411389641
'2025-08-11 20:10:41.790,-0.23,-0.08,-2.4,2.412322532
'2025-08-11 20:10:41.796,-0.23,-0.08,-2.4,2.412322532
'2025-08-11 20:10:41.803,-0.23,-0.08,-2.4,2.412322532
'2025-08-11 20:10:41.809,-0.23,-0.09,-2.4,2.412674864
'2025-08-11 20:10:41.816,-0.23,-0.09,-2.39,2.402727617
'2025-08-11 20:10:41.822,-0.23,-0.09,-2.38,2.392780809
'2025-08-11 20:10:41.828,-0.23,-0.09,-2.38,2.392780809
'2025-08-11 20:10:41.835,-0.23,-0.09,-2.38,2.392780809
'2025-08-11 20:10:41.842,-0.23,-0.09,-2.37,2.382834447
'2025-08-11 20:10:41.848,-0.23,-0.09,-2.37,2.382834447
'2025-08-11 20:10:41.855,-0.22,-0.09,-2.37,2.381890006
'2025-08-11 20:10:41.861,-0.22,-0.09,-2.36,2.371940134
'2025-08-11 20:10:41.868,-0.22,-0.09,-2.36,2.371940134
'2025-08-11 20:10:41.875,-0.22,-0.09,-2.36,2.371940134
'2025-08-11 20:10:41.881,-0.22,-0.09,-2.36,2.371940134
'2025-08-11 20:10:41.887,-0.22,-0.09,-2.36,2.371940134
'2025-08-11 20:10:41.894,-0.22,-0.09,-2.37,2.381890006
'2025-08-11 20:10:41.902,-0.22,-0.09,-2.37,2.381890006
'2025-08-11 20:10:41.908,-0.22,-0.09,-2.37,2.381890006
'2025-08-11 20:10:41.915,-0.21,-0.09,-2.37,2.38098719
'2025-08-11 20:10:41.921,-0.21,-0.09,-2.37,2.38098719
'2025-08-11 20:10:41.928,-0.2,-0.09,-2.37,2.380126047
'2025-08-11 20:10:41.935,-0.19,-0.1,-2.37,2.379705864
'2025-08-11 20:10:41.942,-0.19,-0.1,-2.37,2.379705864
'2025-08-11 20:10:41.948,-0.18,-0.1,-2.37,2.37892833
'2025-08-11 20:10:41.954,-0.17,-0.1,-2.38,2.388158286
'2025-08-11 20:10:41.960,-0.16,-0.1,-2.38,2.387467277
'2025-08-11 20:10:41.967,-0.15,-0.1,-2.38,2.386817965
'2025-08-11 20:10:41.973,-0.14,-0.1,-2.38,2.386210385
'2025-08-11 20:10:41.980,-0.13,-0.1,-2.37,2.375668327
'2025-08-11 20:10:41.986,-0.12,-0.1,-2.37,2.375142101
'2025-08-11 20:10:41.993,-0.11,-0.1,-2.37,2.37465787
'2025-08-11 20:10:41.999,-0.1,-0.1,-2.37,2.37421566
'2025-08-11 20:10:42.005,-0.09,-0.1,-2.37,2.373815494
'2025-08-11 20:10:42.012,-0.08,-0.1,-2.37,2.373457394
'2025-08-11 20:10:42.019,-0.08,-0.1,-2.36,2.363472022
'2025-08-11 20:10:42.025,-0.07,-0.1,-2.36,2.363154671
'2025-08-11 20:10:42.031,-0.06,-0.1,-2.36,2.362879599
'2025-08-11 20:10:42.038,-0.06,-0.1,-2.37,2.372867464
'2025-08-11 20:10:42.044,-0.06,-0.1,-2.37,2.372867464
'2025-08-11 20:10:42.051,-0.05,-0.1,-2.38,2.382624603
'2025-08-11 20:10:42.058,-0.04,-0.1,-2.38,2.382435728
'2025-08-11 20:10:42.065,-0.03,-0.1,-2.38,2.382288815
'2025-08-11 20:10:42.072,-0.02,-0.1,-2.38,2.382183872
'2025-08-11 20:10:42.078,-0.01,-0.1,-2.38,2.382120904
'2025-08-11 20:10:42.089,0.02,-0.1,-2.38,2.382183872
'2025-08-11 20:10:42.097,0.03,-0.1,-2.39,2.392279248
'2025-08-11 20:10:42.106,0.04,-0.1,-2.39,2.392425547
'2025-08-11 20:10:42.113,0.05,-0.1,-2.38,2.382624603
'2025-08-11 20:10:42.119,0.07,-0.09,-2.38,2.382729527
'2025-08-11 20:10:42.125,0.08,-0.09,-2.38,2.383044272
'2025-08-11 20:10:42.132,0.09,-0.09,-2.37,2.373415261
'2025-08-11 20:10:42.139,0.1,-0.09,-2.37,2.373815494
'2025-08-11 20:10:42.145,0.11,-0.09,-2.37,2.374257779
'2025-08-11 20:10:42.151,0.12,-0.09,-2.36,2.364762144
'2025-08-11 20:10:42.158,0.13,-0.09,-2.36,2.36529068
'2025-08-11 20:10:42.164,0.13,-0.09,-2.36,2.36529068
'2025-08-11 20:10:42.170,0.14,-0.08,-2.37,2.375478899
'2025-08-11 20:10:42.177,0.15,-0.08,-2.37,2.376089224
'2025-08-11 20:10:42.184,0.15,-0.08,-2.38,2.386063704
'2025-08-11 20:10:42.190,0.16,-0.07,-2.38,2.386398961
'2025-08-11 20:10:42.197,0.17,-0.07,-2.37,2.377120106
'2025-08-11 20:10:42.203,0.17,-0.06,-2.37,2.376846651
'2025-08-11 20:10:42.210,0.18,-0.06,-2.36,2.367614834
'2025-08-11 20:10:42.216,0.18,-0.05,-2.36,2.367382521
'2025-08-11 20:10:42.222,0.2,-0.05,-2.36,2.368987125
'2025-08-11 20:10:42.230,0.21,-0.04,-2.36,2.369662423
'2025-08-11 20:10:42.236,0.21,-0.04,-2.36,2.369662423
'2025-08-11 20:10:42.242,0.22,-0.03,-2.36,2.370421903
'2025-08-11 20:10:42.249,0.23,-0.03,-2.36,2.371370912
'2025-08-11 20:10:42.255,0.24,-0.02,-2.36,2.37225631
'2025-08-11 20:10:42.261,0.25,-0.01,-2.36,2.373225653
'2025-08-11 20:10:42.268,0.25,-0.01,-2.35,2.363281617
'2025-08-11 20:10:42.276,0.26,0,-2.35,2.364339231
'2025-08-11 20:10:42.283,0.26,0.01,-2.34,2.354421373
'2025-08-11 20:10:42.289,0.27,0.01,-2.34,2.355546646
'2025-08-11 20:10:42.296,0.27,0.02,-2.34,2.355610324
'2025-08-11 20:10:42.302,0.27,0.02,-2.34,2.355610324
'2025-08-11 20:10:42.309,0.27,0.03,-2.34,2.355716452
'2025-08-11 20:10:42.315,0.27,0.04,-2.34,2.355865022
'2025-08-11 20:10:42.322,0.27,0.05,-2.34,2.356056026
'2025-08-11 20:10:42.328,0.27,0.05,-2.34,2.356056026
'2025-08-11 20:10:42.335,0.27,0.06,-2.34,2.356289456
'2025-08-11 20:10:42.341,0.27,0.06,-2.34,2.356289456
'2025-08-11 20:10:42.348,0.27,0.07,-2.34,2.356565297
'2025-08-11 20:10:42.354,0.27,0.08,-2.34,2.356883536
'2025-08-11 20:10:42.361,0.28,0.09,-2.34,2.358410482
'2025-08-11 20:10:42.367,0.28,0.1,-2.33,2.348893356
'2025-08-11 20:10:42.373,0.28,0.1,-2.33,2.348893356
'2025-08-11 20:10:42.380,0.28,0.11,-2.33,2.349340333
'2025-08-11 20:10:42.386,0.29,0.13,-2.33,2.351573941
'2025-08-11 20:10:42.392,0.29,0.13,-2.32,2.341666074
'2025-08-11 20:10:42.400,0.29,0.14,-2.32,2.342242515
'2025-08-11 20:10:42.406,0.29,0.15,-2.31,2.332959494
'2025-08-11 20:10:42.413,0.29,0.16,-2.31,2.333623791
'2025-08-11 20:10:42.419,0.29,0.17,-2.31,2.334330739
'2025-08-11 20:10:42.425,0.29,0.18,-2.31,2.335080298
'2025-08-11 20:10:42.432,0.28,0.18,-2.32,2.343757667
'2025-08-11 20:10:42.439,0.28,0.19,-2.32,2.344546865
'2025-08-11 20:10:42.445,0.28,0.2,-2.32,2.345378434
'2025-08-11 20:10:42.454,0.27,0.2,-2.32,2.344205622
'2025-08-11 20:10:42.461,0.26,0.21,-2.31,2.33405227
'2025-08-11 20:10:42.466,0.25,0.22,-2.31,2.333880888
'2025-08-11 20:10:42.473,0.25,0.22,-2.31,2.333880888
'2025-08-11 20:10:42.480,0.25,0.23,-2.31,2.334844749
'2025-08-11 20:10:42.486,0.24,0.23,-2.31,2.333795192
'2025-08-11 20:10:42.493,0.23,0.24,-2.31,2.333795192
'2025-08-11 20:10:42.500,0.23,0.25,-2.31,2.334844749
'2025-08-11 20:10:42.506,0.23,0.26,-2.31,2.335936643
'2025-08-11 20:10:42.513,0.23,0.26,-2.31,2.335936643
'2025-08-11 20:10:42.519,0.23,0.28,-2.31,2.338247207
'2025-08-11 20:10:42.526,0.22,0.28,-2.31,2.337284749
'2025-08-11 20:10:42.532,0.22,0.29,-2.31,2.338503795
'2025-08-11 20:10:42.539,0.22,0.29,-2.3,2.328626204
'2025-08-11 20:10:42.545,0.22,0.3,-2.29,2.320021552
'2025-08-11 20:10:42.552,0.22,0.31,-2.28,2.311471393
'2025-08-11 20:10:42.558,0.21,0.31,-2.28,2.310541062
'2025-08-11 20:10:42.564,0.21,0.32,-2.28,2.311903977
'2025-08-11 20:10:42.571,0.2,0.32,-2.28,2.311017092
'2025-08-11 20:10:42.577,0.2,0.32,-2.28,2.311017092
'2025-08-11 20:10:42.584,0.19,0.33,-2.28,2.311579547
'2025-08-11 20:10:42.590,0.18,0.33,-2.28,2.310779089
'2025-08-11 20:10:42.597,0.18,0.33,-2.28,2.310779089
'2025-08-11 20:10:42.603,0.17,0.33,-2.29,2.319892239
'2025-08-11 20:10:42.609,0.17,0.33,-2.29,2.319892239
'2025-08-11 20:10:42.616,0.16,0.33,-2.29,2.31918089
'2025-08-11 20:10:42.622,0.16,0.33,-2.29,2.31918089
'2025-08-11 20:10:42.629,0.16,0.33,-2.28,2.309307255
'2025-08-11 20:10:42.635,0.16,0.32,-2.28,2.307899478
'2025-08-11 20:10:42.641,0.16,0.32,-2.28,2.307899478
'2025-08-11 20:10:42.648,0.16,0.32,-2.28,2.307899478
'2025-08-11 20:10:42.654,0.16,0.32,-2.29,2.317779109
'2025-08-11 20:10:42.661,0.16,0.32,-2.29,2.317779109
'2025-08-11 20:10:42.668,0.17,0.32,-2.29,2.318490888
'2025-08-11 20:10:42.674,0.17,0.32,-2.29,2.318490888
'2025-08-11 20:10:42.681,0.17,0.32,-2.28,2.308614303
'2025-08-11 20:10:42.688,0.18,0.32,-2.27,2.299499946
'2025-08-11 20:10:42.694,0.19,0.32,-2.26,2.29043664
'2025-08-11 20:10:42.701,0.19,0.32,-2.25,2.280570104
'2025-08-11 20:10:42.707,0.19,0.31,-2.25,2.279188452
'2025-08-11 20:10:42.714,0.2,0.31,-2.25,2.280043859
'2025-08-11 20:10:42.720,0.2,0.31,-2.25,2.280043859
'2025-08-11 20:10:42.726,0.21,0.3,-2.26,2.289475923
'2025-08-11 20:10:42.733,0.21,0.3,-2.29,2.319094651
'2025-08-11 20:10:42.739,0.21,0.29,-2.31,2.337584223
'2025-08-11 20:10:42.746,0.21,0.28,-2.31,2.336364698
'2025-08-11 20:10:42.753,0.21,0.27,-2.32,2.345079956
'2025-08-11 20:10:42.759,0.21,0.26,-2.32,2.343949658
'2025-08-11 20:10:42.766,0.21,0.26,-2.32,2.343949658
'2025-08-11 20:10:42.773,0.22,0.25,-2.32,2.343779
'2025-08-11 20:10:42.778,0.22,0.24,-2.33,2.352636819
'2025-08-11 20:10:42.785,0.22,0.23,-2.33,2.351637727
'2025-08-11 20:10:42.792,0.22,0.23,-2.33,2.351637727
'2025-08-11 20:10:42.798,0.23,0.22,-2.33,2.351637727
'2025-08-11 20:10:42.804,0.23,0.21,-2.33,2.350723293
'2025-08-11 20:10:42.811,0.24,0.2,-2.33,2.35085091
'2025-08-11 20:10:42.818,0.24,0.2,-2.33,2.35085091
'2025-08-11 20:10:42.824,0.25,0.19,-2.33,2.351063589
'2025-08-11 20:10:42.831,0.25,0.18,-2.33,2.350276579
'2025-08-11 20:10:42.837,0.25,0.18,-2.34,2.36019067
'2025-08-11 20:10:42.844,0.26,0.17,-2.34,2.360529602
'2025-08-11 20:10:42.850,0.26,0.16,-2.35,2.369746822
'2025-08-11 20:10:42.857,0.26,0.15,-2.36,2.3790124
'2025-08-11 20:10:42.863,0.26,0.14,-2.37,2.388325773
'2025-08-11 20:10:42.870,0.26,0.14,-2.37,2.388325773
'2025-08-11 20:10:42.877,0.26,0.13,-2.37,2.387760457
'2025-08-11 20:10:42.883,0.26,0.12,-2.37,2.387236896
'2025-08-11 20:10:42.889,0.26,0.11,-2.37,2.386755119
'2025-08-11 20:10:42.896,0.26,0.1,-2.37,2.386315151
'2025-08-11 20:10:42.902,0.25,0.1,-2.38,2.395182665
'2025-08-11 20:10:42.909,0.25,0.09,-2.38,2.394786003
'2025-08-11 20:10:42.915,0.24,0.08,-2.37,2.383463866
'2025-08-11 20:10:42.921,0.24,0.07,-2.37,2.383149177
'2025-08-11 20:10:42.927,0.23,0.07,-2.37,2.382162883
'2025-08-11 20:10:42.933,0.22,0.06,-2.37,2.38094519
'2025-08-11 20:10:42.941,0.22,0.05,-2.37,2.380714179
'2025-08-11 20:10:42.947,0.22,0.05,-2.37,2.380714179
'2025-08-11 20:10:42.954,0.21,0.05,-2.38,2.389769863
'2025-08-11 20:10:42.960,0.21,0.04,-2.38,2.389581553
'2025-08-11 20:10:42.967,0.2,0.04,-2.39,2.398687141
'2025-08-11 20:10:42.973,0.2,0.03,-2.39,2.398541223
'2025-08-11 20:10:42.979,0.19,0.03,-2.39,2.397728091
'2025-08-11 20:10:42.986,0.19,0.02,-2.4,2.407592158
'2025-08-11 20:10:42.993,0.19,0.01,-2.4,2.407529854
'2025-08-11 20:10:42.999,0.18,0.01,-2.4,2.406761309
'2025-08-11 20:10:43.006,0.17,0,-2.39,2.396038397
'2025-08-11 20:10:43.012,0.17,-0.01,-2.39,2.396059265
'2025-08-11 20:10:43.019,0.16,-0.02,-2.38,2.385455931
'2025-08-11 20:10:43.025,0.15,-0.02,-2.38,2.384806072
'2025-08-11 20:10:43.032,0.14,-0.02,-2.38,2.384197978
'2025-08-11 20:10:43.038,0.13,-0.03,-2.39,2.393720953
'2025-08-11 20:10:43.045,0.12,-0.04,-2.39,2.39334494
'2025-08-11 20:10:43.052,0.11,-0.04,-2.39,2.392864392
'2025-08-11 20:10:43.058,0.1,-0.04,-2.39,2.392425547
'2025-08-11 20:10:43.064,0.09,-0.05,-2.39,2.392216545
'2025-08-11 20:10:43.071,0.09,-0.05,-2.41,2.412198168
'2025-08-11 20:10:43.078,0.08,-0.06,-2.43,2.432056743
'2025-08-11 20:10:43.085,0.07,-0.06,-2.48,2.481713118
'2025-08-11 20:10:43.091,0.07,-0.06,-2.53,2.531679285
'2025-08-11 20:10:43.098,0.06,-0.07,-2.64,2.641609358
'2025-08-11 20:10:43.103,0.06,-0.07,-2.67,2.671591286
'2025-08-11 20:10:43.110,0.05,-0.07,-2.7,2.701370023
'2025-08-11 20:10:43.117,0.05,-0.08,-2.72,2.721635538
'2025-08-11 20:10:43.123,0.05,-0.08,-2.75,2.751617706
'2025-08-11 20:10:43.130,0.05,-0.08,-2.76,2.761611848
'2025-08-11 20:10:43.136,0.05,-0.09,-2.77,2.771912697
'2025-08-11 20:10:43.143,0.04,-0.09,-2.78,2.781744057
'2025-08-11 20:10:43.149,0.04,-0.1,-2.78,2.782085549
'2025-08-11 20:10:43.156,0.04,-0.1,-2.79,2.792078079
'2025-08-11 20:10:43.162,0.03,-0.1,-2.79,2.791952722
'2025-08-11 20:10:43.168,0.03,-0.11,-2.79,2.792328777
'2025-08-11 20:10:43.175,0.02,-0.11,-2.8,2.802231254
'2025-08-11 20:10:43.181,0.02,-0.11,-2.8,2.802231254
'2025-08-11 20:10:43.188,0.01,-0.11,-2.8,2.802177725
'2025-08-11 20:10:43.194,0,-0.11,-2.8,2.802159881
'2025-08-11 20:10:43.201,0,-0.11,-2.79,2.792167617
'2025-08-11 20:10:43.207,-0.01,-0.11,-2.79,2.792185524
'2025-08-11 20:10:43.214,-0.01,-0.1,-2.78,2.781815954
'2025-08-11 20:10:43.220,-0.01,-0.1,-2.77,2.771822505
'2025-08-11 20:10:43.226,-0.01,-0.1,-2.77,2.771822505
'2025-08-11 20:10:43.232,-0.01,-0.1,-2.77,2.771822505
'2025-08-11 20:10:43.240,-0.01,-0.1,-2.77,2.771822505
'2025-08-11 20:10:43.246,-0.01,-0.1,-2.78,2.781815954
'2025-08-11 20:10:43.252,-0.01,-0.1,-2.81,2.811796579
'2025-08-11 20:10:43.259,-0.01,-0.1,-2.82,2.821790212
'2025-08-11 20:10:43.265,0,-0.1,-2.83,2.831766233
'2025-08-11 20:10:43.272,0.01,-0.1,-2.84,2.841777613
'2025-08-11 20:10:43.278,0.01,-0.1,-2.84,2.841777613
'2025-08-11 20:10:43.284,0.02,-0.1,-2.83,2.83183686
'2025-08-11 20:10:43.291,0.02,-0.1,-2.83,2.83183686
'2025-08-11 20:10:43.297,0.02,-0.1,-2.82,2.821843369
'2025-08-11 20:10:43.304,0.02,-0.1,-2.82,2.821843369
'2025-08-11 20:10:43.311,0.02,-0.1,-2.82,2.821843369
'2025-08-11 20:10:43.317,0.02,-0.09,-2.83,2.831501369
'2025-08-11 20:10:43.324,0.02,-0.09,-2.83,2.831501369
'2025-08-11 20:10:43.331,0.02,-0.08,-2.83,2.831201159
'2025-08-11 20:10:43.337,0.01,-0.08,-2.83,2.831148177
'2025-08-11 20:10:43.343,0.01,-0.08,-2.83,2.831148177
'2025-08-11 20:10:43.350,0.01,-0.08,-2.83,2.831148177
'2025-08-11 20:10:43.357,0.01,-0.08,-2.84,2.841144136
'2025-08-11 20:10:43.364,0.01,-0.08,-2.84,2.841144136
'2025-08-11 20:10:43.370,0.01,-0.08,-2.84,2.841144136
'2025-08-11 20:10:43.377,0.01,-0.08,-2.84,2.841144136
'2025-08-11 20:10:43.383,0.02,-0.08,-2.84,2.841196931
'2025-08-11 20:10:43.389,0.02,-0.08,-2.84,2.841196931
'2025-08-11 20:10:43.396,0.03,-0.08,-2.84,2.841284921
'2025-08-11 20:10:43.406,0.03,-0.08,-2.84,2.841284921
'2025-08-11 20:10:43.412,0.04,-0.08,-2.85,2.851403163
'2025-08-11 20:10:43.419,0.04,-0.07,-2.85,2.851140123
'2025-08-11 20:10:43.424,0.04,-0.07,-2.84,2.841144136
'2025-08-11 20:10:43.431,0.04,-0.06,-2.84,2.840915345
'2025-08-11 20:10:43.438,0.04,-0.06,-2.83,2.830918579
'2025-08-11 20:10:43.444,0.04,-0.06,-2.83,2.830918579
'2025-08-11 20:10:43.451,0.03,-0.05,-2.83,2.830600643
'2025-08-11 20:10:43.457,0.03,-0.04,-2.83,2.830441662
'2025-08-11 20:10:43.464,0.03,-0.04,-2.83,2.830441662
'2025-08-11 20:10:43.471,0.02,-0.04,-2.83,2.830353335
'2025-08-11 20:10:43.476,0.02,-0.04,-2.83,2.830353335
'2025-08-11 20:10:43.483,0.01,-0.04,-2.83,2.830300337
'2025-08-11 20:10:43.489,0.01,-0.04,-2.83,2.830300337
'2025-08-11 20:10:43.496,0.01,-0.04,-2.83,2.830300337
'2025-08-11 20:10:43.502,0.01,-0.04,-2.83,2.830300337
'2025-08-11 20:10:43.509,0.01,-0.05,-2.83,2.830459327
'2025-08-11 20:10:43.516,0.01,-0.05,-2.83,2.830459327
'2025-08-11 20:10:43.522,0.01,-0.05,-2.82,2.820460955
'2025-08-11 20:10:43.528,0.01,-0.05,-2.82,2.820460955
'2025-08-11 20:10:43.535,0.01,-0.06,-2.82,2.820655952
'2025-08-11 20:10:43.542,0.01,-0.06,-2.81,2.810658286
'2025-08-11 20:10:43.549,0.01,-0.06,-2.81,2.810658286
'2025-08-11 20:10:43.555,0,-0.06,-2.8,2.800642783
'2025-08-11 20:10:43.561,0,-0.05,-2.8,2.800446393
'2025-08-11 20:10:43.568,-0.01,-0.05,-2.8,2.800464247
'2025-08-11 20:10:43.574,-0.01,-0.05,-2.8,2.800464247
'2025-08-11 20:10:43.582,-0.02,-0.05,-2.8,2.800517809
'2025-08-11 20:10:43.588,-0.03,-0.05,-2.81,2.810604917
'2025-08-11 20:10:43.595,-0.04,-0.05,-2.81,2.810729443
'2025-08-11 20:10:43.600,-0.04,-0.06,-2.81,2.810925115
'2025-08-11 20:10:43.607,-0.06,-0.06,-2.81,2.811280847
'2025-08-11 20:10:43.613,-0.06,-0.07,-2.81,2.811512049
'2025-08-11 20:10:43.620,-0.06,-0.08,-2.81,2.811778796
'2025-08-11 20:10:43.627,-0.06,-0.09,-2.8,2.802088507
'2025-08-11 20:10:43.633,-0.06,-0.09,-2.8,2.802088507
'2025-08-11 20:10:43.640,-0.06,-0.1,-2.79,2.792436212
'2025-08-11 20:10:43.646,-0.06,-0.11,-2.77,2.772832487
'2025-08-11 20:10:43.653,-0.07,-0.11,-2.77,2.773066894
'2025-08-11 20:10:43.659,-0.07,-0.11,-2.76,2.763077994
'2025-08-11 20:10:43.666,-0.07,-0.12,-2.76,2.763494165
'2025-08-11 20:10:43.673,-0.07,-0.12,-2.75,2.753506855
'2025-08-11 20:10:43.678,-0.07,-0.12,-2.75,2.753506855
'2025-08-11 20:10:43.685,-0.08,-0.13,-2.74,2.744248531
'2025-08-11 20:10:43.691,-0.08,-0.13,-2.74,2.744248531
'2025-08-11 20:10:43.698,-0.08,-0.14,-2.74,2.744740425
'2025-08-11 20:10:43.705,-0.09,-0.14,-2.75,2.75503176
'2025-08-11 20:10:43.711,-0.1,-0.15,-2.76,2.765881415
'2025-08-11 20:10:43.717,-0.1,-0.17,-2.78,2.786987621
'2025-08-11 20:10:43.723,-0.11,-0.19,-2.8,2.808593954
'2025-08-11 20:10:43.730,-0.11,-0.2,-2.81,2.819255221
'2025-08-11 20:10:43.736,-0.11,-0.21,-2.81,2.819982269
'2025-08-11 20:10:43.742,-0.11,-0.23,-2.8,2.811583184
'2025-08-11 20:10:43.749,-0.11,-0.24,-2.75,2.762643661
'2025-08-11 20:10:43.755,-0.11,-0.24,-2.73,2.74273586
'2025-08-11 20:10:43.762,-0.11,-0.25,-2.71,2.723729061
'2025-08-11 20:10:43.768,-0.1,-0.25,-2.71,2.723343533
'2025-08-11 20:10:43.775,-0.1,-0.25,-2.72,2.733294715
'2025-08-11 20:10:43.782,-0.09,-0.25,-2.72,2.732947127
'2025-08-11 20:10:43.789,-0.08,-0.25,-2.73,2.742590017
'2025-08-11 20:10:43.795,-0.08,-0.25,-2.74,2.752544278
'2025-08-11 20:10:43.802,-0.08,-0.25,-2.74,2.752544278
'2025-08-11 20:10:43.808,-0.08,-0.25,-2.73,2.742590017
'2025-08-11 20:10:43.816,-0.08,-0.25,-2.73,2.742590017
'2025-08-11 20:10:43.825,-0.09,-0.26,-2.73,2.743829441
'2025-08-11 20:10:43.834,-0.09,-0.27,-2.74,2.754741367
'2025-08-11 20:10:43.840,-0.1,-0.27,-2.74,2.755086206
'2025-08-11 20:10:43.847,-0.11,-0.29,-2.74,2.757498867
'2025-08-11 20:10:43.854,-0.11,-0.31,-2.74,2.759673894
'2025-08-11 20:10:43.861,-0.11,-0.33,-2.73,2.752071947
'2025-08-11 20:10:43.868,-0.11,-0.34,-2.73,2.753288942
'2025-08-11 20:10:43.874,-0.11,-0.34,-2.72,2.743373835
'2025-08-11 20:10:43.880,-0.1,-0.36,-2.71,2.73563521
'2025-08-11 20:10:43.887,-0.09,-0.36,-2.71,2.735287919
'2025-08-11 20:10:43.893,-0.09,-0.36,-2.71,2.735287919
'2025-08-11 20:10:43.901,-0.07,-0.36,-2.71,2.734702909
'2025-08-11 20:10:43.907,-0.06,-0.36,-2.71,2.734465213
'2025-08-11 20:10:43.913,-0.06,-0.36,-2.71,2.734465213
'2025-08-11 20:10:43.920,-0.05,-0.36,-2.71,2.734264069
'2025-08-11 20:10:43.926,-0.04,-0.35,-2.7,2.7228845
'2025-08-11 20:10:43.933,-0.04,-0.34,-2.7,2.721617166
'2025-08-11 20:10:43.940,-0.04,-0.34,-2.7,2.721617166
'2025-08-11 20:10:43.946,-0.03,-0.34,-2.7,2.721488563
'2025-08-11 20:10:43.952,-0.03,-0.34,-2.71,2.731409892
'2025-08-11 20:10:43.960,-0.03,-0.34,-2.71,2.731409892
'2025-08-11 20:10:43.966,-0.03,-0.35,-2.73,2.752507947
'2025-08-11 20:10:43.973,-0.03,-0.35,-2.73,2.752507947
'2025-08-11 20:10:43.979,-0.02,-0.36,-2.73,2.753706593
'2025-08-11 20:10:43.985,-0.01,-0.38,-2.73,2.756338151
'2025-08-11 20:10:43.992,0,-0.39,-2.74,2.767616303
'2025-08-11 20:10:43.999,0.01,-0.39,-2.74,2.767634369
'2025-08-11 20:10:44.005,0.03,-0.4,-2.74,2.769205662
'2025-08-11 20:10:44.015,0.04,-0.4,-2.74,2.769332049
'2025-08-11 20:10:44.021,0.06,-0.4,-2.74,2.769693124
'2025-08-11 20:10:44.027,0.07,-0.39,-2.74,2.7685014
'2025-08-11 20:10:44.034,0.1,-0.39,-2.74,2.769422322
'2025-08-11 20:10:44.040,0.11,-0.38,-2.74,2.768411097
'2025-08-11 20:10:44.047,0.12,-0.36,-2.74,2.766152563
'2025-08-11 20:10:44.053,0.12,-0.35,-2.73,2.754959165
'2025-08-11 20:10:44.060,0.14,-0.34,-2.72,2.744740425
'2025-08-11 20:10:44.066,0.15,-0.33,-2.71,2.734136061
'2025-08-11 20:10:44.073,0.15,-0.32,-2.7,2.723031399
'2025-08-11 20:10:44.079,0.16,-0.32,-2.7,2.723600558
'2025-08-11 20:10:44.086,0.17,-0.32,-2.71,2.734117774
'2025-08-11 20:10:44.092,0.17,-0.31,-2.71,2.732965422
'2025-08-11 20:10:44.098,0.18,-0.31,-2.71,2.733605677
'2025-08-11 20:10:44.107,0.19,-0.31,-2.71,2.734282356
'2025-08-11 20:10:44.114,0.2,-0.32,-2.71,2.736146926
'2025-08-11 20:10:44.121,0.22,-0.32,-2.71,2.737681501
'2025-08-11 20:10:44.127,0.23,-0.32,-2.72,2.748399534
'2025-08-11 20:10:44.134,0.23,-0.32,-2.72,2.748399534
'2025-08-11 20:10:44.140,0.26,-0.31,-2.72,2.749927272
'2025-08-11 20:10:44.148,0.27,-0.31,-2.72,2.750890765
'2025-08-11 20:10:44.154,0.28,-0.3,-2.71,2.740894015
'2025-08-11 20:10:44.160,0.29,-0.29,-2.7,2.730970523
'2025-08-11 20:10:44.167,0.31,-0.28,-2.7,2.732123716
'2025-08-11 20:10:44.173,0.32,-0.25,-2.7,2.730366276
'2025-08-11 20:10:44.179,0.33,-0.24,-2.68,2.710885464
'2025-08-11 20:10:44.186,0.34,-0.23,-2.67,2.701370023
'2025-08-11 20:10:44.192,0.35,-0.21,-2.66,2.69113359
'2025-08-11 20:10:44.199,0.36,-0.19,-2.65,2.681081871
'2025-08-11 20:10:44.205,0.36,-0.19,-2.66,2.690966369
'2025-08-11 20:10:44.211,0.37,-0.18,-2.66,2.691635191
'2025-08-11 20:10:44.218,0.38,-0.18,-2.67,2.702905844
'2025-08-11 20:10:44.225,0.39,-0.17,-2.68,2.713558549
'2025-08-11 20:10:44.231,0.4,-0.16,-2.68,2.714406012
'2025-08-11 20:10:44.238,0.4,-0.16,-2.69,2.724279721
'2025-08-11 20:10:44.244,0.42,-0.16,-2.7,2.737151804
'2025-08-11 20:10:44.251,0.42,-0.15,-2.7,2.736585464
'2025-08-11 20:10:44.257,0.43,-0.15,-2.7,2.738138053
'2025-08-11 20:10:44.263,0.43,-0.15,-2.69,2.728277845
'2025-08-11 20:10:44.270,0.44,-0.14,-2.68,2.719485245
'2025-08-11 20:10:44.277,0.45,-0.12,-2.67,2.710313635
'2025-08-11 20:10:44.284,0.45,-0.11,-2.64,2.6803358
'2025-08-11 20:10:44.290,0.46,-0.1,-2.64,2.681641288
'2025-08-11 20:10:44.297,0.48,-0.09,-2.64,2.684790495
'2025-08-11 20:10:44.303,0.49,-0.07,-2.65,2.695830113
'2025-08-11 20:10:44.310,0.5,-0.06,-2.68,2.726903005
'2025-08-11 20:10:44.316,0.5,-0.05,-2.7,2.746361229
'2025-08-11 20:10:44.322,0.52,-0.04,-2.72,2.7695487
'2025-08-11 20:10:44.329,0.53,-0.02,-2.74,2.790860082
'2025-08-11 20:10:44.336,0.53,-0.01,-2.75,2.80062493
'2025-08-11 20:10:44.342,0.54,0,-2.75,2.802516726
'2025-08-11 20:10:44.350,0.54,0.01,-2.74,2.792722686
'2025-08-11 20:10:44.356,0.55,0.02,-2.74,2.794727178
'2025-08-11 20:10:44.362,0.55,0.03,-2.72,2.775211704
'2025-08-11 20:10:44.369,0.55,0.03,-2.72,2.775211704
'2025-08-11 20:10:44.374,0.55,0.04,-2.72,2.775337817
'2025-08-11 20:10:44.382,0.55,0.05,-2.73,2.785300702
'2025-08-11 20:10:44.388,0.55,0.05,-2.73,2.785300702
'2025-08-11 20:10:44.394,0.55,0.05,-2.74,2.79510286
'2025-08-11 20:10:44.401,0.55,0.05,-2.74,2.79510286
'2025-08-11 20:10:44.407,0.55,0.07,-2.74,2.79553215
'2025-08-11 20:10:44.413,0.54,0.07,-2.74,2.79358193
'2025-08-11 20:10:44.420,0.54,0.08,-2.73,2.784043821
'2025-08-11 20:10:44.426,0.54,0.09,-2.73,2.784349116
'2025-08-11 20:10:44.432,0.54,0.1,-2.72,2.774887385
'2025-08-11 20:10:44.439,0.54,0.1,-2.71,2.765085894
'2025-08-11 20:10:44.445,0.54,0.11,-2.71,2.765465603
'2025-08-11 20:10:44.452,0.54,0.11,-2.71,2.765465603
'2025-08-11 20:10:44.458,0.54,0.12,-2.71,2.765881415
'2025-08-11 20:10:44.465,0.54,0.12,-2.7,2.756084179
'2025-08-11 20:10:44.472,0.53,0.13,-2.7,2.754596159
'2025-08-11 20:10:44.479,0.53,0.13,-2.7,2.754596159
'2025-08-11 20:10:44.485,0.52,0.14,-2.7,2.75317998
'2025-08-11 20:10:44.491,0.52,0.14,-2.69,2.743373835
'2025-08-11 20:10:44.497,0.51,0.14,-2.69,2.741495942
'2025-08-11 20:10:44.504,0.51,0.15,-2.69,2.742024799
'2025-08-11 20:10:44.511,0.5,0.15,-2.69,2.740182476
'2025-08-11 20:10:44.517,0.49,0.15,-2.69,2.738375431
'2025-08-11 20:10:44.524,0.49,0.15,-2.69,2.738375431
'2025-08-11 20:10:44.530,0.48,0.15,-2.69,2.736603735
'2025-08-11 20:10:44.536,0.47,0.15,-2.68,2.72503211
'2025-08-11 20:10:44.543,0.46,0.15,-2.68,2.723325173
'2025-08-11 20:10:44.549,0.46,0.15,-2.68,2.723325173
'2025-08-11 20:10:44.556,0.45,0.15,-2.68,2.721653909
'2025-08-11 20:10:44.562,0.44,0.15,-2.68,2.720018382
'2025-08-11 20:10:44.568,0.43,0.15,-2.69,2.728277845
'2025-08-11 20:10:44.575,0.43,0.15,-2.69,2.728277845
'2025-08-11 20:10:44.581,0.41,0.15,-2.7,2.735068555
'2025-08-11 20:10:44.588,0.4,0.15,-2.7,2.733587387
'2025-08-11 20:10:44.595,0.4,0.15,-2.69,2.723710704
'2025-08-11 20:10:44.601,0.39,0.15,-2.69,2.72226009
'2025-08-11 20:10:44.607,0.37,0.14,-2.69,2.718933614
'2025-08-11 20:10:44.614,0.36,0.14,-2.69,2.717590845
'2025-08-11 20:10:44.620,0.36,0.13,-2.69,2.717094036
'2025-08-11 20:10:44.627,0.35,0.13,-2.69,2.715787179
'2025-08-11 20:10:44.633,0.33,0.13,-2.7,2.723196651
'2025-08-11 20:10:44.640,0.32,0.11,-2.7,2.721121092
'2025-08-11 20:10:44.646,0.32,0.11,-2.7,2.721121092
'2025-08-11 20:10:44.653,0.31,0.1,-2.7,2.719577173
'2025-08-11 20:10:44.660,0.29,0.09,-2.69,2.707083301
'2025-08-11 20:10:44.666,0.29,0.08,-2.7,2.716707566
'2025-08-11 20:10:44.673,0.28,0.07,-2.71,2.725325669
'2025-08-11 20:10:44.680,0.28,0.07,-2.73,2.745214017
'2025-08-11 20:10:44.687,0.26,0.06,-2.75,2.762915127
'2025-08-11 20:10:44.693,0.26,0.05,-2.76,2.772670193
'2025-08-11 20:10:44.700,0.25,0.05,-2.77,2.781708108
'2025-08-11 20:10:44.707,0.25,0.05,-2.78,2.791666169
'2025-08-11 20:10:44.713,0.23,0.04,-2.78,2.789784938
'2025-08-11 20:10:44.720,0.22,0.04,-2.79,2.79894623
'2025-08-11 20:10:44.726,0.21,0.03,-2.8,2.808024216
'2025-08-11 20:10:44.732,0.2,0.03,-2.8,2.807294071
'2025-08-11 20:10:44.739,0.18,0.02,-2.8,2.80585103
'2025-08-11 20:10:44.745,0.17,0.01,-2.8,2.805173791
'2025-08-11 20:10:44.752,0.16,0.01,-2.81,2.814569239
'2025-08-11 20:10:44.759,0.15,0,-2.82,2.823986544
'2025-08-11 20:10:44.765,0.12,-0.01,-2.82,2.822569751
'2025-08-11 20:10:44.771,0.11,-0.02,-2.83,2.83220762
'2025-08-11 20:10:44.782,0.1,-0.03,-2.83,2.83192514
'2025-08-11 20:10:44.788,0.08,-0.04,-2.83,2.831413075
'2025-08-11 20:10:44.794,0.05,-0.05,-2.83,2.830883254
'2025-08-11 20:10:44.801,0.05,-0.07,-2.82,2.821311752
'2025-08-11 20:10:44.807,0.04,-0.07,-2.82,2.821152247
'2025-08-11 20:10:44.813,0.02,-0.08,-2.82,2.821205416
'2025-08-11 20:10:44.820,0,-0.09,-2.82,2.821435805
'2025-08-11 20:10:44.827,-0.01,-0.09,-2.82,2.821453526
'2025-08-11 20:10:44.833,-0.02,-0.1,-2.81,2.811849925
'2025-08-11 20:10:44.839,-0.03,-0.1,-2.81,2.811938833
'2025-08-11 20:10:44.846,-0.06,-0.1,-2.81,2.812418888
'2025-08-11 20:10:44.852,-0.06,-0.11,-2.81,2.812792207
'2025-08-11 20:10:44.858,-0.08,-0.11,-2.82,2.823278236
'2025-08-11 20:10:44.865,-0.09,-0.11,-2.82,2.823579289
'2025-08-11 20:10:44.872,-0.12,-0.11,-2.82,2.824694674
'2025-08-11 20:10:44.878,-0.13,-0.12,-2.82,2.825544195
'2025-08-11 20:10:44.884,-0.15,-0.13,-2.82,2.826977184
'2025-08-11 20:10:44.892,-0.17,-0.14,-2.82,2.828586219
'2025-08-11 20:10:44.899,-0.2,-0.14,-2.82,2.83054765
'2025-08-11 20:10:44.906,-0.21,-0.16,-2.83,2.842287811
'2025-08-11 20:10:44.912,-0.22,-0.17,-2.83,2.843624448
'2025-08-11 20:10:44.918,-0.23,-0.18,-2.83,2.845030756
'2025-08-11 20:10:44.925,-0.25,-0.18,-2.83,2.846717408
'2025-08-11 20:10:44.932,-0.26,-0.19,-2.83,2.848262628
'2025-08-11 20:10:44.938,-0.27,-0.2,-2.82,2.839947183
'2025-08-11 20:10:44.945,-0.27,-0.2,-2.82,2.839947183
'2025-08-11 20:10:44.951,-0.29,-0.2,-2.82,2.841918366
'2025-08-11 20:10:44.958,-0.3,-0.2,-2.81,2.833037239
'2025-08-11 20:10:44.964,-0.31,-0.2,-2.8,2.824199001
'2025-08-11 20:10:44.971,-0.32,-0.2,-2.8,2.825314142
'2025-08-11 20:10:44.978,-0.33,-0.2,-2.8,2.826464222
'2025-08-11 20:10:44.985,-0.34,-0.2,-2.8,2.8276492
'2025-08-11 20:10:44.991,-0.35,-0.2,-2.78,2.809074581
'2025-08-11 20:10:44.998,-0.36,-0.2,-2.78,2.810338058
'2025-08-11 20:10:45.004,-0.38,-0.2,-2.77,2.803087583
'2025-08-11 20:10:45.011,-0.39,-0.2,-2.77,2.804460732
'2025-08-11 20:10:45.017,-0.4,-0.2,-2.77,2.805868849
'2025-08-11 20:10:45.024,-0.41,-0.21,-2.77,2.808042022
'2025-08-11 20:10:45.030,-0.43,-0.21,-2.77,2.811031839
'2025-08-11 20:10:45.036,-0.44,-0.22,-2.77,2.813343207
'2025-08-11 20:10:45.043,-0.45,-0.23,-2.77,2.815723708
'2025-08-11 20:10:45.049,-0.45,-0.23,-2.77,2.815723708
'2025-08-11 20:10:45.055,-0.46,-0.24,-2.77,2.818173167
'2025-08-11 20:10:45.063,-0.47,-0.24,-2.77,2.819822689
'2025-08-11 20:10:45.069,-0.48,-0.25,-2.79,2.842006334
'2025-08-11 20:10:45.076,-0.49,-0.25,-2.81,2.863337214
'2025-08-11 20:10:45.082,-0.51,-0.25,-2.85,2.906045423
'2025-08-11 20:10:45.089,-0.51,-0.26,-2.89,2.94615003
'2025-08-11 20:10:45.095,-0.52,-0.26,-3.01,3.065632072
'2025-08-11 20:10:45.102,-0.53,-0.26,-3.06,3.116424233
'2025-08-11 20:10:45.109,-0.54,-0.26,-3.08,3.137769909
'2025-08-11 20:10:45.115,-0.54,-0.26,-3.1,3.157403997
'2025-08-11 20:10:45.122,-0.54,-0.26,-3.11,3.167222758
'2025-08-11 20:10:45.128,-0.55,-0.26,-3.13,3.188573349
'2025-08-11 20:10:45.134,-0.56,-0.26,-3.15,3.209937694
'2025-08-11 20:10:45.141,-0.56,-0.27,-3.17,3.230386974
'2025-08-11 20:10:45.147,-0.56,-0.27,-3.19,3.250015385
'2025-08-11 20:10:45.153,-0.57,-0.27,-3.19,3.251753373
'2025-08-11 20:10:45.160,-0.57,-0.27,-3.19,3.251753373
'2025-08-11 20:10:45.166,-0.56,-0.27,-3.19,3.250015385
'2025-08-11 20:10:45.173,-0.56,-0.27,-3.19,3.250015385
'2025-08-11 20:10:45.180,-0.56,-0.27,-3.19,3.250015385
'2025-08-11 20:10:45.186,-0.56,-0.27,-3.19,3.250015385
'2025-08-11 20:10:45.192,-0.56,-0.26,-3.19,3.249199902
'2025-08-11 20:10:45.199,-0.56,-0.26,-3.21,3.268837714
'2025-08-11 20:10:45.205,-0.55,-0.25,-3.21,3.266358829
'2025-08-11 20:10:45.211,-0.54,-0.25,-3.22,3.274522866
'2025-08-11 20:10:45.218,-0.54,-0.24,-3.22,3.27377458
'2025-08-11 20:10:45.225,-0.53,-0.23,-3.21,3.261579372
'2025-08-11 20:10:45.232,-0.53,-0.23,-3.21,3.261579372
'2025-08-11 20:10:45.237,-0.52,-0.23,-3.22,3.269816509
'2025-08-11 20:10:45.245,-0.51,-0.23,-3.22,3.268241117
'2025-08-11 20:10:45.250,-0.51,-0.22,-3.24,3.287263299
'2025-08-11 20:10:45.256,-0.5,-0.22,-3.24,3.285726708
'2025-08-11 20:10:45.262,-0.48,-0.22,-3.24,3.282742756
'2025-08-11 20:10:45.268,-0.48,-0.22,-3.24,3.282742756
'2025-08-11 20:10:45.276,-0.47,-0.22,-3.25,3.291170005
'2025-08-11 20:10:45.282,-0.46,-0.22,-3.26,3.299636344
'2025-08-11 20:10:45.288,-0.45,-0.22,-3.27,3.308141472
'2025-08-11 20:10:45.294,-0.44,-0.21,-3.28,3.316036791
'2025-08-11 20:10:45.301,-0.43,-0.2,-3.28,3.314106214
'2025-08-11 20:10:45.307,-0.42,-0.2,-3.28,3.312823569
'2025-08-11 20:10:45.314,-0.4,-0.19,-3.27,3.299848481
'2025-08-11 20:10:45.320,-0.39,-0.18,-3.27,3.298090357
'2025-08-11 20:10:45.327,-0.39,-0.17,-3.28,3.307476379
'2025-08-11 20:10:45.333,-0.37,-0.17,-3.28,3.305177756
'2025-08-11 20:10:45.339,-0.35,-0.16,-3.28,3.302499054
'2025-08-11 20:10:45.347,-0.33,-0.15,-3.29,3.309909364
'2025-08-11 20:10:45.353,-0.32,-0.15,-3.29,3.308927319
'2025-08-11 20:10:45.359,-0.3,-0.14,-3.29,3.306614583
'2025-08-11 20:10:45.366,-0.27,-0.14,-3.29,3.304027845
'2025-08-11 20:10:45.372,-0.26,-0.14,-3.28,3.293265856
'2025-08-11 20:10:45.378,-0.24,-0.14,-3.26,3.271819066
'2025-08-11 20:10:45.385,-0.23,-0.14,-3.24,3.251169021
'2025-08-11 20:10:45.391,-0.2,-0.14,-3.22,3.229241397
'2025-08-11 20:10:45.398,-0.2,-0.14,-3.22,3.229241397
'2025-08-11 20:10:45.405,-0.19,-0.13,-3.22,3.228219323
'2025-08-11 20:10:45.411,-0.18,-0.13,-3.24,3.247599113
'2025-08-11 20:10:45.417,-0.17,-0.12,-3.26,3.266634354
'2025-08-11 20:10:45.423,-0.15,-0.1,-3.28,3.284950532
'2025-08-11 20:10:45.431,-0.14,-0.09,-3.29,3.294207037
'2025-08-11 20:10:45.438,-0.12,-0.06,-3.29,3.292734426
'2025-08-11 20:10:45.445,-0.09,-0.05,-3.29,3.291610548
'2025-08-11 20:10:45.451,-0.07,-0.01,-3.28,3.280762107
'2025-08-11 20:10:45.457,-0.05,0,-3.27,3.270382241
'2025-08-11 20:10:45.464,-0.03,0.01,-3.26,3.260153371
'2025-08-11 20:10:45.471,0.01,0.02,-3.25,3.250076922
'2025-08-11 20:10:45.477,0.03,0.03,-3.24,3.240277766
'2025-08-11 20:10:45.483,0.05,0.03,-3.24,3.240524649
'2025-08-11 20:10:45.490,0.07,0.03,-3.24,3.240894938
'2025-08-11 20:10:45.496,0.1,0.03,-3.25,3.251676491
'2025-08-11 20:10:45.502,0.11,0.03,-3.26,3.261993256
'2025-08-11 20:10:45.509,0.12,0.03,-3.28,3.282331488
'2025-08-11 20:10:45.515,0.13,0.03,-3.28,3.282712293
'2025-08-11 20:10:45.521,0.15,0.03,-3.28,3.283565136
'2025-08-11 20:10:45.528,0.15,0.04,-3.28,3.283671725
'2025-08-11 20:10:45.534,0.16,0.05,-3.28,3.284280743
'2025-08-11 20:10:45.541,0.17,0.05,-3.3,3.304754151
'2025-08-11 20:10:45.548,0.19,0.07,-3.31,3.31618757
'2025-08-11 20:10:45.554,0.21,0.1,-3.33,3.33811324
'2025-08-11 20:10:45.561,0.22,0.12,-3.33,3.339416117
'2025-08-11 20:10:45.570,0.24,0.14,-3.32,3.331606219
'2025-08-11 20:10:45.576,0.28,0.16,-3.29,3.305767687
'2025-08-11 20:10:45.583,0.3,0.18,-3.27,3.288662342
'2025-08-11 20:10:45.590,0.32,0.19,-3.26,3.281173571
'2025-08-11 20:10:45.595,0.33,0.19,-3.26,3.28216392
'2025-08-11 20:10:45.602,0.36,0.19,-3.25,3.275393106
'2025-08-11 20:10:45.608,0.37,0.19,-3.24,3.266588434
'2025-08-11 20:10:45.615,0.39,0.19,-3.22,3.249092181
'2025-08-11 20:10:45.621,0.39,0.19,-3.22,3.249092181
'2025-08-11 20:10:45.627,0.41,0.19,-3.22,3.251553475
'2025-08-11 20:10:45.634,0.41,0.19,-3.23,3.26145673
'2025-08-11 20:10:45.640,0.41,0.19,-3.25,3.281265
'2025-08-11 20:10:45.647,0.42,0.19,-3.25,3.282529512
'2025-08-11 20:10:45.654,0.42,0.2,-3.25,3.283123513
'2025-08-11 20:10:45.660,0.42,0.21,-3.25,3.283747859
'2025-08-11 20:10:45.667,0.43,0.22,-3.23,3.265914879
'2025-08-11 20:10:45.673,0.44,0.24,-3.23,3.268654157
'2025-08-11 20:10:45.679,0.45,0.25,-3.23,3.270764437
'2025-08-11 20:10:45.686,0.46,0.26,-3.21,3.253198426
'2025-08-11 20:10:45.692,0.47,0.27,-3.15,3.19629473
'2025-08-11 20:10:45.699,0.47,0.27,-3.13,3.176586218
'2025-08-11 20:10:45.705,0.5,0.28,-3.1,3.152522799
'2025-08-11 20:10:45.712,0.51,0.28,-3.1,3.154124284
'2025-08-11 20:10:45.720,0.52,0.28,-3.11,3.165580515
'2025-08-11 20:10:45.726,0.52,0.28,-3.12,3.175405486
'2025-08-11 20:10:45.733,0.53,0.28,-3.13,3.186879351
'2025-08-11 20:10:45.739,0.53,0.28,-3.14,3.196701425
'2025-08-11 20:10:45.745,0.53,0.28,-3.14,3.196701425
'2025-08-11 20:10:45.752,0.53,0.27,-3.15,3.205666857
'2025-08-11 20:10:45.758,0.53,0.27,-3.17,3.225321689
'2025-08-11 20:10:45.764,0.53,0.27,-3.19,3.24498074
'2025-08-11 20:10:45.771,0.53,0.27,-3.19,3.24498074
'2025-08-11 20:10:45.777,0.52,0.27,-3.19,3.243362453
'2025-08-11 20:10:45.783,0.52,0.27,-3.18,3.233527486
'2025-08-11 20:10:45.790,0.51,0.28,-3.18,3.232785177
'2025-08-11 20:10:45.796,0.51,0.28,-3.17,3.22294896
'2025-08-11 20:10:45.803,0.51,0.28,-3.18,3.232785177
'2025-08-11 20:10:45.809,0.52,0.28,-3.18,3.234377838
'2025-08-11 20:10:45.816,0.52,0.28,-3.19,3.244210227
'2025-08-11 20:10:45.823,0.52,0.27,-3.2,3.253198426
'2025-08-11 20:10:45.830,0.52,0.27,-3.2,3.253198426
'2025-08-11 20:10:45.836,0.52,0.26,-3.19,3.242545297
'2025-08-11 20:10:45.842,0.52,0.25,-3.19,3.241758782
'2025-08-11 20:10:45.849,0.52,0.24,-3.19,3.241002931
'2025-08-11 20:10:45.855,0.51,0.23,-3.2,3.248538133
'2025-08-11 20:10:45.862,0.5,0.23,-3.21,3.256838958
'2025-08-11 20:10:45.868,0.49,0.22,-3.22,3.264490772
'2025-08-11 20:10:45.875,0.47,0.21,-3.21,3.251015226
'2025-08-11 20:10:45.881,0.46,0.21,-3.21,3.249584589
'2025-08-11 20:10:45.888,0.44,0.21,-3.21,3.246813823
'2025-08-11 20:10:45.895,0.43,0.2,-3.2,3.234949768
'2025-08-11 20:10:45.902,0.41,0.2,-3.18,3.212553502
'2025-08-11 20:10:45.909,0.41,0.19,-3.16,3.192146613
'2025-08-11 20:10:45.916,0.39,0.19,-3.14,3.169826494
'2025-08-11 20:10:45.923,0.39,0.17,-3.14,3.168690581
'2025-08-11 20:10:45.929,0.38,0.16,-3.16,3.186785214
'2025-08-11 20:10:45.936,0.38,0.15,-3.18,3.206134745
'2025-08-11 20:10:45.942,0.36,0.14,-3.21,3.233156353
'2025-08-11 20:10:45.948,0.35,0.11,-3.22,3.240833226
'2025-08-11 20:10:45.955,0.34,0.1,-3.21,3.229504606
'2025-08-11 20:10:45.961,0.33,0.09,-3.21,3.228172858
'2025-08-11 20:10:45.968,0.31,0.08,-3.21,3.225926224
'2025-08-11 20:10:45.974,0.3,0.08,-3.21,3.22498062
'2025-08-11 20:10:45.980,0.29,0.08,-3.22,3.234022263
'2025-08-11 20:10:45.986,0.28,0.08,-3.23,3.243100368
'2025-08-11 20:10:45.993,0.26,0.08,-3.23,3.241434867
'2025-08-11 20:10:45.999,0.24,0.08,-3.23,3.239891974
'2025-08-11 20:10:46.006,0.23,0.08,-3.22,3.229194946
'2025-08-11 20:10:46.012,0.22,0.08,-3.22,3.228498103
'2025-08-11 20:10:46.020,0.19,0.08,-3.22,3.22659263
'2025-08-11 20:10:46.025,0.18,0.07,-3.22,3.225786726
'2025-08-11 20:10:46.032,0.17,0.07,-3.22,3.225244177
'2025-08-11 20:10:46.038,0.16,0.06,-3.22,3.224530974
'2025-08-11 20:10:46.045,0.14,0.05,-3.21,3.213440524
'2025-08-11 20:10:46.051,0.13,0.02,-3.21,3.212693574
'2025-08-11 20:10:46.059,0.12,0.01,-3.21,3.212257773
'2025-08-11 20:10:46.065,0.11,-0.01,-3.22,3.221893853
'2025-08-11 20:10:46.072,0.09,-0.03,-3.22,3.221397212
'2025-08-11 20:10:46.078,0.08,-0.05,-3.22,3.221381691
'2025-08-11 20:10:46.084,0.07,-0.06,-3.21,3.211323715
'2025-08-11 20:10:46.091,0.06,-0.07,-3.2,3.20132785
'2025-08-11 20:10:46.098,0.03,-0.08,-3.19,3.191143995
'2025-08-11 20:10:46.105,0.02,-0.09,-3.2,3.20132785
'2025-08-11 20:10:46.112,0.01,-0.09,-3.21,3.211277005
'2025-08-11 20:10:46.118,0,-0.09,-3.22,3.221257518
'2025-08-11 20:10:46.125,-0.03,-0.1,-3.22,3.221692102
'2025-08-11 20:10:46.131,-0.04,-0.11,-3.21,3.212133248
'2025-08-11 20:10:46.138,-0.05,-0.11,-3.2,3.202280437
'2025-08-11 20:10:46.144,-0.06,-0.12,-3.2,3.202811265
'2025-08-11 20:10:46.151,-0.07,-0.14,-3.2,3.203825838
'2025-08-11 20:10:46.158,-0.08,-0.16,-3.21,3.21498056
'2025-08-11 20:10:46.164,-0.08,-0.18,-3.22,3.226019219
'2025-08-11 20:10:46.170,-0.09,-0.19,-3.22,3.226856055
'2025-08-11 20:10:46.177,-0.1,-0.2,-3.22,3.227754638
'2025-08-11 20:10:46.183,-0.11,-0.23,-3.22,3.230077398
'2025-08-11 20:10:46.190,-0.11,-0.24,-3.22,3.230804853
'2025-08-11 20:10:46.196,-0.12,-0.24,-3.23,3.241126347
'2025-08-11 20:10:46.202,-0.13,-0.25,-3.23,3.242267725
'2025-08-11 20:10:46.209,-0.14,-0.25,-3.24,3.252645077
'2025-08-11 20:10:46.215,-0.15,-0.26,-3.23,3.243917385
'2025-08-11 20:10:46.221,-0.16,-0.26,-3.23,3.244395167
'2025-08-11 20:10:46.228,-0.17,-0.26,-3.22,3.234949768
'2025-08-11 20:10:46.234,-0.18,-0.26,-3.22,3.235490689
'2025-08-11 20:10:46.240,-0.19,-0.26,-3.22,3.236062422
'2025-08-11 20:10:46.247,-0.19,-0.27,-3.22,3.236881215
'2025-08-11 20:10:46.253,-0.21,-0.27,-3.22,3.238116737
'2025-08-11 20:10:46.259,-0.21,-0.28,-3.22,3.238965884
'2025-08-11 20:10:46.266,-0.21,-0.29,-3.2,3.219968944
'2025-08-11 20:10:46.275,-0.22,-0.29,-3.2,3.220636583
'2025-08-11 20:10:46.282,-0.23,-0.31,-3.2,3.223197171
'2025-08-11 20:10:46.288,-0.23,-0.32,-3.2,3.224174313
'2025-08-11 20:10:46.296,-0.23,-0.32,-3.2,3.224174313
'2025-08-11 20:10:46.306,-0.23,-0.33,-3.2,3.225182165
'2025-08-11 20:10:46.313,-0.23,-0.33,-3.19,3.215260487
'2025-08-11 20:10:46.320,-0.23,-0.33,-3.18,3.205339296
'2025-08-11 20:10:46.326,-0.23,-0.33,-3.18,3.205339296
'2025-08-11 20:10:46.333,-0.23,-0.32,-3.19,3.214249524
'2025-08-11 20:10:46.339,-0.24,-0.32,-3.19,3.21498056
'2025-08-11 20:10:46.347,-0.24,-0.31,-3.19,3.214000622
'2025-08-11 20:10:46.354,-0.24,-0.31,-3.18,3.20407553
'2025-08-11 20:10:46.361,-0.24,-0.3,-3.17,3.193195891
'2025-08-11 20:10:46.368,-0.24,-0.3,-3.17,3.193195891
'2025-08-11 20:10:46.374,-0.24,-0.29,-3.17,3.192271918
'2025-08-11 20:10:46.381,-0.24,-0.29,-3.18,3.202202367
'2025-08-11 20:10:46.388,-0.24,-0.29,-3.18,3.202202367
'2025-08-11 20:10:46.394,-0.24,-0.29,-3.18,3.202202367
'2025-08-11 20:10:46.401,-0.23,-0.28,-3.18,3.200578073
'2025-08-11 20:10:46.407,-0.23,-0.28,-3.18,3.200578073
'2025-08-11 20:10:46.415,-0.22,-0.27,-3.18,3.199015474
'2025-08-11 20:10:46.422,-0.2,-0.26,-3.18,3.196873473
'2025-08-11 20:10:46.428,-0.19,-0.24,-3.18,3.194698734
'2025-08-11 20:10:46.435,-0.18,-0.23,-3.18,3.193383785
'2025-08-11 20:10:46.441,-0.17,-0.21,-3.18,3.191457347
'2025-08-11 20:10:46.450,-0.15,-0.19,-3.18,3.189200527
'2025-08-11 20:10:46.457,-0.15,-0.16,-3.17,3.177577694
'2025-08-11 20:10:46.469,-0.13,-0.13,-3.16,3.165343583
'2025-08-11 20:10:46.480,-0.12,-0.12,-3.15,3.154568116
'2025-08-11 20:10:46.486,-0.1,-0.11,-3.14,3.143517138
'2025-08-11 20:10:46.493,-0.09,-0.1,-3.14,3.142880844
'2025-08-11 20:10:46.499,-0.09,-0.09,-3.15,3.15257038
'2025-08-11 20:10:46.506,-0.08,-0.08,-3.16,3.162024668
'2025-08-11 20:10:46.512,-0.06,-0.08,-3.17,3.171576895
'2025-08-11 20:10:46.519,-0.06,-0.06,-3.18,3.181131874
'2025-08-11 20:10:46.526,-0.04,-0.05,-3.18,3.180644589
'2025-08-11 20:10:46.532,-0.03,-0.04,-3.19,3.190391825
'2025-08-11 20:10:46.539,0,-0.02,-3.2,3.200062499
'2025-08-11 20:10:46.546,0.01,0.02,-3.22,3.220077639
'2025-08-11 20:10:46.553,0.03,0.03,-3.23,3.230278626
'2025-08-11 20:10:46.559,0.04,0.05,-3.23,3.230634613
'2025-08-11 20:10:46.565,0.06,0.06,-3.22,3.221117818
'2025-08-11 20:10:46.572,0.07,0.09,-3.2,3.202030606
'2025-08-11 20:10:46.578,0.08,0.1,-3.17,3.172585696
'2025-08-11 20:10:46.584,0.09,0.12,-3.16,3.163558123
'2025-08-11 20:10:46.590,0.12,0.13,-3.17,3.17493307
'2025-08-11 20:10:46.597,0.13,0.15,-3.17,3.176208431
'2025-08-11 20:10:46.603,0.14,0.16,-3.18,3.187098994
'2025-08-11 20:10:46.610,0.15,0.17,-3.19,3.198046279
'2025-08-11 20:10:46.616,0.17,0.17,-3.19,3.199046733
'2025-08-11 20:10:46.623,0.18,0.19,-3.19,3.200718669
'2025-08-11 20:10:46.629,0.19,0.2,-3.17,3.181980515
'2025-08-11 20:10:46.635,0.2,0.21,-3.17,3.183237346
'2025-08-11 20:10:46.643,0.22,0.21,-3.16,3.174602337
'2025-08-11 20:10:46.649,0.23,0.23,-3.16,3.176696397
'2025-08-11 20:10:46.656,0.24,0.24,-3.15,3.168232946
'2025-08-11 20:10:46.662,0.26,0.25,-3.14,3.160648668
'2025-08-11 20:10:46.668,0.28,0.27,-3.14,3.164000632
'2025-08-11 20:10:46.674,0.3,0.29,-3.14,3.167601616
'2025-08-11 20:10:46.681,0.31,0.31,-3.15,3.180361615
'2025-08-11 20:10:46.688,0.32,0.32,-3.15,3.182341905
'2025-08-11 20:10:46.694,0.35,0.33,-3.15,3.186518476
'2025-08-11 20:10:46.700,0.36,0.35,-3.14,3.179889935
'2025-08-11 20:10:46.707,0.37,0.36,-3.11,3.15255452
'2025-08-11 20:10:46.713,0.38,0.36,-3.09,3.134022974
'2025-08-11 20:10:46.720,0.4,0.37,-3.08,3.127826722
'2025-08-11 20:10:46.726,0.42,0.38,-3.08,3.131644935
'2025-08-11 20:10:46.732,0.43,0.38,-3.08,3.133001756
'2025-08-11 20:10:46.739,0.44,0.38,-3.08,3.134389893
'2025-08-11 20:10:46.745,0.45,0.38,-3.08,3.135809305
'2025-08-11 20:10:46.752,0.46,0.38,-3.08,3.137259951
'2025-08-11 20:10:46.758,0.47,0.38,-3.08,3.138741786
'2025-08-11 20:10:46.765,0.48,0.37,-3.08,3.139060369
'2025-08-11 20:10:46.771,0.49,0.37,-3.08,3.140605037
'2025-08-11 20:10:46.778,0.5,0.36,-3.08,3.141018943
'2025-08-11 20:10:46.785,0.51,0.36,-3.06,3.123027377
'2025-08-11 20:10:46.791,0.52,0.36,-3.05,3.114883625
'2025-08-11 20:10:46.797,0.54,0.36,-3.05,3.118284785
'2025-08-11 20:10:46.803,0.55,0.37,-3.05,3.121201692
'2025-08-11 20:10:46.810,0.56,0.37,-3.05,3.122979347
'2025-08-11 20:10:46.817,0.57,0.37,-3.05,3.124787993
'2025-08-11 20:10:46.823,0.59,0.38,-3.05,3.129696471
'2025-08-11 20:10:46.829,0.6,0.38,-3.04,3.121858421
'2025-08-11 20:10:46.836,0.61,0.38,-3.02,3.104335678
'2025-08-11 20:10:46.843,0.62,0.38,-3.01,3.096594904
'2025-08-11 20:10:46.850,0.63,0.37,-3.01,3.097402137
'2025-08-11 20:10:46.857,0.64,0.36,-3.01,3.098273713
'2025-08-11 20:10:46.863,0.65,0.35,-3.02,3.108922643
'2025-08-11 20:10:46.870,0.65,0.34,-3.02,3.107812736
'2025-08-11 20:10:46.876,0.66,0.32,-3.02,3.107796647
'2025-08-11 20:10:46.884,0.67,0.29,-3.02,3.106992115
'2025-08-11 20:10:46.894,0.67,0.28,-3.02,3.106074693
'2025-08-11 20:10:46.901,0.68,0.26,-3.02,3.106509295
'2025-08-11 20:10:46.908,0.69,0.25,-3.02,3.107893177
'2025-08-11 20:10:46.914,0.69,0.24,-3.02,3.107104762
'2025-08-11 20:10:46.921,0.69,0.23,-3.01,3.096627197
'2025-08-11 20:10:46.927,0.7,0.23,-3.01,3.098870762
'2025-08-11 20:10:46.934,0.72,0.22,-3.01,3.102724609
'2025-08-11 20:10:46.940,0.72,0.21,-3.02,3.11173585
'2025-08-11 20:10:46.947,0.72,0.2,-3.04,3.130495168
'2025-08-11 20:10:46.953,0.72,0.19,-3.04,3.129872202
'2025-08-11 20:10:46.960,0.73,0.18,-3.04,3.131597037
'2025-08-11 20:10:46.966,0.73,0.16,-3.04,3.13051114
'2025-08-11 20:10:46.973,0.73,0.15,-3.04,3.130015974
'2025-08-11 20:10:46.979,0.73,0.14,-3.04,3.129552684
'2025-08-11 20:10:46.986,0.73,0.12,-3.05,3.138439102
'2025-08-11 20:10:46.992,0.73,0.09,-3.07,3.156881372
'2025-08-11 20:10:46.999,0.73,0.07,-3.07,3.156374502
'2025-08-11 20:10:47.005,0.72,0.06,-3.07,3.153870638
'2025-08-11 20:10:47.012,0.71,0.05,-3.07,3.151428248
'2025-08-11 20:10:47.018,0.7,0.02,-3.06,3.139108154
'2025-08-11 20:10:47.025,0.69,0.01,-3.06,3.136845549
'2025-08-11 20:10:47.032,0.68,-0.01,-3.06,3.134661066
'2025-08-11 20:10:47.039,0.67,-0.02,-3.06,3.132554868
'2025-08-11 20:10:47.045,0.66,-0.04,-3.07,3.140398064
'2025-08-11 20:10:47.052,0.66,-0.05,-3.09,3.160094935
'2025-08-11 20:10:47.058,0.65,-0.06,-3.11,3.177766511
'2025-08-11 20:10:47.064,0.64,-0.07,-3.12,3.185733824
'2025-08-11 20:10:47.071,0.64,-0.1,-3.14,3.206119149
'2025-08-11 20:10:47.078,0.64,-0.11,-3.2,3.265225873
'2025-08-11 20:10:47.085,0.63,-0.13,-3.24,3.303240833
'2025-08-11 20:10:47.091,0.63,-0.14,-3.28,3.342887973
'2025-08-11 20:10:47.098,0.62,-0.18,-3.36,3.421461676
'2025-08-11 20:10:47.104,0.61,-0.2,-3.45,3.509216437
'2025-08-11 20:10:47.111,0.6,-0.21,-3.48,3.537583921
'2025-08-11 20:10:47.117,0.57,-0.23,-3.5,3.553561594
'2025-08-11 20:10:47.124,0.56,-0.26,-3.52,3.573737539
'2025-08-11 20:10:47.130,0.53,-0.28,-3.55,3.600249991
'2025-08-11 20:10:47.136,0.52,-0.29,-3.58,3.62917346
'2025-08-11 20:10:47.143,0.47,-0.3,-3.6,3.642924649
'2025-08-11 20:10:47.150,0.46,-0.33,-3.62,3.664000546
'2025-08-11 20:10:47.157,0.43,-0.34,-3.63,3.671157856
'2025-08-11 20:10:47.163,0.41,-0.35,-3.63,3.669809259
'2025-08-11 20:10:47.170,0.37,-0.36,-3.63,3.66652424
'2025-08-11 20:10:47.176,0.35,-0.37,-3.63,3.665555892
'2025-08-11 20:10:47.182,0.32,-0.38,-3.63,3.663836787
'2025-08-11 20:10:47.189,0.31,-0.39,-3.63,3.664027838
'2025-08-11 20:10:47.195,0.26,-0.4,-3.63,3.661215645
'2025-08-11 20:10:47.201,0.24,-0.42,-3.63,3.662089567
'2025-08-11 20:10:47.208,0.22,-0.43,-3.62,3.652081598
'2025-08-11 20:10:47.214,0.19,-0.44,-3.62,3.651588695
'2025-08-11 20:10:47.221,0.14,-0.45,-3.61,3.640631813
'2025-08-11 20:10:47.228,0.12,-0.47,-3.61,3.642444234
'2025-08-11 20:10:47.234,0.1,-0.48,-3.61,3.643144246
'2025-08-11 20:10:47.240,0.07,-0.49,-3.62,3.653683073
'2025-08-11 20:10:47.247,0.02,-0.49,-3.62,3.653067204
'2025-08-11 20:10:47.253,-0.01,-0.5,-3.62,3.654380933
'2025-08-11 20:10:47.259,-0.04,-0.51,-3.61,3.646066374
'2025-08-11 20:10:47.267,-0.06,-0.51,-3.61,3.646340631
'2025-08-11 20:10:47.273,-0.11,-0.52,-3.61,3.648917648
'2025-08-11 20:10:47.279,-0.13,-0.52,-3.61,3.649575318
'2025-08-11 20:10:47.286,-0.16,-0.53,-3.59,3.632437198
'2025-08-11 20:10:47.293,-0.18,-0.53,-3.57,3.61361315
'2025-08-11 20:10:47.299,-0.23,-0.53,-3.56,3.606577325
'2025-08-11 20:10:47.306,-0.24,-0.54,-3.54,3.588983143
'2025-08-11 20:10:47.312,-0.27,-0.54,-3.53,3.581256763
'2025-08-11 20:10:47.319,-0.29,-0.55,-3.53,3.584340944
'2025-08-11 20:10:47.326,-0.34,-0.55,-3.53,3.588732367
'2025-08-11 20:10:47.332,-0.36,-0.56,-3.53,3.592227721
'2025-08-11 20:10:47.339,-0.38,-0.57,-3.52,3.586042387
'2025-08-11 20:10:47.345,-0.4,-0.57,-3.51,3.578407467
'2025-08-11 20:10:47.352,-0.45,-0.58,-3.51,3.585944785
'2025-08-11 20:10:47.359,-0.48,-0.58,-3.51,3.589832865
'2025-08-11 20:10:47.365,-0.5,-0.59,-3.52,3.60395616
'2025-08-11 20:10:47.371,-0.52,-0.59,-3.52,3.606785272
'2025-08-11 20:10:47.378,-0.57,-0.59,-3.52,3.61433258
'2025-08-11 20:10:47.384,-0.58,-0.59,-3.52,3.615923119
'2025-08-11 20:10:47.390,-0.6,-0.59,-3.51,3.609459793
'2025-08-11 20:10:47.397,-0.62,-0.59,-3.51,3.612838219
'2025-08-11 20:10:47.404,-0.66,-0.59,-3.51,3.619917126
'2025-08-11 20:10:47.410,-0.67,-0.59,-3.51,3.621753719
'2025-08-11 20:10:47.417,-0.68,-0.59,-3.51,3.623616978
'2025-08-11 20:10:47.423,-0.7,-0.59,-3.5,3.617747918
'2025-08-11 20:10:47.430,-0.71,-0.59,-3.5,3.61969612
'2025-08-11 20:10:47.436,-0.72,-0.59,-3.49,3.612007752
'2025-08-11 20:10:47.442,-0.73,-0.59,-3.47,3.594704438
'2025-08-11 20:10:47.448,-0.74,-0.59,-3.46,3.587101894
'2025-08-11 20:10:47.454,-0.76,-0.59,-3.46,3.591281108
'2025-08-11 20:10:47.461,-0.76,-0.59,-3.46,3.591281108
'2025-08-11 20:10:47.467,-0.77,-0.59,-3.44,3.574157243
'2025-08-11 20:10:47.474,-0.77,-0.59,-3.43,3.56453363
'2025-08-11 20:10:47.480,-0.79,-0.59,-3.43,3.568907396
'2025-08-11 20:10:47.486,-0.79,-0.58,-3.43,3.567267862
'2025-08-11 20:10:47.493,-0.8,-0.58,-3.43,3.569495763
'2025-08-11 20:10:47.499,-0.8,-0.57,-3.44,3.577499126
'2025-08-11 20:10:47.506,-0.81,-0.57,-3.45,3.589359274
'2025-08-11 20:10:47.513,-0.81,-0.56,-3.45,3.587784832
'2025-08-11 20:10:47.520,-0.8,-0.55,-3.45,3.583992187
'2025-08-11 20:10:47.526,-0.8,-0.55,-3.44,3.574367077
'2025-08-11 20:10:47.533,-0.8,-0.54,-3.44,3.572842006
'2025-08-11 20:10:47.539,-0.79,-0.53,-3.44,3.569117538
'2025-08-11 20:10:47.545,-0.79,-0.53,-3.44,3.569117538
'2025-08-11 20:10:47.552,-0.78,-0.53,-3.44,3.566917437
'2025-08-11 20:10:47.559,-0.76,-0.52,-3.44,3.561123418
'2025-08-11 20:10:47.566,-0.75,-0.51,-3.43,3.547886695
'2025-08-11 20:10:47.572,-0.74,-0.5,-3.42,3.534685276
'2025-08-11 20:10:47.579,-0.73,-0.49,-3.42,3.531203761
'2025-08-11 20:10:47.584,-0.71,-0.48,-3.42,3.525748148
'2025-08-11 20:10:47.590,-0.69,-0.46,-3.43,3.528824167
'2025-08-11 20:10:47.598,-0.68,-0.45,-3.43,3.525592149
'2025-08-11 20:10:47.604,-0.67,-0.44,-3.43,3.522413945
'2025-08-11 20:10:47.611,-0.63,-0.43,-3.43,3.513787131
'2025-08-11 20:10:47.617,-0.62,-0.4,-3.43,3.508461201
'2025-08-11 20:10:47.623,-0.6,-0.4,-3.44,3.51476884
'2025-08-11 20:10:47.630,-0.58,-0.38,-3.44,3.50918794
'2025-08-11 20:10:47.636,-0.53,-0.37,-3.44,3.500199994
'2025-08-11 20:10:47.643,-0.51,-0.36,-3.44,3.496183634
'2025-08-11 20:10:47.649,-0.49,-0.34,-3.46,3.511025491
'2025-08-11 20:10:47.655,-0.47,-0.33,-3.47,3.517200591
'2025-08-11 20:10:47.662,-0.43,-0.32,-3.49,3.53092056
'2025-08-11 20:10:47.668,-0.4,-0.3,-3.51,3.545433683
'2025-08-11 20:10:47.674,-0.38,-0.29,-3.54,3.572128217
'2025-08-11 20:10:47.682,-0.35,-0.28,-3.54,3.568262883
'2025-08-11 20:10:47.688,-0.3,-0.26,-3.54,3.562190337
'2025-08-11 20:10:47.694,-0.28,-0.22,-3.53,3.547914881
'2025-08-11 20:10:47.701,-0.25,-0.21,-3.54,3.555024613
'2025-08-11 20:10:47.707,-0.23,-0.19,-3.54,3.552548381
'2025-08-11 20:10:47.714,-0.18,-0.18,-3.56,3.56908952
'2025-08-11 20:10:47.720,-0.16,-0.14,-3.57,3.576324929
'2025-08-11 20:10:47.726,-0.14,-0.12,-3.58,3.584745458
'2025-08-11 20:10:47.733,-0.12,-0.1,-3.58,3.583406201
'2025-08-11 20:10:47.740,-0.07,-0.09,-3.58,3.581815182
'2025-08-11 20:10:47.746,-0.06,-0.06,-3.58,3.581005445
'2025-08-11 20:10:47.753,-0.04,-0.04,-3.58,3.580446899
'2025-08-11 20:10:47.759,-0.01,-0.03,-3.59,3.590139273
'2025-08-11 20:10:47.766,0.04,-0.02,-3.59,3.590278541
'2025-08-11 20:10:47.775,0.07,0.02,-3.59,3.590738086
'2025-08-11 20:10:47.781,0.1,0.03,-3.58,3.581522023
'2025-08-11 20:10:47.787,0.13,0.05,-3.57,3.572716054
'2025-08-11 20:10:47.794,0.18,0.06,-3.57,3.575038461
'2025-08-11 20:10:47.801,0.2,0.08,-3.58,3.586474592
'2025-08-11 20:10:47.807,0.23,0.1,-3.58,3.588774164
'2025-08-11 20:10:47.812,0.25,0.11,-3.58,3.590403877
'2025-08-11 20:10:47.819,0.29,0.12,-3.58,3.593730652
'2025-08-11 20:10:47.826,0.32,0.15,-3.57,3.587450348
'2025-08-11 20:10:47.832,0.34,0.16,-3.55,3.569831929
'2025-08-11 20:10:47.843,0.36,0.17,-3.54,3.562316662
'2025-08-11 20:10:47.853,0.43,0.19,-3.54,3.571078269
'2025-08-11 20:10:47.860,0.45,0.21,-3.54,3.574660823
'2025-08-11 20:10:47.868,0.48,0.22,-3.54,3.579161913
'2025-08-11 20:10:47.874,0.5,0.24,-3.53,3.573303793
'2025-08-11 20:10:47.879,0.53,0.25,-3.53,3.578309657
'2025-08-11 20:10:47.887,0.56,0.27,-3.54,3.594175844
'2025-08-11 20:10:47.893,0.57,0.28,-3.56,3.616199663
'2025-08-11 20:10:47.901,0.58,0.29,-3.56,3.618577068
'2025-08-11 20:10:47.907,0.6,0.29,-3.56,3.621836551
'2025-08-11 20:10:47.914,0.61,0.3,-3.54,3.604677517
'2025-08-11 20:10:47.920,0.62,0.31,-3.51,3.577792616
'2025-08-11 20:10:47.928,0.63,0.32,-3.5,3.570616193
'2025-08-11 20:10:47.934,0.65,0.33,-3.5,3.57510839
'2025-08-11 20:10:47.941,0.66,0.33,-3.5,3.576940033
'2025-08-11 20:10:47.947,0.66,0.33,-3.5,3.576940033
'2025-08-11 20:10:47.953,0.66,0.33,-3.5,3.576940033
'2025-08-11 20:10:47.959,0.67,0.33,-3.49,3.569019473
'2025-08-11 20:10:47.966,0.67,0.33,-3.48,3.559241492
'2025-08-11 20:10:47.973,0.68,0.33,-3.48,3.561137459
'2025-08-11 20:10:47.979,0.68,0.33,-3.48,3.561137459
'2025-08-11 20:10:47.985,0.68,0.33,-3.49,3.570910248
'2025-08-11 20:10:47.991,0.68,0.32,-3.49,3.57
'2025-08-11 20:10:47.998,0.68,0.32,-3.48,3.560224712
'2025-08-11 20:10:48.007,0.67,0.32,-3.48,3.558328259
'2025-08-11 20:10:48.014,0.66,0.31,-3.48,3.55557309
'2025-08-11 20:10:48.020,0.66,0.31,-3.48,3.55557309
'2025-08-11 20:10:48.026,0.66,0.31,-3.49,3.565361132
'2025-08-11 20:10:48.034,0.65,0.31,-3.49,3.563523537
'2025-08-11 20:10:48.040,0.63,0.31,-3.49,3.559929775
'2025-08-11 20:10:48.046,0.62,0.31,-3.49,3.558173689
'2025-08-11 20:10:48.052,0.61,0.3,-3.49,3.555587153
'2025-08-11 20:10:48.058,0.6,0.3,-3.49,3.553885198
'2025-08-11 20:10:48.066,0.59,0.3,-3.5,3.562035935
'2025-08-11 20:10:48.072,0.57,0.28,-3.51,3.566987525
'2025-08-11 20:10:48.079,0.55,0.27,-3.51,3.563074515
'2025-08-11 20:10:48.085,0.54,0.26,-3.51,3.560800472
'2025-08-11 20:10:48.091,0.51,0.26,-3.5,3.546505322
'2025-08-11 20:10:48.098,0.49,0.23,-3.5,3.541609803
'2025-08-11 20:10:48.106,0.47,0.22,-3.52,3.558047217
'2025-08-11 20:10:48.112,0.45,0.21,-3.53,3.564758056
'2025-08-11 20:10:48.119,0.41,0.2,-3.53,3.559353874
'2025-08-11 20:10:48.125,0.39,0.19,-3.53,3.556557324
'2025-08-11 20:10:48.133,0.37,0.18,-3.53,3.553899267
'2025-08-11 20:10:48.139,0.35,0.17,-3.53,3.551380013
'2025-08-11 20:10:48.145,0.31,0.17,-3.53,3.547661201
'2025-08-11 20:10:48.153,0.29,0.15,-3.54,3.555024613
'2025-08-11 20:10:48.159,0.27,0.15,-3.55,3.563411287
'2025-08-11 20:10:48.166,0.25,0.14,-3.55,3.561544609
'2025-08-11 20:10:48.172,0.21,0.13,-3.55,3.558581178
'2025-08-11 20:10:48.179,0.19,0.11,-3.54,3.546801376
'2025-08-11 20:10:48.185,0.17,0.1,-3.54,3.545490093
'2025-08-11 20:10:48.191,0.15,0.09,-3.54,3.544319399
'2025-08-11 20:10:48.198,0.11,0.08,-3.55,3.552604678
'2025-08-11 20:10:48.204,0.09,0.05,-3.56,3.561488453
'2025-08-11 20:10:48.210,0.06,0.04,-3.56,3.560730262
'2025-08-11 20:10:48.217,0.04,0.03,-3.56,3.560351106
'2025-08-11 20:10:48.224,-0.01,0.01,-3.56,3.56002809
'2025-08-11 20:10:48.230,-0.03,-0.01,-3.55,3.550140842
'2025-08-11 20:10:48.237,-0.05,-0.03,-3.56,3.560477496
'2025-08-11 20:10:48.244,-0.06,-0.04,-3.58,3.580726183
'2025-08-11 20:10:48.250,-0.1,-0.05,-3.58,3.581745385
'2025-08-11 20:10:48.256,-0.12,-0.07,-3.58,3.582694517
'2025-08-11 20:10:48.263,-0.14,-0.09,-3.58,3.583866627
'2025-08-11 20:10:48.269,-0.16,-0.1,-3.58,3.584968619
'2025-08-11 20:10:48.275,-0.2,-0.1,-3.57,3.576995946
'2025-08-11 20:10:48.282,-0.21,-0.12,-3.57,3.578183897
'2025-08-11 20:10:48.289,-0.23,-0.13,-3.57,3.579762562
'2025-08-11 20:10:48.295,-0.24,-0.13,-3.57,3.58041897
'2025-08-11 20:10:48.302,-0.28,-0.14,-3.56,3.573737539
'2025-08-11 20:10:48.308,-0.3,-0.16,-3.55,3.566244523
'2025-08-11 20:10:48.315,-0.32,-0.16,-3.55,3.567982623
'2025-08-11 20:10:48.321,-0.34,-0.17,-3.55,3.570294106
'2025-08-11 20:10:48.328,-0.38,-0.18,-3.56,3.584745458
'2025-08-11 20:10:48.335,-0.4,-0.21,-3.58,3.608392994
'2025-08-11 20:10:48.341,-0.42,-0.22,-3.59,3.621173843
'2025-08-11 20:10:48.348,-0.44,-0.23,-3.59,3.62416887
'2025-08-11 20:10:48.355,-0.48,-0.24,-3.58,3.62
'2025-08-11 20:10:48.361,-0.5,-0.26,-3.57,3.614208074
'2025-08-11 20:10:48.367,-0.52,-0.27,-3.57,3.617761739
'2025-08-11 20:10:48.374,-0.54,-0.27,-3.57,3.620690542
'2025-08-11 20:10:48.380,-0.57,-0.28,-3.57,3.626044677
'2025-08-11 20:10:48.386,-0.58,-0.28,-3.57,3.62763008
'2025-08-11 20:10:48.392,-0.6,-0.28,-3.56,3.621049572
'2025-08-11 20:10:48.400,-0.62,-0.29,-3.55,3.615383797
'2025-08-11 20:10:48.407,-0.65,-0.29,-3.55,3.620649113
'2025-08-11 20:10:48.414,-0.68,-0.29,-3.55,3.626154988
'2025-08-11 20:10:48.421,-0.69,-0.29,-3.56,3.637829023
'2025-08-11 20:10:48.427,-0.7,-0.29,-3.56,3.639739002
'2025-08-11 20:10:48.434,-0.73,-0.29,-3.56,3.645627518
'2025-08-11 20:10:48.440,-0.75,-0.29,-3.55,3.639931318
'2025-08-11 20:10:48.447,-0.76,-0.29,-3.53,3.62251294
'2025-08-11 20:10:48.454,-0.78,-0.29,-3.53,3.626761641
'2025-08-11 20:10:48.460,-0.81,-0.29,-3.53,3.633331804
'2025-08-11 20:10:48.467,-0.83,-0.3,-3.53,3.638653597
'2025-08-11 20:10:48.474,-0.84,-0.3,-3.53,3.640947679
'2025-08-11 20:10:48.482,-0.85,-0.3,-3.52,3.633579502
'2025-08-11 20:10:48.491,-0.89,-0.31,-3.51,3.634322495
'2025-08-11 20:10:48.498,-0.9,-0.32,-3.5,3.628002205
'2025-08-11 20:10:48.504,-0.91,-0.32,-3.5,3.630495834
'2025-08-11 20:10:48.512,-0.92,-0.32,-3.5,3.633015277
'2025-08-11 20:10:48.519,-0.94,-0.32,-3.5,3.638131389
'2025-08-11 20:10:48.525,-0.95,-0.32,-3.49,3.631115531
'2025-08-11 20:10:48.533,-0.95,-0.32,-3.49,3.631115531
'2025-08-11 20:10:48.540,-0.97,-0.32,-3.49,3.636399318
'2025-08-11 20:10:48.547,-0.98,-0.32,-3.49,3.639079554
'2025-08-11 20:10:48.554,-0.99,-0.32,-3.5,3.651369606
'2025-08-11 20:10:48.560,-0.99,-0.32,-3.49,3.641785276
'2025-08-11 20:10:48.568,-0.99,-0.32,-3.48,3.632203188
'2025-08-11 20:10:48.575,-1.01,-0.32,-3.47,3.628140019
'2025-08-11 20:10:48.582,-1.01,-0.32,-3.46,3.618577068
'2025-08-11 20:10:48.590,-1.02,-0.31,-3.46,3.620511014
'2025-08-11 20:10:48.596,-1.02,-0.31,-3.47,3.63006887
'2025-08-11 20:10:48.602,-1.02,-0.3,-3.46,3.619668493
'2025-08-11 20:10:48.609,-1.02,-0.3,-3.46,3.619668493
'2025-08-11 20:10:48.616,-1.02,-0.29,-3.45,3.60929356
'2025-08-11 20:10:48.623,-1.02,-0.29,-3.45,3.60929356
'2025-08-11 20:10:48.630,-1.03,-0.29,-3.45,3.612132334
'2025-08-11 20:10:48.637,-1.03,-0.28,-3.45,3.61134324
'2025-08-11 20:10:48.643,-1.03,-0.28,-3.46,3.620897679
'2025-08-11 20:10:48.650,-1.03,-0.28,-3.45,3.61134324
'2025-08-11 20:10:48.656,-1.02,-0.27,-3.45,3.607741676
'2025-08-11 20:10:48.662,-1.02,-0.27,-3.45,3.607741676
'2025-08-11 20:10:48.669,-1.02,-0.26,-3.46,3.616572963
'2025-08-11 20:10:48.675,-1.02,-0.26,-3.47,3.6261412
'2025-08-11 20:10:48.682,-1,-0.25,-3.48,3.629448994
'2025-08-11 20:10:48.689,-0.98,-0.24,-3.48,3.623313401
'2025-08-11 20:10:48.696,-0.96,-0.23,-3.47,3.607686239
'2025-08-11 20:10:48.702,-0.94,-0.22,-3.46,3.592158126
'2025-08-11 20:10:48.709,-0.91,-0.21,-3.45,3.574171233
'2025-08-11 20:10:48.715,-0.9,-0.2,-3.45,3.571064267
'2025-08-11 20:10:48.721,-0.89,-0.2,-3.46,3.578225817
'2025-08-11 20:10:48.728,-0.87,-0.19,-3.46,3.572758038
'2025-08-11 20:10:48.735,-0.83,-0.19,-3.46,3.563228873
'2025-08-11 20:10:48.741,-0.82,-0.17,-3.46,3.559901684
'2025-08-11 20:10:48.747,-0.81,-0.17,-3.46,3.557611558
'2025-08-11 20:10:48.754,-0.8,-0.16,-3.46,3.554883964
'2025-08-11 20:10:48.761,-0.78,-0.15,-3.47,3.559747182
'2025-08-11 20:10:48.767,-0.76,-0.13,-3.5,3.583922432
'2025-08-11 20:10:48.773,-0.74,-0.12,-3.52,3.59894429
'2025-08-11 20:10:48.779,-0.72,-0.12,-3.52,3.594885255
'2025-08-11 20:10:48.786,-0.66,-0.1,-3.52,3.582736384
'2025-08-11 20:10:48.792,-0.64,-0.09,-3.51,3.569005464
'2025-08-11 20:10:48.799,-0.62,-0.08,-3.51,3.565234915
'2025-08-11 20:10:48.805,-0.6,-0.08,-3.51,3.561811337
'2025-08-11 20:10:48.812,-0.56,-0.07,-3.52,3.564954418
'2025-08-11 20:10:48.819,-0.53,-0.06,-3.55,3.589846793
'2025-08-11 20:10:48.827,-0.49,-0.06,-3.58,3.613876036
'2025-08-11 20:10:48.833,-0.46,-0.05,-3.58,3.609778387
'2025-08-11 20:10:48.839,-0.41,-0.05,-3.58,3.603748049
'2025-08-11 20:10:48.846,-0.39,-0.03,-3.58,3.601305319
'2025-08-11 20:10:48.852,-0.37,-0.03,-3.6,3.619088283
'2025-08-11 20:10:48.859,-0.34,-0.02,-3.62,3.635986799
'2025-08-11 20:10:48.869,-0.28,-0.01,-3.64,3.650767043
'2025-08-11 20:10:48.875,-0.25,0.01,-3.65,3.658565293
'2025-08-11 20:10:48.882,-0.22,0.02,-3.64,3.646697136
'2025-08-11 20:10:48.889,-0.2,0.04,-3.64,3.645709807
'2025-08-11 20:10:48.896,-0.14,0.05,-3.63,3.633042802
'2025-08-11 20:10:48.903,-0.12,0.05,-3.63,3.632327078
'2025-08-11 20:10:48.910,-0.08,0.06,-3.6,3.601388621
'2025-08-11 20:10:48.916,-0.06,0.07,-3.57,3.571190278
'2025-08-11 20:10:48.922,-0.01,0.07,-3.55,3.550704156
'2025-08-11 20:10:48.929,0.01,0.07,-3.55,3.550704156
'2025-08-11 20:10:48.936,0.05,0.08,-3.56,3.561249781
'2025-08-11 20:10:48.944,0.07,0.08,-3.58,3.581577865
'2025-08-11 20:10:48.952,0.14,0.08,-3.62,3.623589381
'2025-08-11 20:10:48.958,0.17,0.08,-3.63,3.634859007
'2025-08-11 20:10:48.966,0.19,0.09,-3.63,3.636083057
'2025-08-11 20:10:48.972,0.22,0.09,-3.63,3.637774045
'2025-08-11 20:10:48.978,0.27,0.1,-3.63,3.641400829
'2025-08-11 20:10:48.984,0.3,0.12,-3.63,3.644351794
'2025-08-11 20:10:48.991,0.33,0.13,-3.64,3.657239396
'2025-08-11 20:10:48.997,0.35,0.14,-3.65,3.669414122
'2025-08-11 20:10:49.004,0.4,0.14,-3.64,3.664587289
'2025-08-11 20:10:49.010,0.42,0.15,-3.63,3.657294082
'2025-08-11 20:10:49.016,0.44,0.16,-3.59,3.62040053
'2025-08-11 20:10:49.023,0.47,0.16,-3.57,3.604358473
'2025-08-11 20:10:49.029,0.51,0.16,-3.56,3.599902776
'2025-08-11 20:10:49.035,0.54,0.16,-3.55,3.59439842
'2025-08-11 20:10:49.042,0.56,0.16,-3.54,3.58758972
'2025-08-11 20:10:49.048,0.57,0.15,-3.53,3.578868536
'2025-08-11 20:10:49.054,0.61,0.15,-3.53,3.585456735
'2025-08-11 20:10:49.061,0.63,0.14,-3.53,3.58850944
'2025-08-11 20:10:49.068,0.64,0.13,-3.54,3.599736101
'2025-08-11 20:10:49.074,0.66,0.12,-3.54,3.602998751
'2025-08-11 20:10:49.080,0.68,0.12,-3.55,3.616531487
'2025-08-11 20:10:49.086,0.7,0.11,-3.55,3.620027624
'2025-08-11 20:10:49.093,0.71,0.11,-3.54,3.612173861
'2025-08-11 20:10:49.099,0.72,0.11,-3.53,3.604358473
'2025-08-11 20:10:49.105,0.75,0.11,-3.52,3.600694377
'2025-08-11 20:10:49.111,0.77,0.11,-3.52,3.604913314
'2025-08-11 20:10:49.119,0.78,0.12,-3.51,3.597624216
'2025-08-11 20:10:49.125,0.79,0.12,-3.49,3.580307249
'2025-08-11 20:10:49.131,0.81,0.12,-3.47,3.565305036
'2025-08-11 20:10:49.138,0.82,0.12,-3.44,3.538417725
'2025-08-11 20:10:49.144,0.83,0.12,-3.43,3.531033843
'2025-08-11 20:10:49.151,0.84,0.11,-3.43,3.533072317
'2025-08-11 20:10:49.158,0.86,0.11,-3.44,3.547576638
'2025-08-11 20:10:49.164,0.86,0.09,-3.45,3.556711965
'2025-08-11 20:10:49.170,0.85,0.08,-3.43,3.534656985
'2025-08-11 20:10:49.177,0.83,0.06,-3.28,3.383917848
'2025-08-11 20:10:49.183,0.72,0.05,-3.09,3.173168763
'2025-08-11 20:10:49.189,0.64,0.04,-2.74,2.814036247
'2025-08-11 20:10:49.196,0.54,0.03,-1.62,1.707893439
'2025-08-11 20:10:49.203,0.42,0.03,-1.05,1.131282458
'2025-08-11 20:10:49.210,0.28,0.02,-0.73,0.782112524
'2025-08-11 20:10:49.216,0.25,0.02,-0.48,0.541571787
'2025-08-11 20:10:49.222,0.23,0.02,-0.3,0.378549865
'2025-08-11 20:10:49.228,0.21,0.02,-0.23,0.312089731
'2025-08-11 20:10:49.235,0.18,0.02,-0.15,0.23515952
'2025-08-11 20:10:49.242,0.15,0.02,-0.04,0.156524758
'2025-08-11 20:10:49.249,0.14,0.02,0.11,0.179164729
'2025-08-11 20:10:49.256,0.13,0.02,0.1,0.165227116
'2025-08-11 20:10:49.262,0.14,0.02,0.1,0.173205081
'2025-08-11 20:10:49.268,0.14,0.02,0.07,0.157797338
'2025-08-11 20:10:49.274,0.14,0.02,0.01,0.141774469
'2025-08-11 20:10:49.281,0.14,0.02,0.01,0.141774469
'2025-08-11 20:10:49.288,0.13,0.02,0.01,0.13190906
'2025-08-11 20:10:49.294,0.12,0.02,0.03,0.125299641
'2025-08-11 20:10:49.301,0.11,0.02,0.06,0.126885775
'2025-08-11 20:10:49.308,0.11,0.02,0.06,0.126885775
'2025-08-11 20:10:49.315,0.11,0.02,0.04,0.118743421
'2025-08-11 20:10:49.321,0.11,0.01,0.02,0.112249722
'2025-08-11 20:10:49.328,0.11,0.01,0.01,0.110905365
'2025-08-11 20:10:49.334,0.1,0,0.02,0.10198039
'2025-08-11 20:10:49.341,0.1,0,0.04,0.107703296
'2025-08-11 20:10:49.347,0.09,-0.02,0.05,0.104880885
'2025-08-11 20:10:49.355,0.09,-0.02,0.04,0.100498756
'2025-08-11 20:10:49.362,0.1,-0.03,0.02,0.106301458
'2025-08-11 20:10:49.371,0.1,-0.03,-0.01,0.104880885
'2025-08-11 20:10:49.377,0.1,-0.03,-0.01,0.104880885
'2025-08-11 20:10:49.384,0.09,-0.03,0,0.09486833
'2025-08-11 20:10:49.390,0.09,-0.03,0.01,0.09539392
'2025-08-11 20:10:49.397,0.08,-0.04,0.01,0.09
'2025-08-11 20:10:49.403,0.08,-0.04,0.01,0.09
'2025-08-11 20:10:49.409,0.08,-0.04,-0.02,0.091651514
'2025-08-11 20:10:49.416,0.07,-0.04,-0.03,0.086023253
'2025-08-11 20:10:49.423,0.06,-0.04,-0.02,0.074833148
'2025-08-11 20:10:49.429,0.05,-0.04,-0.01,0.064807407
'2025-08-11 20:10:49.435,0.04,-0.04,0,0.056568542
'2025-08-11 20:10:49.442,0.04,-0.04,0,0.056568542
'2025-08-11 20:10:49.451,0.02,-0.04,-0.01,0.045825757
'2025-08-11 20:10:49.458,0.02,-0.05,-0.03,0.06164414
'2025-08-11 20:10:49.464,0.01,-0.05,-0.03,0.059160798
'2025-08-11 20:10:49.470,0,-0.05,-0.03,0.058309519
'2025-08-11 20:10:49.476,-0.02,-0.05,-0.02,0.057445626
'2025-08-11 20:10:49.483,-0.02,-0.05,-0.01,0.054772256
'2025-08-11 20:10:49.490,-0.03,-0.05,-0.02,0.06164414
'2025-08-11 20:10:49.497,-0.04,-0.05,-0.03,0.070710678
'2025-08-11 20:10:49.503,-0.05,-0.05,-0.04,0.081240384
'2025-08-11 20:10:49.509,-0.05,-0.05,-0.04,0.081240384
'2025-08-11 20:10:49.516,-0.06,-0.05,-0.03,0.083666003
'2025-08-11 20:10:49.522,-0.06,-0.05,-0.02,0.080622577
'2025-08-11 20:10:49.528,-0.07,-0.06,-0.01,0.092736185
'2025-08-11 20:10:49.535,-0.08,-0.06,-0.01,0.100498756
'2025-08-11 20:10:49.542,-0.08,-0.07,-0.02,0.108166538
'2025-08-11 20:10:49.548,-0.09,-0.07,-0.02,0.115758369
'2025-08-11 20:10:49.554,-0.1,-0.07,-0.02,0.123693169
'2025-08-11 20:10:49.561,-0.1,-0.07,-0.02,0.123693169
'2025-08-11 20:10:49.567,-0.11,-0.07,0.01,0.130766968
'2025-08-11 20:10:49.574,-0.11,-0.07,0.01,0.130766968
'2025-08-11 20:10:49.582,-0.12,-0.07,0.01,0.139283883
'2025-08-11 20:10:49.588,-0.13,-0.07,0.01,0.147986486
'2025-08-11 20:10:49.595,-0.13,-0.07,-0.01,0.147986486
'2025-08-11 20:10:49.601,-0.13,-0.07,-0.01,0.147986486
'2025-08-11 20:10:49.608,-0.13,-0.07,-0.01,0.147986486
'2025-08-11 20:10:49.614,-0.13,-0.07,0,0.147648231
'2025-08-11 20:10:49.620,-0.13,-0.07,0.01,0.147986486
'2025-08-11 20:10:49.627,-0.13,-0.08,0.01,0.152970585
'2025-08-11 20:10:49.633,-0.13,-0.08,0,0.152643375
'2025-08-11 20:10:49.640,-0.13,-0.08,-0.01,0.152970585
'2025-08-11 20:10:49.647,-0.14,-0.07,-0.01,0.156843871
'2025-08-11 20:10:49.653,-0.14,-0.07,0,0.156524758
'2025-08-11 20:10:49.660,-0.15,-0.07,0.01,0.16583124
'2025-08-11 20:10:49.666,-0.15,-0.07,0.02,0.16673332
'2025-08-11 20:10:49.674,-0.16,-0.06,0.02,0.172046505
'2025-08-11 20:10:49.681,-0.16,-0.06,0.01,0.171172428
'2025-08-11 20:10:49.687,-0.17,-0.06,0.01,0.180554701
'2025-08-11 20:10:49.694,-0.17,-0.05,0.01,0.177482393
'2025-08-11 20:10:49.700,-0.17,-0.05,0.02,0.178325545
'2025-08-11 20:10:49.707,-0.18,-0.05,0.02,0.187882942
'2025-08-11 20:10:49.713,-0.19,-0.05,0.02,0.197484177
'2025-08-11 20:10:49.719,-0.2,-0.05,0.02,0.207123152
'2025-08-11 20:10:49.726,-0.2,-0.05,0.01,0.206397674
'2025-08-11 20:10:49.732,-0.2,-0.05,0.01,0.206397674
'2025-08-11 20:10:49.739,-0.2,-0.04,0.01,0.204205779
'2025-08-11 20:10:49.745,-0.2,-0.04,0.01,0.204205779
'2025-08-11 20:10:49.751,-0.2,-0.04,0.03,0.206155281
'2025-08-11 20:10:49.758,-0.2,-0.04,0.04,0.207846097
'2025-08-11 20:10:49.765,-0.21,-0.04,0.04,0.217485632
'2025-08-11 20:10:49.771,-0.21,-0.03,0.03,0.214242853
'2025-08-11 20:10:49.778,-0.22,-0.03,0.03,0.224053565
'2025-08-11 20:10:49.785,-0.22,-0.03,0.03,0.224053565
'2025-08-11 20:10:49.791,-0.22,-0.02,0.04,0.224499443
'2025-08-11 20:10:49.798,-0.22,-0.02,0.05,0.226495033
'2025-08-11 20:10:49.804,-0.22,-0.02,0.05,0.226495033
'2025-08-11 20:10:49.810,-0.22,-0.02,0.05,0.226495033
'2025-08-11 20:10:49.816,-0.22,-0.02,0.04,0.224499443
'2025-08-11 20:10:49.823,-0.22,-0.03,0.03,0.224053565
'2025-08-11 20:10:49.829,-0.22,-0.03,0.03,0.224053565
'2025-08-11 20:10:49.836,-0.21,-0.03,0.03,0.214242853
'2025-08-11 20:10:49.842,-0.2,-0.03,0.03,0.204450483
'2025-08-11 20:10:49.848,-0.19,-0.02,0.03,0.193390796
'2025-08-11 20:10:49.855,-0.19,-0.02,0.03,0.193390796
'2025-08-11 20:10:49.861,-0.19,-0.02,0.02,0.192093727
'2025-08-11 20:10:49.868,-0.18,-0.02,0.02,0.182208672
'2025-08-11 20:10:49.874,-0.17,-0.01,0.01,0.170587221
'2025-08-11 20:10:49.880,-0.17,-0.01,0.02,0.171464282
'2025-08-11 20:10:49.887,-0.17,0,0.02,0.171172428
'2025-08-11 20:10:49.897,-0.16,0,0.02,0.161245155
'2025-08-11 20:10:49.904,-0.16,0.01,0.02,0.161554944
'2025-08-11 20:10:49.910,-0.16,0.02,0.02,0.162480768
'2025-08-11 20:10:49.916,-0.15,0.02,0.02,0.152643375
'2025-08-11 20:10:49.923,-0.15,0.02,0.02,0.152643375
'2025-08-11 20:10:49.930,-0.15,0.03,0.02,0.154272486
'2025-08-11 20:10:49.936,-0.15,0.03,0.02,0.154272486
'2025-08-11 20:10:49.945,-0.14,0.03,0.02,0.144568323
'2025-08-11 20:10:49.951,-0.14,0.03,0.01,0.143527001
'2025-08-11 20:10:49.957,-0.14,0.04,0,0.145602198
'2025-08-11 20:10:49.963,-0.14,0.04,0,0.145602198
'2025-08-11 20:10:49.970,-0.14,0.04,0,0.145602198
'2025-08-11 20:10:49.976,-0.14,0.04,0,0.145602198
'2025-08-11 20:10:49.983,-0.13,0.05,0,0.139283883
'2025-08-11 20:10:49.990,-0.13,0.05,0.01,0.1396424
'2025-08-11 20:10:49.996,-0.13,0.05,0.01,0.1396424
'2025-08-11 20:10:50.003,-0.12,0.05,0,0.13
'2025-08-11 20:10:50.009,-0.12,0.05,0,0.13
'2025-08-11 20:10:50.016,-0.11,0.05,0.01,0.121243557
'2025-08-11 20:10:50.022,-0.11,0.05,0.01,0.121243557
'2025-08-11 20:10:50.028,-0.09,0.05,0.01,0.103440804
'2025-08-11 20:10:50.036,-0.08,0.05,0.02,0.096436508
'2025-08-11 20:10:50.042,-0.08,0.05,0.02,0.096436508
'2025-08-11 20:10:50.048,-0.07,0.05,0.01,0.08660254
'2025-08-11 20:10:50.054,-0.06,0.05,0.01,0.078740079
'2025-08-11 20:10:50.061,-0.06,0.05,0.01,0.078740079
'2025-08-11 20:10:50.068,-0.05,0.05,0.01,0.071414284
'2025-08-11 20:10:50.074,-0.04,0.05,0.01,0.064807407
'2025-08-11 20:10:50.081,-0.03,0.05,0,0.058309519
'2025-08-11 20:10:50.088,-0.02,0.05,-0.01,0.054772256
'2025-08-11 20:10:50.096,-0.02,0.05,-0.02,0.057445626
'2025-08-11 20:10:50.104,-0.01,0.05,-0.02,0.054772256
'2025-08-11 20:10:50.110,0,0.05,-0.02,0.053851648
'2025-08-11 20:10:50.117,0.01,0.06,-0.01,0.06164414
'2025-08-11 20:10:50.123,0.01,0.06,0,0.060827625
'2025-08-11 20:10:50.129,0.02,0.06,0,0.063245553
'2025-08-11 20:10:50.136,0.02,0.07,0,0.072801099
'2025-08-11 20:10:50.142,0.03,0.07,0,0.076157731
'2025-08-11 20:10:50.148,0.03,0.07,0,0.076157731
'2025-08-11 20:10:50.155,0.03,0.07,0.01,0.076811457
'2025-08-11 20:10:50.161,0.04,0.07,0.01,0.081240384
'2025-08-11 20:10:50.168,0.04,0.07,0.01,0.081240384
'2025-08-11 20:10:50.174,0.05,0.08,0.01,0.09486833
'2025-08-11 20:10:50.181,0.05,0.08,0.01,0.09486833
'2025-08-11 20:10:50.187,0.06,0.08,0.01,0.100498756
'2025-08-11 20:10:50.194,0.06,0.08,0.01,0.100498756
'2025-08-11 20:10:50.200,0.06,0.08,0.02,0.10198039
'2025-08-11 20:10:50.207,0.07,0.08,0.02,0.108166538
'2025-08-11 20:10:50.213,0.07,0.07,0.02,0.100995049
'2025-08-11 20:10:50.219,0.07,0.07,0.02,0.100995049
'2025-08-11 20:10:50.226,0.08,0.07,0.02,0.108166538
'2025-08-11 20:10:50.233,0.08,0.07,0.02,0.108166538
'2025-08-11 20:10:50.239,0.08,0.07,0.02,0.108166538
'2025-08-11 20:10:50.247,0.08,0.06,0.02,0.10198039
'2025-08-11 20:10:50.253,0.09,0.06,0.03,0.112249722
'2025-08-11 20:10:50.260,0.09,0.06,0.04,0.115325626
'2025-08-11 20:10:50.266,0.09,0.06,0.05,0.119163753
'2025-08-11 20:10:50.272,0.1,0.05,0.05,0.122474487
'2025-08-11 20:10:50.278,0.1,0.05,0.05,0.122474487
'2025-08-11 20:10:50.286,0.1,0.05,0.06,0.126885775
'2025-08-11 20:10:50.292,0.11,0.05,0.06,0.134907376
'2025-08-11 20:10:50.299,0.11,0.05,0.06,0.134907376
'2025-08-11 20:10:50.304,0.12,0.05,0.06,0.143178211
'2025-08-11 20:10:50.312,0.12,0.04,0.06,0.14
'2025-08-11 20:10:50.318,0.13,0.04,0.06,0.148660687
'2025-08-11 20:10:50.324,0.13,0.04,0.06,0.148660687
'2025-08-11 20:10:50.330,0.13,0.04,0.05,0.144913767
'2025-08-11 20:10:50.336,0.13,0.04,0.05,0.144913767
'2025-08-11 20:10:50.343,0.14,0.04,0.05,0.153948043
'2025-08-11 20:10:50.350,0.14,0.04,0.05,0.153948043
'2025-08-11 20:10:50.357,0.14,0.04,0.04,0.150996689
'2025-08-11 20:10:50.364,0.14,0.04,0.04,0.150996689
'2025-08-11 20:10:50.370,0.14,0.04,0.04,0.150996689
'2025-08-11 20:10:50.377,0.14,0.04,0.04,0.150996689
'2025-08-11 20:10:50.383,0.14,0.04,0.04,0.150996689
'2025-08-11 20:10:50.389,0.14,0.03,0.04,0.148660687
'2025-08-11 20:10:50.396,0.14,0.03,0.04,0.148660687
'2025-08-11 20:10:50.402,0.14,0.03,0.04,0.148660687
'2025-08-11 20:10:50.409,0.14,0.03,0.05,0.151657509
'2025-08-11 20:10:50.416,0.14,0.03,0.05,0.151657509
'2025-08-11 20:10:50.422,0.14,0.03,0.04,0.148660687
'2025-08-11 20:10:50.428,0.13,0.02,0.04,0.137477271
'2025-08-11 20:10:50.435,0.13,0.02,0.04,0.137477271
'2025-08-11 20:10:50.441,0.13,0.02,0.04,0.137477271
'2025-08-11 20:10:50.448,0.12,0.01,0.03,0.124096736
'2025-08-11 20:10:50.454,0.12,0.01,0.03,0.124096736
'2025-08-11 20:10:50.461,0.12,0.01,0.03,0.124096736
'2025-08-11 20:10:50.468,0.12,0,0.03,0.123693169
'2025-08-11 20:10:50.474,0.11,0,0.03,0.114017543
'2025-08-11 20:10:50.480,0.1,-0.01,0.03,0.104880885
'2025-08-11 20:10:50.487,0.1,-0.01,0.04,0.108166538
'2025-08-11 20:10:50.493,0.09,-0.01,0.04,0.098994949
'2025-08-11 20:10:50.500,0.08,-0.01,0.05,0.09486833
'2025-08-11 20:10:50.507,0.08,-0.02,0.05,0.096436508
'2025-08-11 20:10:50.514,0.07,-0.02,0.06,0.094339811
'2025-08-11 20:10:50.520,0.07,-0.02,0.06,0.094339811
'2025-08-11 20:10:50.527,0.07,-0.03,0.06,0.096953597
'2025-08-11 20:10:50.534,0.07,-0.04,0.06,0.100498756
'2025-08-11 20:10:50.540,0.07,-0.04,0.05,0.09486833
'2025-08-11 20:10:50.547,0.07,-0.04,0.04,0.09
'2025-08-11 20:10:50.555,0.07,-0.04,0.03,0.086023253
'2025-08-11 20:10:50.563,0.06,-0.05,0.02,0.080622577
'2025-08-11 20:10:50.569,0.06,-0.05,0,0.078102497
'2025-08-11 20:10:50.576,0.06,-0.05,0,0.078102497
'2025-08-11 20:10:50.582,0.05,-0.05,0,0.070710678
'2025-08-11 20:10:50.588,0.05,-0.05,-0.01,0.071414284
'2025-08-11 20:10:50.595,0.05,-0.05,-0.01,0.071414284
'2025-08-11 20:10:50.601,0.04,-0.05,-0.01,0.064807407
'2025-08-11 20:10:50.608,0.03,-0.05,-0.01,0.059160798
'2025-08-11 20:10:50.614,0.03,-0.05,-0.01,0.059160798
'2025-08-11 20:10:50.620,0.03,-0.05,0,0.058309519
'2025-08-11 20:10:50.627,0.02,-0.05,0,0.053851648
'2025-08-11 20:10:50.633,0.01,-0.05,0,0.050990195
'2025-08-11 20:10:50.640,0.01,-0.06,0,0.060827625
'2025-08-11 20:10:50.646,0,-0.06,0,0.06
'2025-08-11 20:10:50.653,-0.01,-0.06,0,0.060827625
'2025-08-11 20:10:50.661,-0.02,-0.06,0,0.063245553
'2025-08-11 20:10:50.667,-0.03,-0.07,0,0.076157731
'2025-08-11 20:10:50.673,-0.03,-0.07,0,0.076157731
'2025-08-11 20:10:50.681,-0.04,-0.07,0,0.080622577
'2025-08-11 20:10:50.688,-0.05,-0.07,0,0.086023253
'2025-08-11 20:10:50.694,-0.06,-0.07,0,0.092195445
'2025-08-11 20:10:50.700,-0.06,-0.07,0,0.092195445
'2025-08-11 20:10:50.707,-0.06,-0.07,0,0.092195445
'2025-08-11 20:10:50.713,-0.07,-0.07,0,0.098994949
'2025-08-11 20:10:50.720,-0.08,-0.07,0.01,0.106770783
'2025-08-11 20:10:50.726,-0.09,-0.07,0.02,0.115758369
'2025-08-11 20:10:50.733,-0.09,-0.07,0.02,0.115758369
'2025-08-11 20:10:50.739,-0.1,-0.07,0.03,0.125698051
'2025-08-11 20:10:50.745,-0.1,-0.07,0.03,0.125698051
'2025-08-11 20:10:50.752,-0.11,-0.07,0.03,0.133790882
'2025-08-11 20:10:50.758,-0.11,-0.07,0.03,0.133790882
'2025-08-11 20:10:50.764,-0.11,-0.08,0.03,0.139283883
'2025-08-11 20:10:50.771,-0.11,-0.08,0.03,0.139283883
'2025-08-11 20:10:50.777,-0.12,-0.08,0.02,0.145602198
'2025-08-11 20:10:50.783,-0.12,-0.08,0.02,0.145602198
'2025-08-11 20:10:50.790,-0.12,-0.08,0.01,0.144568323
'2025-08-11 20:10:50.797,-0.13,-0.08,0.01,0.152970585
'2025-08-11 20:10:50.803,-0.13,-0.08,0.01,0.152970585
'2025-08-11 20:10:50.809,-0.13,-0.08,0.01,0.152970585
'2025-08-11 20:10:50.816,-0.14,-0.08,0.01,0.161554944
'2025-08-11 20:10:50.822,-0.14,-0.07,0.02,0.157797338
'2025-08-11 20:10:50.829,-0.14,-0.07,0.02,0.157797338
'2025-08-11 20:10:50.835,-0.14,-0.07,0.03,0.159373775
'2025-08-11 20:10:50.842,-0.15,-0.07,0.03,0.168226038
'2025-08-11 20:10:50.848,-0.15,-0.06,0.04,0.16643317
'2025-08-11 20:10:50.854,-0.15,-0.06,0.04,0.16643317
'2025-08-11 20:10:50.861,-0.15,-0.06,0.05,0.169115345
'2025-08-11 20:10:50.867,-0.16,-0.06,0.05,0.178044938
'2025-08-11 20:10:50.874,-0.16,-0.05,0.05,0.174928557
'2025-08-11 20:10:50.881,-0.17,-0.05,0.04,0.181659021
'2025-08-11 20:10:50.887,-0.17,-0.05,0.04,0.181659021
'2025-08-11 20:10:50.894,-0.18,-0.05,0.04,0.191049732
'2025-08-11 20:10:50.901,-0.18,-0.05,0.04,0.191049732
'2025-08-11 20:10:50.907,-0.18,-0.05,0.03,0.189208879
'2025-08-11 20:10:50.913,-0.19,-0.05,0.03,0.198746069
'2025-08-11 20:10:50.920,-0.19,-0.05,0.03,0.198746069
'2025-08-11 20:10:50.926,-0.19,-0.04,0.03,0.196468827
'2025-08-11 20:10:50.933,-0.2,-0.04,0.03,0.206155281
'2025-08-11 20:10:50.940,-0.2,-0.04,0.04,0.207846097
'2025-08-11 20:10:50.946,-0.2,-0.04,0.04,0.207846097
'2025-08-11 20:10:50.952,-0.2,-0.03,0.05,0.208326667
'2025-08-11 20:10:50.959,-0.2,-0.03,0.05,0.208326667
'2025-08-11 20:10:50.965,-0.2,-0.03,0.06,0.210950231
'2025-08-11 20:10:50.971,-0.2,-0.03,0.06,0.210950231
'2025-08-11 20:10:50.978,-0.2,-0.03,0.06,0.210950231
'2025-08-11 20:10:50.985,-0.19,-0.03,0.06,0.201494417
'2025-08-11 20:10:50.991,-0.19,-0.02,0.06,0.200249844
'2025-08-11 20:10:50.998,-0.19,-0.02,0.06,0.200249844
'2025-08-11 20:10:51.004,-0.19,-0.02,0.05,0.197484177
'2025-08-11 20:10:51.011,-0.19,-0.01,0.04,0.194422221
'2025-08-11 20:10:51.017,-0.19,-0.01,0.04,0.194422221
'2025-08-11 20:10:51.023,-0.18,-0.01,0.03,0.182756669
'2025-08-11 20:10:51.029,-0.18,0,0.03,0.182482876
'2025-08-11 20:10:51.036,-0.18,0,0.02,0.181107703
'2025-08-11 20:10:51.046,-0.18,0,0.02,0.181107703
'2025-08-11 20:10:51.053,-0.17,0.01,0.02,0.171464282
'2025-08-11 20:10:51.059,-0.17,0.01,0.02,0.171464282
'2025-08-11 20:10:51.069,-0.16,0.02,0.03,0.164012195
'2025-08-11 20:10:51.076,-0.16,0.02,0.03,0.164012195
'2025-08-11 20:10:51.083,-0.15,0.02,0.03,0.154272486
'2025-08-11 20:10:51.089,-0.15,0.03,0.03,0.155884573
'2025-08-11 20:10:51.099,-0.14,0.03,0.03,0.146287388
'2025-08-11 20:10:51.112,-0.14,0.03,0.03,0.146287388
'2025-08-11 20:10:51.118,-0.13,0.04,0.03,0.139283883
'2025-08-11 20:10:51.125,-0.13,0.04,0.02,0.137477271
'2025-08-11 20:10:51.133,-0.12,0.04,0.01,0.126885775
'2025-08-11 20:10:51.140,-0.12,0.04,0.01,0.126885775
'2025-08-11 20:10:51.147,-0.12,0.04,0,0.126491106
'2025-08-11 20:10:51.153,-0.11,0.05,0,0.12083046
'2025-08-11 20:10:51.160,-0.11,0.05,0,0.12083046
'2025-08-11 20:10:51.166,-0.11,0.05,0,0.12083046
'2025-08-11 20:10:51.173,-0.1,0.05,0,0.111803399
'2025-08-11 20:10:51.179,-0.1,0.05,0,0.111803399
'2025-08-11 20:10:51.186,-0.09,0.05,0.01,0.103440804
'2025-08-11 20:10:51.193,-0.09,0.05,0.01,0.103440804
'2025-08-11 20:10:51.199,-0.09,0.05,0.01,0.103440804
'2025-08-11 20:10:51.206,-0.08,0.05,0.01,0.09486833
'2025-08-11 20:10:51.212,-0.08,0.05,0.02,0.096436508
'2025-08-11 20:10:51.219,-0.07,0.05,0.02,0.088317609
'2025-08-11 20:10:51.225,-0.06,0.06,0.02,0.087177979
'2025-08-11 20:10:51.232,-0.06,0.06,0.02,0.087177979
'2025-08-11 20:10:51.238,-0.06,0.06,0.02,0.087177979
'2025-08-11 20:10:51.244,-0.06,0.06,0.02,0.087177979
'2025-08-11 20:10:51.251,-0.04,0.06,0.01,0.072801099
'2025-08-11 20:10:51.257,-0.04,0.06,0.01,0.072801099
'2025-08-11 20:10:51.264,-0.03,0.06,0,0.067082039
'2025-08-11 20:10:51.271,-0.03,0.06,0,0.067082039
'2025-08-11 20:10:51.278,-0.01,0.07,0,0.070710678
'2025-08-11 20:10:51.284,-0.01,0.07,0,0.070710678
'2025-08-11 20:10:51.291,0,0.07,0,0.07
'2025-08-11 20:10:51.297,0,0.07,0,0.07
'2025-08-11 20:10:51.303,0.01,0.07,0.01,0.071414284
'2025-08-11 20:10:51.310,0.02,0.07,0.01,0.073484692
'2025-08-11 20:10:51.316,0.02,0.08,0.01,0.083066239
'2025-08-11 20:10:51.323,0.03,0.08,0.02,0.087749644
'2025-08-11 20:10:51.330,0.03,0.08,0.02,0.087749644
'2025-08-11 20:10:51.336,0.04,0.08,0.02,0.091651514
'2025-08-11 20:10:51.342,0.04,0.08,0.02,0.091651514
'2025-08-11 20:10:51.348,0.05,0.08,0.02,0.096436508
'2025-08-11 20:10:51.355,0.05,0.08,0.02,0.096436508
'2025-08-11 20:10:51.361,0.05,0.08,0.02,0.096436508
'2025-08-11 20:10:51.368,0.06,0.08,0.02,0.10198039
'2025-08-11 20:10:51.374,0.06,0.08,0.02,0.10198039
'2025-08-11 20:10:51.381,0.06,0.07,0.02,0.094339811
'2025-08-11 20:10:51.388,0.07,0.07,0.02,0.100995049
'2025-08-11 20:10:51.394,0.07,0.07,0.02,0.100995049
'2025-08-11 20:10:51.401,0.07,0.07,0.02,0.100995049
'2025-08-11 20:10:51.407,0.07,0.07,0.02,0.100995049
'2025-08-11 20:10:51.413,0.07,0.07,0.03,0.103440804
'2025-08-11 20:10:51.420,0.08,0.07,0.03,0.11045361
'2025-08-11 20:10:51.426,0.08,0.06,0.04,0.107703296
'2025-08-11 20:10:51.433,0.08,0.06,0.04,0.107703296
'2025-08-11 20:10:51.439,0.08,0.06,0.05,0.111803399
'2025-08-11 20:10:51.446,0.08,0.06,0.05,0.111803399
'2025-08-11 20:10:51.452,0.09,0.05,0.05,0.114455231
'2025-08-11 20:10:51.460,0.09,0.05,0.05,0.114455231
'2025-08-11 20:10:51.466,0.09,0.05,0.05,0.114455231
'2025-08-11 20:10:51.472,0.1,0.05,0.05,0.122474487
'2025-08-11 20:10:51.478,0.1,0.05,0.05,0.122474487
'2025-08-11 20:10:51.485,0.1,0.05,0.05,0.122474487
'2025-08-11 20:10:51.491,0.11,0.05,0.05,0.130766968
'2025-08-11 20:10:51.497,0.11,0.05,0.05,0.130766968
'2025-08-11 20:10:51.503,0.11,0.04,0.04,0.123693169
'2025-08-11 20:10:51.509,0.12,0.04,0.04,0.132664992
'2025-08-11 20:10:51.515,0.12,0.04,0.04,0.132664992
'2025-08-11 20:10:51.522,0.12,0.04,0.04,0.132664992
'2025-08-11 20:10:51.529,0.12,0.04,0.04,0.132664992
'2025-08-11 20:10:51.536,0.12,0.04,0.04,0.132664992
'2025-08-11 20:10:51.542,0.12,0.03,0.04,0.13
'2025-08-11 20:10:51.548,0.13,0.03,0.04,0.139283883
'2025-08-11 20:10:51.555,0.13,0.03,0.04,0.139283883
'2025-08-11 20:10:51.562,0.13,0.03,0.04,0.139283883
'2025-08-11 20:10:51.568,0.13,0.03,0.04,0.139283883
'2025-08-11 20:10:51.575,0.13,0.02,0.04,0.137477271
'2025-08-11 20:10:51.587,0.13,0.02,0.04,0.137477271
'2025-08-11 20:10:51.594,0.12,0.02,0.04,0.128062485
'2025-08-11 20:10:51.600,0.12,0.01,0.04,0.126885775
'2025-08-11 20:10:51.607,0.12,0.01,0.04,0.126885775
'2025-08-11 20:10:51.614,0.12,0.01,0.04,0.126885775
'2025-08-11 20:10:51.620,0.11,0.01,0.04,0.117473401
'2025-08-11 20:10:51.627,0.11,0,0.04,0.117046999
'2025-08-11 20:10:51.633,0.11,0,0.03,0.114017543
'2025-08-11 20:10:51.640,0.1,0,0.03,0.104403065
'2025-08-11 20:10:51.646,0.1,-0.01,0.03,0.104880885
'2025-08-11 20:10:51.653,0.09,-0.01,0.03,0.09539392
'2025-08-11 20:10:51.659,0.09,-0.01,0.03,0.09539392
'2025-08-11 20:10:51.666,0.09,-0.02,0.03,0.096953597
'2025-08-11 20:10:51.672,0.08,-0.02,0.03,0.087749644
'2025-08-11 20:10:51.678,0.08,-0.02,0.03,0.087749644
'2025-08-11 20:10:51.685,0.07,-0.02,0.04,0.083066239
'2025-08-11 20:10:51.691,0.07,-0.03,0.04,0.086023253
'2025-08-11 20:10:51.698,0.06,-0.03,0.04,0.078102497
'2025-08-11 20:10:51.704,0.06,-0.03,0.04,0.078102497
'2025-08-11 20:10:51.710,0.06,-0.04,0.04,0.082462113
'2025-08-11 20:10:51.717,0.06,-0.04,0.04,0.082462113
'2025-08-11 20:10:51.723,0.05,-0.04,0.03,0.070710678
'2025-08-11 20:10:51.730,0.05,-0.05,0.03,0.076811457
'2025-08-11 20:10:51.736,0.05,-0.05,0.02,0.073484692
'2025-08-11 20:10:51.742,0.05,-0.05,0.02,0.073484692
'2025-08-11 20:10:51.749,0.04,-0.05,0.01,0.064807407
'2025-08-11 20:10:51.755,0.04,-0.06,0.01,0.072801099
'2025-08-11 20:10:51.761,0.04,-0.06,0.01,0.072801099
'2025-08-11 20:10:51.768,0.03,-0.06,0.01,0.0678233
'2025-08-11 20:10:51.775,0.03,-0.06,0.01,0.0678233
'2025-08-11 20:10:51.781,0.02,-0.06,0.01,0.064031242
'2025-08-11 20:10:51.787,0.02,-0.06,0.01,0.064031242
'2025-08-11 20:10:51.793,0.02,-0.06,0.01,0.064031242
'2025-08-11 20:10:51.800,0.01,-0.07,0.01,0.071414284
'2025-08-11 20:10:51.806,0.01,-0.07,0.02,0.073484692
'2025-08-11 20:10:51.813,0,-0.07,0.02,0.072801099
'2025-08-11 20:10:51.819,0,-0.07,0.02,0.072801099
'2025-08-11 20:10:51.826,-0.01,-0.07,0.02,0.073484692
'2025-08-11 20:10:51.832,-0.02,-0.08,0.02,0.084852814
'2025-08-11 20:10:51.838,-0.02,-0.08,0.02,0.084852814
'2025-08-11 20:10:51.845,-0.03,-0.08,0.01,0.086023253
'2025-08-11 20:10:51.851,-0.04,-0.08,0.01,0.09
'2025-08-11 20:10:51.858,-0.04,-0.08,0.01,0.09
'2025-08-11 20:10:51.864,-0.05,-0.08,0.01,0.09486833
'2025-08-11 20:10:51.871,-0.05,-0.08,0.01,0.09486833
'2025-08-11 20:10:51.877,-0.06,-0.08,0.01,0.100498756
'2025-08-11 20:10:51.884,-0.06,-0.08,0.01,0.100498756
'2025-08-11 20:10:51.891,-0.06,-0.08,0.01,0.100498756
'2025-08-11 20:10:51.898,-0.07,-0.08,0.01,0.106770783
'2025-08-11 20:10:51.904,-0.08,-0.08,0.02,0.114891253
'2025-08-11 20:10:51.911,-0.08,-0.08,0.02,0.114891253
'2025-08-11 20:10:51.917,-0.09,-0.08,0.03,0.124096736
'2025-08-11 20:10:51.924,-0.09,-0.08,0.03,0.124096736
'2025-08-11 20:10:51.930,-0.1,-0.08,0.03,0.131529464
'2025-08-11 20:10:51.936,-0.1,-0.08,0.03,0.131529464
'2025-08-11 20:10:51.942,-0.11,-0.08,0.03,0.139283883
'2025-08-11 20:10:51.950,-0.11,-0.08,0.03,0.139283883
'2025-08-11 20:10:51.956,-0.12,-0.08,0.03,0.147309199
'2025-08-11 20:10:51.962,-0.12,-0.08,0.03,0.147309199
'2025-08-11 20:10:51.969,-0.12,-0.08,0.03,0.147309199
'2025-08-11 20:10:51.976,-0.12,-0.08,0.03,0.147309199
'2025-08-11 20:10:51.982,-0.13,-0.08,0.03,0.155563492
'2025-08-11 20:10:51.988,-0.13,-0.08,0.02,0.153948043
'2025-08-11 20:10:51.995,-0.13,-0.08,0.02,0.153948043
'2025-08-11 20:10:52.002,-0.13,-0.08,0.03,0.155563492
'2025-08-11 20:10:52.009,-0.14,-0.08,0.03,0.164012195
'2025-08-11 20:10:52.015,-0.14,-0.07,0.03,0.159373775
'2025-08-11 20:10:52.022,-0.14,-0.07,0.04,0.161554944
'2025-08-11 20:10:52.029,-0.14,-0.07,0.04,0.161554944
'2025-08-11 20:10:52.035,-0.15,-0.07,0.04,0.170293864
'2025-08-11 20:10:52.042,-0.15,-0.06,0.04,0.16643317
'2025-08-11 20:10:52.048,-0.15,-0.06,0.04,0.16643317
'2025-08-11 20:10:52.054,-0.15,-0.06,0.04,0.16643317
'2025-08-11 20:10:52.061,-0.16,-0.06,0.04,0.175499288
'2025-08-11 20:10:52.068,-0.16,-0.06,0.04,0.175499288
'2025-08-11 20:10:52.077,-0.16,-0.06,0.04,0.175499288
'2025-08-11 20:10:52.083,-0.17,-0.05,0.04,0.181659021
'2025-08-11 20:10:52.089,-0.17,-0.05,0.04,0.181659021
'2025-08-11 20:10:52.097,-0.17,-0.05,0.04,0.181659021
'2025-08-11 20:10:52.103,-0.18,-0.05,0.03,0.189208879
'2025-08-11 20:10:52.110,-0.18,-0.05,0.03,0.189208879
'2025-08-11 20:10:52.116,-0.18,-0.04,0.03,0.186815417
'2025-08-11 20:10:52.123,-0.18,-0.04,0.04,0.188679623
'2025-08-11 20:10:52.130,-0.18,-0.04,0.04,0.188679623
'2025-08-11 20:10:52.136,-0.18,-0.03,0.04,0.186815417
'2025-08-11 20:10:52.143,-0.18,-0.03,0.04,0.186815417
'2025-08-11 20:10:52.150,-0.18,-0.03,0.04,0.186815417
'2025-08-11 20:10:52.156,-0.18,-0.02,0.04,0.18547237
'2025-08-11 20:10:52.162,-0.18,-0.02,0.04,0.18547237
'2025-08-11 20:10:52.169,-0.18,-0.02,0.04,0.18547237
'2025-08-11 20:10:52.175,-0.18,-0.02,0.04,0.18547237
'2025-08-11 20:10:52.182,-0.18,-0.02,0.04,0.18547237
'2025-08-11 20:10:52.188,-0.18,-0.01,0.04,0.184661853
'2025-08-11 20:10:52.194,-0.17,-0.01,0.04,0.174928557
'2025-08-11 20:10:52.201,-0.17,-0.01,0.03,0.172916165
'2025-08-11 20:10:52.207,-0.17,0,0.03,0.172626765
'2025-08-11 20:10:52.213,-0.16,0,0.03,0.162788206
'2025-08-11 20:10:52.220,-0.16,0,0.02,0.161245155
'2025-08-11 20:10:52.226,-0.16,0.01,0.02,0.161554944
'2025-08-11 20:10:52.233,-0.15,0.01,0.02,0.151657509
'2025-08-11 20:10:52.239,-0.15,0.01,0.02,0.151657509
'2025-08-11 20:10:52.245,-0.15,0.02,0.02,0.152643375
'2025-08-11 20:10:52.252,-0.14,0.02,0.02,0.142828569
'2025-08-11 20:10:52.258,-0.14,0.02,0.02,0.142828569
'2025-08-11 20:10:52.264,-0.14,0.03,0.02,0.144568323
'2025-08-11 20:10:52.272,-0.13,0.03,0.02,0.134907376
'2025-08-11 20:10:52.278,-0.13,0.03,0.02,0.134907376
'2025-08-11 20:10:52.287,-0.13,0.04,0.02,0.137477271
