[0.666s] Invoking command in '/home/fyp/FYP/aerogripper_ws/build/aerogripper_control': CMAKE_PREFIX_PATH=/home/fyp/FYP/aerogripper_ws/install/aerogripper_msgs:/home/fyp/FYP/aerogripper_ws/install/aerogripper_simulator:/home/fyp/FYP/aerogripper_ws/install/aerogripper_control:/home/fyp/FYP/px4_ws/install/px4_ros_com:/home/fyp/FYP/px4_ws/install/px4_msgs:/opt/ros/humble /usr/bin/cmake --build /home/fyp/FYP/aerogripper_ws/build/aerogripper_control -- -j32 -l32
[0.716s] [35m[1mConsolidate compiler generated dependencies of target aerogripper_control_lib[0m
[0.726s] [ 20%] Built target motor_test_node
[0.730s] [ 30%] [32mBuilding CXX object CMakeFiles/aerogripper_control_lib.dir/src/mixer.cpp.o[0m
[0.880s] [01m[K/home/fyp/FYP/aerogripper_ws/src/aerogripper_control/src/mixer.cpp:5:1:[m[K [01;31m[Kerror: [m[Kextended character   is not valid in an identifier
[0.881s]     5 | [01;31m[K [m[K   // 初始化参数为默认值
[0.881s]       | [01;31m[K^[m[K
[0.881s] [01m[K/home/fyp/FYP/aerogripper_ws/src/aerogripper_control/src/mixer.cpp:5:3:[m[K [01;31m[Kerror: [m[Kextended character   is not valid in an identifier
[0.881s]     5 |   [01;31m[K [m[K // 初始化参数为默认值
[0.882s]       |   [01;31m[K^[m[K
[0.882s] [01m[K/home/fyp/FYP/aerogripper_ws/src/aerogripper_control/src/mixer.cpp:6:1:[m[K [01;31m[Kerror: [m[Kextended character   is not valid in an identifier
[0.882s]     6 | [01;31m[K [m[K   param_set_flag_ = false;
[0.882s]       | [01;31m[K^[m[K
[0.882s] [01m[K/home/fyp/FYP/aerogripper_ws/src/aerogripper_control/src/mixer.cpp:6:3:[m[K [01;31m[Kerror: [m[Kextended character   is not valid in an identifier
[0.882s]     6 |   [01;31m[K [m[K param_set_flag_ = false;
[0.882s]       |   [01;31m[K^[m[K
[0.883s] [01m[K/home/fyp/FYP/aerogripper_ws/src/aerogripper_control/src/mixer.cpp:7:1:[m[K [01;31m[Kerror: [m[Kextended character   is not valid in an identifier
[0.883s]     7 | [01;31m[K [m[K   thrust_arm_length_ = 0.2;
[0.883s]       | [01;31m[K^[m[K
[0.883s] [01m[K/home/fyp/FYP/aerogripper_ws/src/aerogripper_control/src/mixer.cpp:7:3:[m[K [01;31m[Kerror: [m[Kextended character   is not valid in an identifier
[0.883s]     7 |   [01;31m[K [m[K thrust_arm_length_ = 0.2;
[0.884s]       |   [01;31m[K^[m[K
[0.884s] [01m[K/home/fyp/FYP/aerogripper_ws/src/aerogripper_control/src/mixer.cpp:8:1:[m[K [01;31m[Kerror: [m[Kextended character   is not valid in an identifier
[0.884s]     8 | [01;31m[K [m[K   gravity_arm_length_ = 0.2;
[0.884s]       | [01;31m[K^[m[K
[0.884s] [01m[K/home/fyp/FYP/aerogripper_ws/src/aerogripper_control/src/mixer.cpp:8:3:[m[K [01;31m[Kerror: [m[Kextended character   is not valid in an identifier
[0.884s]     8 |   [01;31m[K [m[K gravity_arm_length_ = 0.2;
[0.884s]       |   [01;31m[K^[m[K
[0.884s] [01m[K/home/fyp/FYP/aerogripper_ws/src/aerogripper_control/src/mixer.cpp:9:1:[m[K [01;31m[Kerror: [m[Kextended character   is not valid in an identifier
[0.884s]     9 | [01;31m[K [m[K   torque_coeff_ = 0.01;
[0.884s]       | [01;31m[K^[m[K
[0.885s] [01m[K/home/fyp/FYP/aerogripper_ws/src/aerogripper_control/src/mixer.cpp:9:3:[m[K [01;31m[Kerror: [m[Kextended character   is not valid in an identifier
[0.885s]     9 |   [01;31m[K [m[K torque_coeff_ = 0.01;
[0.885s]       |   [01;31m[K^[m[K
[0.885s] [01m[K/home/fyp/FYP/aerogripper_ws/src/aerogripper_control/src/mixer.cpp:10:1:[m[K [01;31m[Kerror: [m[Kextended character   is not valid in an identifier
[0.885s]    10 | [01;31m[K [m[K   rpm_coeff_ = 0.01;
[0.885s]       | [01;31m[K^[m[K
[0.885s] [01m[K/home/fyp/FYP/aerogripper_ws/src/aerogripper_control/src/mixer.cpp:10:3:[m[K [01;31m[Kerror: [m[Kextended character   is not valid in an identifier
[0.885s]    10 |   [01;31m[K [m[K rpm_coeff_ = 0.01;
[0.885s]       |   [01;31m[K^[m[K
[0.886s] [01m[K/home/fyp/FYP/aerogripper_ws/src/aerogripper_control/src/mixer.cpp:11:1:[m[K [01;31m[Kerror: [m[Kextended character   is not valid in an identifier
[0.886s]    11 | [01;31m[K [m[K   thrust_coeff_ = 0.01;
[0.886s]       | [01;31m[K^[m[K
[0.886s] [01m[K/home/fyp/FYP/aerogripper_ws/src/aerogripper_control/src/mixer.cpp:11:3:[m[K [01;31m[Kerror: [m[Kextended character   is not valid in an identifier
[0.887s]    11 |   [01;31m[K [m[K thrust_coeff_ = 0.01;
[0.887s]       |   [01;31m[K^[m[K
[0.887s] [01m[K/home/fyp/FYP/aerogripper_ws/src/aerogripper_control/src/mixer.cpp:12:1:[m[K [01;31m[Kerror: [m[Kextended character   is not valid in an identifier
[0.887s]    12 | [01;31m[K [m[K   yaw_weight_ = 1.0; // 默认yaw权重为1.0
[0.887s]       | [01;31m[K^[m[K
[0.887s] [01m[K/home/fyp/FYP/aerogripper_ws/src/aerogripper_control/src/mixer.cpp:12:3:[m[K [01;31m[Kerror: [m[Kextended character   is not valid in an identifier
[0.887s]    12 |   [01;31m[K [m[K yaw_weight_ = 1.0; // 默认yaw权重为1.0
[0.888s]       |   [01;31m[K^[m[K
[0.888s] [01m[K/home/fyp/FYP/aerogripper_ws/src/aerogripper_control/src/mixer.cpp:13:1:[m[K [01;31m[Kerror: [m[Kextended character   is not valid in an identifier
[0.888s]    13 | [01;31m[K [m[K   attitude_weight_ = 1.0; // 默认姿态权重为1.0
[0.888s]       | [01;31m[K^[m[K
[0.889s] [01m[K/home/fyp/FYP/aerogripper_ws/src/aerogripper_control/src/mixer.cpp:13:3:[m[K [01;31m[Kerror: [m[Kextended character   is not valid in an identifier
[0.889s]    13 |   [01;31m[K [m[K attitude_weight_ = 1.0; // 默认姿态权重为1.0
[0.889s]       |   [01;31m[K^[m[K
[0.889s] [01m[K/home/fyp/FYP/aerogripper_ws/src/aerogripper_control/src/mixer.cpp:14:1:[m[K [01;31m[Kerror: [m[Kextended character   is not valid in an identifier
[0.889s]    14 | [01;31m[K [m[K   thrust_weight_ = 1.0; // 默认推力权重为1.0
[0.889s]       | [01;31m[K^[m[K
[0.890s] [01m[K/home/fyp/FYP/aerogripper_ws/src/aerogripper_control/src/mixer.cpp:14:3:[m[K [01;31m[Kerror: [m[Kextended character   is not valid in an identifier
[0.890s]    14 |   [01;31m[K [m[K thrust_weight_ = 1.0; // 默认推力权重为1.0
[0.890s]       |   [01;31m[K^[m[K
[0.890s] [01m[K/home/fyp/FYP/aerogripper_ws/src/aerogripper_control/src/mixer.cpp:16:1:[m[K [01;31m[Kerror: [m[Kextended character   is not valid in an identifier
[0.890s]    16 | [01;31m[K [m[K   // 使用默认参数构控制矩阵
[0.890s]       | [01;31m[K^[m[K
[0.890s] [01m[K/home/fyp/FYP/aerogripper_ws/src/aerogripper_control/src/mixer.cpp:16:3:[m[K [01;31m[Kerror: [m[Kextended character   is not valid in an identifier
[0.891s]    16 |   [01;31m[K [m[K // 使用默认参数构控制矩阵
[0.891s]       |   [01;31m[K^[m[K
[0.891s] [01m[K/home/fyp/FYP/aerogripper_ws/src/aerogripper_control/src/mixer.cpp:17:1:[m[K [01;31m[Kerror: [m[Kextended character   is not valid in an identifier
[0.891s]    17 | [01;31m[K [m[K   double L_T = thrust_arm_length_;
[0.891s]       | [01;31m[K^[m[K
[0.891s] [01m[K/home/fyp/FYP/aerogripper_ws/src/aerogripper_control/src/mixer.cpp:17:3:[m[K [01;31m[Kerror: [m[Kextended character   is not valid in an identifier
[0.891s]    17 |   [01;31m[K [m[K double L_T = thrust_arm_length_;
[0.891s]       |   [01;31m[K^[m[K
[0.891s] [01m[K/home/fyp/FYP/aerogripper_ws/src/aerogripper_control/src/mixer.cpp:18:1:[m[K [01;31m[Kerror: [m[Kextended character   is not valid in an identifier
[0.892s]    18 | [01;31m[K [m[K   double L_G = gravity_arm_length_;
[0.892s]       | [01;31m[K^[m[K
[0.892s] [01m[K/home/fyp/FYP/aerogripper_ws/src/aerogripper_control/src/mixer.cpp:18:3:[m[K [01;31m[Kerror: [m[Kextended character   is not valid in an identifier
[0.892s]    18 |   [01;31m[K [m[K double L_G = gravity_arm_length_;
[0.892s]       |   [01;31m[K^[m[K
[0.892s] [01m[K/home/fyp/FYP/aerogripper_ws/src/aerogripper_control/src/mixer.cpp:19:1:[m[K [01;31m[Kerror: [m[Kextended character   is not valid in an identifier
[0.892s]    19 | [01;31m[K [m[K   double kappa_t = torque_coeff_;
[0.892s]       | [01;31m[K^[m[K
[0.892s] [01m[K/home/fyp/FYP/aerogripper_ws/src/aerogripper_control/src/mixer.cpp:19:3:[m[K [01;31m[Kerror: [m[Kextended character   is not valid in an identifier
[0.893s]    19 |   [01;31m[K [m[K double kappa_t = torque_coeff_;
[0.893s]       |   [01;31m[K^[m[K
[0.893s] [01m[K/home/fyp/FYP/aerogripper_ws/src/aerogripper_control/src/mixer.cpp:20:1:[m[K [01;31m[Kerror: [m[Kextended character   is not valid in an identifier
[0.893s]    20 | [01;31m[K [m[K   double sqrt2_2 = std::sqrt(2.0) / 2.0;
[0.893s]       | [01;31m[K^[m[K
[0.893s] [01m[K/home/fyp/FYP/aerogripper_ws/src/aerogripper_control/src/mixer.cpp:20:3:[m[K [01;31m[Kerror: [m[Kextended character   is not valid in an identifier
[0.893s]    20 |   [01;31m[K [m[K double sqrt2_2 = std::sqrt(2.0) / 2.0;
[0.893s]       |   [01;31m[K^[m[K
[0.893s] [01m[K/home/fyp/FYP/aerogripper_ws/src/aerogripper_control/src/mixer.cpp:21:1:[m[K [01;31m[Kerror: [m[Kextended character   is not valid in an identifier
[0.894s]    21 | [01;31m[K [m[K  
[0.894s]       | [01;31m[K^[m[K
[0.894s] [01m[K/home/fyp/FYP/aerogripper_ws/src/aerogripper_control/src/mixer.cpp:21:3:[m[K [01;31m[Kerror: [m[Kextended character   is not valid in an identifier
[0.894s]    21 |   [01;31m[K [m[K
[0.894s]       |   [01;31m[K^[m[K
[0.894s] [01m[K/home/fyp/FYP/aerogripper_ws/src/aerogripper_control/src/mixer.cpp:22:1:[m[K [01;31m[Kerror: [m[Kextended character   is not valid in an identifier
[0.894s]    22 | [01;31m[K [m[K   allocation_matrix_ = Eigen::Matrix<double,6,4>::Zero();
[0.894s]       | [01;31m[K^[m[K
[0.894s] [01m[K/home/fyp/FYP/aerogripper_ws/src/aerogripper_control/src/mixer.cpp:22:3:[m[K [01;31m[Kerror: [m[Kextended character   is not valid in an identifier
[0.895s]    22 |   [01;31m[K [m[K allocation_matrix_ = Eigen::Matrix<double,6,4>::Zero();
[0.895s]       |   [01;31m[K^[m[K
[0.895s] [01m[K/home/fyp/FYP/aerogripper_ws/src/aerogripper_control/src/mixer.cpp:23:1:[m[K [01;31m[Kerror: [m[Kextended character   is not valid in an identifier
[0.895s]    23 | [01;31m[K [m[K   allocation_matrix_ <<
[0.895s]       | [01;31m[K^[m[K
[0.895s] [01m[K/home/fyp/FYP/aerogripper_ws/src/aerogripper_control/src/mixer.cpp:23:3:[m[K [01;31m[Kerror: [m[Kextended character   is not valid in an identifier
[0.895s]    23 |   [01;31m[K [m[K allocation_matrix_ <<
[0.895s]       |   [01;31m[K^[m[K
[0.896s] [01m[K/home/fyp/FYP/aerogripper_ws/src/aerogripper_control/src/mixer.cpp:24:1:[m[K [01;31m[Kerror: [m[Kextended character   is not valid in an identifier
[0.896s]    24 | [01;31m[K [m[K       -0.5,          0.5,          -0.5,           0.5,
[0.896s]       | [01;31m[K^[m[K
[0.896s] [01m[K/home/fyp/FYP/aerogripper_ws/src/aerogripper_control/src/mixer.cpp:24:3:[m[K [01;31m[Kerror: [m[Kextended character   is not valid in an identifier
[0.896s]    24 |   [01;31m[K [m[K     -0.5,          0.5,          -0.5,           0.5,
[0.896s]       |   [01;31m[K^[m[K
[0.896s] [01m[K/home/fyp/FYP/aerogripper_ws/src/aerogripper_control/src/mixer.cpp:24:5:[m[K [01;31m[Kerror: [m[Kextended character   is not valid in an identifier
[0.896s]    24 |     [01;31m[K [m[K   -0.5,          0.5,          -0.5,           0.5,
[0.896s]       |     [01;31m[K^[m[K
[0.896s] [01m[K/home/fyp/FYP/aerogripper_ws/src/aerogripper_control/src/mixer.cpp:24:7:[m[K [01;31m[Kerror: [m[Kextended character   is not valid in an identifier
[0.896s]    24 |       [01;31m[K [m[K -0.5,          0.5,          -0.5,           0.5,
[0.896s]       |       [01;31m[K^[m[K
[0.896s] [01m[K/home/fyp/FYP/aerogripper_ws/src/aerogripper_control/src/mixer.cpp:24:15:[m[K [01;31m[Kerror: [m[Kextended character   is not valid in an identifier
[0.896s]    24 |         -0.5, [01;31m[K [m[K        0.5,          -0.5,           0.5,
[0.896s]       |               [01;31m[K^[m[K
[0.896s] [01m[K/home/fyp/FYP/aerogripper_ws/src/aerogripper_control/src/mixer.cpp:24:17:[m[K [01;31m[Kerror: [m[Kextended character   is not valid in an identifier
[0.897s]    24 |         -0.5,   [01;31m[K [m[K      0.5,          -0.5,           0.5,
[0.897s]       |                 [01;31m[K^[m[K
[0.897s] [01m[K/home/fyp/FYP/aerogripper_ws/src/aerogripper_control/src/mixer.cpp:24:19:[m[K [01;31m[Kerror: [m[Kextended character   is not valid in an identifier
[0.897s]    24 |         -0.5,     [01;31m[K [m[K    0.5,          -0.5,           0.5,
[0.897s]       |                   [01;31m[K^[m[K
[0.897s] [01m[K/home/fyp/FYP/aerogripper_ws/src/aerogripper_control/src/mixer.cpp:24:21:[m[K [01;31m[Kerror: [m[Kextended character   is not valid in an identifier
[0.897s]    24 |         -0.5,       [01;31m[K [m[K  0.5,          -0.5,           0.5,
[0.897s]       |                     [01;31m[K^[m[K
[0.897s] [01m[K/home/fyp/FYP/aerogripper_ws/src/aerogripper_control/src/mixer.cpp:24:23:[m[K [01;31m[Kerror: [m[Kextended character   is not valid in an identifier
[0.897s]    24 |         -0.5,         [01;31m[K [m[K0.5,          -0.5,           0.5,
[0.897s]       |                       [01;31m[K^[m[K
[0.897s] [01m[K/home/fyp/FYP/aerogripper_ws/src/aerogripper_control/src/mixer.cpp:24:29:[m[K [01;31m[Kerror: [m[Kextended character   is not valid in an identifier
[0.897s]    24 |         -0.5,          0.5, [01;31m[K [m[K        -0.5,           0.5,
[0.897s]       |                             [01;31m[K^[m[K
[0.897s] [01m[K/home/fyp/FYP/aerogripper_ws/src/aerogripper_control/src/mixer.cpp:24:31:[m[K [01;31m[Kerror: [m[Kextended character   is not valid in an identifier
[0.897s]    24 |         -0.5,          0.5,   [01;31m[K [m[K      -0.5,           0.5,
[0.897s]       |                               [01;31m[K^[m[K
[0.897s] [01m[K/home/fyp/FYP/aerogripper_ws/src/aerogripper_control/src/mixer.cpp:24:33:[m[K [01;31m[Kerror: [m[Kextended character   is not valid in an identifier
[0.897s]    24 |         -0.5,          0.5,     [01;31m[K [m[K    -0.5,           0.5,
[0.897s]       |                                 [01;31m[K^[m[K
[0.897s] [01m[K/home/fyp/FYP/aerogripper_ws/src/aerogripper_control/src/mixer.cpp:24:35:[m[K [01;31m[Kerror: [m[Kextended character   is not valid in an identifier
[0.897s]    24 |         -0.5,          0.5,       [01;31m[K [m[K  -0.5,           0.5,
[0.897s]       |                                   [01;31m[K^[m[K
[0.897s] [01m[K/home/fyp/FYP/aerogripper_ws/src/aerogripper_control/src/mixer.cpp:24:37:[m[K [01;31m[Kerror: [m[Kextended character   is not valid in an identifier
[0.897s]    24 |         -0.5,          0.5,         [01;31m[K [m[K-0.5,           0.5,
[0.897s]       |                                     [01;31m[K^[m[K
[0.897s] [01m[K/home/fyp/FYP/aerogripper_ws/src/aerogripper_control/src/mixer.cpp:24:44:[m[K [01;31m[Kerror: [m[Kextended character   is not valid in an identifier
[0.897s]    24 |         -0.5,          0.5,          -0.5, [01;31m[K [m[K         0.5,
[0.897s]       |                                            [01;31m[K^[m[K
[0.897s] [01m[K/home/fyp/FYP/aerogripper_ws/src/aerogripper_control/src/mixer.cpp:24:46:[m[K [01;31m[Kerror: [m[Kextended character   is not valid in an identifier
[0.897s]    24 |         -0.5,          0.5,          -0.5,   [01;31m[K [m[K       0.5,
[0.897s]       |                                              [01;31m[K^[m[K
[0.898s] [01m[K/home/fyp/FYP/aerogripper_ws/src/aerogripper_control/src/mixer.cpp:24:48:[m[K [01;31m[Kerror: [m[Kextended character   is not valid in an identifier
[0.898s]    24 |         -0.5,          0.5,          -0.5,     [01;31m[K [m[K     0.5,
[0.898s]       |                                                [01;31m[K^[m[K
[0.898s] [01m[K/home/fyp/FYP/aerogripper_ws/src/aerogripper_control/src/mixer.cpp:24:50:[m[K [01;31m[Kerror: [m[Kextended character   is not valid in an identifier
[0.898s]    24 |         -0.5,          0.5,          -0.5,       [01;31m[K [m[K   0.5,
[0.898s]       |                                                  [01;31m[K^[m[K
[0.898s] [01m[K/home/fyp/FYP/aerogripper_ws/src/aerogripper_control/src/mixer.cpp:24:52:[m[K [01;31m[Kerror: [m[Kextended character   is not valid in an identifier
[0.898s]    24 |         -0.5,          0.5,          -0.5,         [01;31m[K [m[K 0.5,
[0.898s]       |                                                    [01;31m[K^[m[K
[0.898s] [01m[K/home/fyp/FYP/aerogripper_ws/src/aerogripper_control/src/mixer.cpp:25:1:[m[K [01;31m[Kerror: [m[Kextended character   is not valid in an identifier
[0.898s]    25 | [01;31m[K [m[K        0.5,         -0.5,          -0.5,           0.5,
[0.898s]       | [01;31m[K^[m[K
[0.898s] [01m[K/home/fyp/FYP/aerogripper_ws/src/aerogripper_control/src/mixer.cpp:25:3:[m[K [01;31m[Kerror: [m[Kextended character   is not valid in an identifier
[0.898s]    25 |   [01;31m[K [m[K      0.5,         -0.5,          -0.5,           0.5,
[0.898s]       |   [01;31m[K^[m[K
[0.898s] [01m[K/home/fyp/FYP/aerogripper_ws/src/aerogripper_control/src/mixer.cpp:25:5:[m[K [01;31m[Kerror: [m[Kextended character   is not valid in an identifier
[0.898s]    25 |     [01;31m[K [m[K    0.5,         -0.5,          -0.5,           0.5,
[0.898s]       |     [01;31m[K^[m[K
[0.898s] [01m[K/home/fyp/FYP/aerogripper_ws/src/aerogripper_control/src/mixer.cpp:25:7:[m[K [01;31m[Kerror: [m[Kextended character   is not valid in an identifier
[0.898s]    25 |       [01;31m[K [m[K  0.5,         -0.5,          -0.5,           0.5,
[0.898s]       |       [01;31m[K^[m[K
[0.898s] [01m[K/home/fyp/FYP/aerogripper_ws/src/aerogripper_control/src/mixer.cpp:25:9:[m[K [01;31m[Kerror: [m[Kextended character   is not valid in an identifier
[0.898s]    25 |         [01;31m[K [m[K0.5,         -0.5,          -0.5,           0.5,
[0.898s]       |         [01;31m[K^[m[K
[0.898s] [01m[K/home/fyp/FYP/aerogripper_ws/src/aerogripper_control/src/mixer.cpp:25:15:[m[K [01;31m[Kerror: [m[Kextended character   is not valid in an identifier
[0.898s]    25 |          0.5, [01;31m[K [m[K       -0.5,          -0.5,           0.5,
[0.898s]       |               [01;31m[K^[m[K
[0.899s] [01m[K/home/fyp/FYP/aerogripper_ws/src/aerogripper_control/src/mixer.cpp:25:17:[m[K [01;31m[Kerror: [m[Kextended character   is not valid in an identifier
[0.899s]    25 |          0.5,   [01;31m[K [m[K     -0.5,          -0.5,           0.5,
[0.899s]       |                 [01;31m[K^[m[K
[0.899s] [01m[K/home/fyp/FYP/aerogripper_ws/src/aerogripper_control/src/mixer.cpp:25:19:[m[K [01;31m[Kerror: [m[Kextended character   is not valid in an identifier
[0.899s]    25 |          0.5,     [01;31m[K [m[K   -0.5,          -0.5,           0.5,
[0.899s]       |                   [01;31m[K^[m[K
[0.899s] [01m[K/home/fyp/FYP/aerogripper_ws/src/aerogripper_control/src/mixer.cpp:25:21:[m[K [01;31m[Kerror: [m[Kextended character   is not valid in an identifier
[0.899s]    25 |          0.5,       [01;31m[K [m[K -0.5,          -0.5,           0.5,
[0.899s]       |                     [01;31m[K^[m[K
[0.899s] [01m[K/home/fyp/FYP/aerogripper_ws/src/aerogripper_control/src/mixer.cpp:25:29:[m[K [01;31m[Kerror: [m[Kextended character   is not valid in an identifier
[0.899s]    25 |          0.5,         -0.5, [01;31m[K [m[K        -0.5,           0.5,
[0.899s]       |                             [01;31m[K^[m[K
[0.899s] [01m[K/home/fyp/FYP/aerogripper_ws/src/aerogripper_control/src/mixer.cpp:25:31:[m[K [01;31m[Kerror: [m[Kextended character   is not valid in an identifier
[0.899s]    25 |          0.5,         -0.5,   [01;31m[K [m[K      -0.5,           0.5,
[0.899s]       |                               [01;31m[K^[m[K
[0.899s] [01m[K/home/fyp/FYP/aerogripper_ws/src/aerogripper_control/src/mixer.cpp:25:33:[m[K [01;31m[Kerror: [m[Kextended character   is not valid in an identifier
[0.899s]    25 |          0.5,         -0.5,     [01;31m[K [m[K    -0.5,           0.5,
[0.899s]       |                                 [01;31m[K^[m[K
[0.899s] [01m[K/home/fyp/FYP/aerogripper_ws/src/aerogripper_control/src/mixer.cpp:25:35:[m[K [01;31m[Kerror: [m[Kextended character   is not valid in an identifier
[0.899s]    25 |          0.5,         -0.5,       [01;31m[K [m[K  -0.5,           0.5,
[0.899s]       |                                   [01;31m[K^[m[K
[0.899s] [01m[K/home/fyp/FYP/aerogripper_ws/src/aerogripper_control/src/mixer.cpp:25:37:[m[K [01;31m[Kerror: [m[Kextended character   is not valid in an identifier
[0.899s]    25 |          0.5,         -0.5,         [01;31m[K [m[K-0.5,           0.5,
[0.899s]       |                                     [01;31m[K^[m[K
[0.899s] [01m[K/home/fyp/FYP/aerogripper_ws/src/aerogripper_control/src/mixer.cpp:25:44:[m[K [01;31m[Kerror: [m[Kextended character   is not valid in an identifier
[0.899s]    25 |          0.5,         -0.5,          -0.5, [01;31m[K [m[K         0.5,
[0.899s]       |                                            [01;31m[K^[m[K
[0.899s] [01m[K/home/fyp/FYP/aerogripper_ws/src/aerogripper_control/src/mixer.cpp:25:46:[m[K [01;31m[Kerror: [m[Kextended character   is not valid in an identifier
[0.899s]    25 |          0.5,         -0.5,          -0.5,   [01;31m[K [m[K       0.5,
[0.899s]       |                                              [01;31m[K^[m[K
[0.900s] [01m[K/home/fyp/FYP/aerogripper_ws/src/aerogripper_control/src/mixer.cpp:25:48:[m[K [01;31m[Kerror: [m[Kextended character   is not valid in an identifier
[0.900s]    25 |          0.5,         -0.5,          -0.5,     [01;31m[K [m[K     0.5,
[0.900s]       |                                                [01;31m[K^[m[K
[0.900s] [01m[K/home/fyp/FYP/aerogripper_ws/src/aerogripper_control/src/mixer.cpp:25:50:[m[K [01;31m[Kerror: [m[Kextended character   is not valid in an identifier
[0.900s]    25 |          0.5,         -0.5,          -0.5,       [01;31m[K [m[K   0.5,
[0.900s]       |                                                  [01;31m[K^[m[K
[0.900s] [01m[K/home/fyp/FYP/aerogripper_ws/src/aerogripper_control/src/mixer.cpp:25:52:[m[K [01;31m[Kerror: [m[Kextended character   is not valid in an identifier
[0.900s]    25 |          0.5,         -0.5,          -0.5,         [01;31m[K [m[K 0.5,
[0.900s]       |                                                    [01;31m[K^[m[K
[0.900s] [01m[K/home/fyp/FYP/aerogripper_ws/src/aerogripper_control/src/mixer.cpp:26:1:[m[K [01;31m[Kerror: [m[Kextended character   is not valid in an identifier
[0.900s]    26 | [01;31m[K [m[K       -sqrt2_2,       -sqrt2_2,       -sqrt2_2,        -sqrt2_2,
[0.900s]       | [01;31m[K^[m[K
[0.900s] [01m[K/home/fyp/FYP/aerogripper_ws/src/aerogripper_control/src/mixer.cpp:26:3:[m[K [01;31m[Kerror: [m[Kextended character   is not valid in an identifier
[0.900s]    26 |   [01;31m[K [m[K     -sqrt2_2,       -sqrt2_2,       -sqrt2_2,        -sqrt2_2,
[0.900s]       |   [01;31m[K^[m[K
[0.900s] [01m[K/home/fyp/FYP/aerogripper_ws/src/aerogripper_control/src/mixer.cpp:26:5:[m[K [01;31m[Kerror: [m[Kextended character   is not valid in an identifier
[0.900s]    26 |     [01;31m[K [m[K   -sqrt2_2,       -sqrt2_2,       -sqrt2_2,        -sqrt2_2,
[0.900s]       |     [01;31m[K^[m[K
[0.900s] [01m[K/home/fyp/FYP/aerogripper_ws/src/aerogripper_control/src/mixer.cpp:26:7:[m[K [01;31m[Kerror: [m[Kextended character   is not valid in an identifier
[0.900s]    26 |       [01;31m[K [m[K -sqrt2_2,       -sqrt2_2,       -sqrt2_2,        -sqrt2_2,
[0.900s]       |       [01;31m[K^[m[K
[0.900s] [01m[K/home/fyp/FYP/aerogripper_ws/src/aerogripper_control/src/mixer.cpp:26:19:[m[K [01;31m[Kerror: [m[Kextended character   is not valid in an identifier
[0.900s]    26 |         -sqrt2_2, [01;31m[K [m[K     -sqrt2_2,       -sqrt2_2,        -sqrt2_2,
[0.900s]       |                   [01;31m[K^[m[K
[0.900s] [01m[K/home/fyp/FYP/aerogripper_ws/src/aerogripper_control/src/mixer.cpp:26:21:[m[K [01;31m[Kerror: [m[Kextended character   is not valid in an identifier
[0.900s]    26 |         -sqrt2_2,   [01;31m[K [m[K   -sqrt2_2,       -sqrt2_2,        -sqrt2_2,
[0.900s]       |                     [01;31m[K^[m[K
[0.900s] [01m[K/home/fyp/FYP/aerogripper_ws/src/aerogripper_control/src/mixer.cpp:26:23:[m[K [01;31m[Kerror: [m[Kextended character   is not valid in an identifier
[0.900s]    26 |         -sqrt2_2,     [01;31m[K [m[K -sqrt2_2,       -sqrt2_2,        -sqrt2_2,
[0.900s]       |                       [01;31m[K^[m[K
[0.901s] [01m[K/home/fyp/FYP/aerogripper_ws/src/aerogripper_control/src/mixer.cpp:26:35:[m[K [01;31m[Kerror: [m[Kextended character   is not valid in an identifier
[0.901s]    26 |         -sqrt2_2,       -sqrt2_2, [01;31m[K [m[K     -sqrt2_2,        -sqrt2_2,
[0.901s]       |                                   [01;31m[K^[m[K
[0.901s] [01m[K/home/fyp/FYP/aerogripper_ws/src/aerogripper_control/src/mixer.cpp:26:37:[m[K [01;31m[Kerror: [m[Kextended character   is not valid in an identifier
[0.901s]    26 |         -sqrt2_2,       -sqrt2_2,   [01;31m[K [m[K   -sqrt2_2,        -sqrt2_2,
[0.901s]       |                                     [01;31m[K^[m[K
[0.901s] [01m[K/home/fyp/FYP/aerogripper_ws/src/aerogripper_control/src/mixer.cpp:26:39:[m[K [01;31m[Kerror: [m[Kextended character   is not valid in an identifier
[0.901s]    26 |         -sqrt2_2,       -sqrt2_2,     [01;31m[K [m[K -sqrt2_2,        -sqrt2_2,
[0.901s]       |                                       [01;31m[K^[m[K
[0.901s] [01m[K/home/fyp/FYP/aerogripper_ws/src/aerogripper_control/src/mixer.cpp:26:51:[m[K [01;31m[Kerror: [m[Kextended character   is not valid in an identifier
[0.901s]    26 |         -sqrt2_2,       -sqrt2_2,       -sqrt2_2, [01;31m[K [m[K      -sqrt2_2,
[0.901s]       |                                                   [01;31m[K^[m[K
[0.901s] [01m[K/home/fyp/FYP/aerogripper_ws/src/aerogripper_control/src/mixer.cpp:26:53:[m[K [01;31m[Kerror: [m[Kextended character   is not valid in an identifier
[0.901s]    26 |         -sqrt2_2,       -sqrt2_2,       -sqrt2_2,   [01;31m[K [m[K    -sqrt2_2,
[0.901s]       |                                                     [01;31m[K^[m[K
[0.901s] [01m[K/home/fyp/FYP/aerogripper_ws/src/aerogripper_control/src/mixer.cpp:26:55:[m[K [01;31m[Kerror: [m[Kextended character   is not valid in an identifier
[0.901s]    26 |         -sqrt2_2,       -sqrt2_2,       -sqrt2_2,     [01;31m[K [m[K  -sqrt2_2,
[0.901s]       |                                                       [01;31m[K^[m[K
[0.901s] [01m[K/home/fyp/FYP/aerogripper_ws/src/aerogripper_control/src/mixer.cpp:26:57:[m[K [01;31m[Kerror: [m[Kextended character   is not valid in an identifier
[0.901s]    26 |         -sqrt2_2,       -sqrt2_2,       -sqrt2_2,       [01;31m[K [m[K-sqrt2_2,
[0.901s]       |                                                         [01;31m[K^[m[K
[0.901s] [01m[K/home/fyp/FYP/aerogripper_ws/src/aerogripper_control/src/mixer.cpp:27:1:[m[K [01;31m[Kerror: [m[Kextended character   is not valid in an identifier
[0.901s]    27 | [01;31m[K [m[K       0.5*L_T - 0.5*kappa_t,  -0.5*L_T + 0.5*kappa_t,  -0.5*L_T + 0.5*kappa_t,  0.5*L_T - 0.5*kappa_t,
[0.901s]       | [01;31m[K^[m[K
[0.901s] [01m[K/home/fyp/FYP/aerogripper_ws/src/aerogripper_control/src/mixer.cpp:27:3:[m[K [01;31m[Kerror: [m[Kextended character   is not valid in an identifier
[0.901s]    27 |   [01;31m[K [m[K     0.5*L_T - 0.5*kappa_t,  -0.5*L_T + 0.5*kappa_t,  -0.5*L_T + 0.5*kappa_t,  0.5*L_T - 0.5*kappa_t,
[0.901s]       |   [01;31m[K^[m[K
[0.901s] [01m[K/home/fyp/FYP/aerogripper_ws/src/aerogripper_control/src/mixer.cpp:27:5:[m[K [01;31m[Kerror: [m[Kextended character   is not valid in an identifier
[0.901s]    27 |     [01;31m[K [m[K   0.5*L_T - 0.5*kappa_t,  -0.5*L_T + 0.5*kappa_t,  -0.5*L_T + 0.5*kappa_t,  0.5*L_T - 0.5*kappa_t,
[0.901s]       |     [01;31m[K^[m[K
[0.901s] [01m[K/home/fyp/FYP/aerogripper_ws/src/aerogripper_control/src/mixer.cpp:27:7:[m[K [01;31m[Kerror: [m[Kextended character   is not valid in an identifier
[0.901s]    27 |       [01;31m[K [m[K 0.5*L_T - 0.5*kappa_t,  -0.5*L_T + 0.5*kappa_t,  -0.5*L_T + 0.5*kappa_t,  0.5*L_T - 0.5*kappa_t,
[0.901s]       |       [01;31m[K^[m[K
[0.901s] [01m[K/home/fyp/FYP/aerogripper_ws/src/aerogripper_control/src/mixer.cpp:27:32:[m[K [01;31m[Kerror: [m[Kextended character   is not valid in an identifier
[0.902s]    27 |         0.5*L_T - 0.5*kappa_t, [01;31m[K [m[K-0.5*L_T + 0.5*kappa_t,  -0.5*L_T + 0.5*kappa_t,  0.5*L_T - 0.5*kappa_t,
[0.902s]       |                                [01;31m[K^[m[K
[0.902s] [01m[K/home/fyp/FYP/aerogripper_ws/src/aerogripper_control/src/mixer.cpp:27:57:[m[K [01;31m[Kerror: [m[Kextended character   is not valid in an identifier
[0.902s]    27 |         0.5*L_T - 0.5*kappa_t,  -0.5*L_T + 0.5*kappa_t, [01;31m[K [m[K-0.5*L_T + 0.5*kappa_t,  0.5*L_T - 0.5*kappa_t,
[0.902s]       |                                                         [01;31m[K^[m[K
[0.902s] [01m[K/home/fyp/FYP/aerogripper_ws/src/aerogripper_control/src/mixer.cpp:27:82:[m[K [01;31m[Kerror: [m[Kextended character   is not valid in an identifier
[0.902s]    27 | 5*kappa_t,  -0.5*L_T + 0.5*kappa_t,  -0.5*L_T + 0.5*kappa_t, [01;31m[K [m[K0.5*L_T - 0.5*kappa_t,
[0.902s]       |                                                              [01;31m[K^[m[K
[0.902s] 
[0.902s] [01m[K/home/fyp/FYP/aerogripper_ws/src/aerogripper_control/src/mixer.cpp:28:1:[m[K [01;31m[Kerror: [m[Kextended character   is not valid in an identifier
[0.902s]    28 | [01;31m[K [m[K       0.5*L_T + 0.5*kappa_t,  -0.5*L_T - 0.5*kappa_t,   0.5*L_T + 0.5*kappa_t, -0.5*L_T - 0.5*kappa_t,
[0.902s]       | [01;31m[K^[m[K
[0.902s] [01m[K/home/fyp/FYP/aerogripper_ws/src/aerogripper_control/src/mixer.cpp:28:3:[m[K [01;31m[Kerror: [m[Kextended character   is not valid in an identifier
[0.902s]    28 |   [01;31m[K [m[K     0.5*L_T + 0.5*kappa_t,  -0.5*L_T - 0.5*kappa_t,   0.5*L_T + 0.5*kappa_t, -0.5*L_T - 0.5*kappa_t,
[0.902s]       |   [01;31m[K^[m[K
[0.902s] [01m[K/home/fyp/FYP/aerogripper_ws/src/aerogripper_control/src/mixer.cpp:28:5:[m[K [01;31m[Kerror: [m[Kextended character   is not valid in an identifier
[0.902s]    28 |     [01;31m[K [m[K   0.5*L_T + 0.5*kappa_t,  -0.5*L_T - 0.5*kappa_t,   0.5*L_T + 0.5*kappa_t, -0.5*L_T - 0.5*kappa_t,
[0.902s]       |     [01;31m[K^[m[K
[0.902s] [01m[K/home/fyp/FYP/aerogripper_ws/src/aerogripper_control/src/mixer.cpp:28:7:[m[K [01;31m[Kerror: [m[Kextended character   is not valid in an identifier
[0.902s]    28 |       [01;31m[K [m[K 0.5*L_T + 0.5*kappa_t,  -0.5*L_T - 0.5*kappa_t,   0.5*L_T + 0.5*kappa_t, -0.5*L_T - 0.5*kappa_t,
[0.902s]       |       [01;31m[K^[m[K
[0.902s] [01m[K/home/fyp/FYP/aerogripper_ws/src/aerogripper_control/src/mixer.cpp:28:32:[m[K [01;31m[Kerror: [m[Kextended character   is not valid in an identifier
[0.902s]    28 |         0.5*L_T + 0.5*kappa_t, [01;31m[K [m[K-0.5*L_T - 0.5*kappa_t,   0.5*L_T + 0.5*kappa_t, -0.5*L_T - 0.5*kappa_t,
[0.902s]       |                                [01;31m[K^[m[K
[0.902s] [01m[K/home/fyp/FYP/aerogripper_ws/src/aerogripper_control/src/mixer.cpp:28:57:[m[K [01;31m[Kerror: [m[Kextended character   is not valid in an identifier
[0.902s]    28 |         0.5*L_T + 0.5*kappa_t,  -0.5*L_T - 0.5*kappa_t, [01;31m[K [m[K 0.5*L_T + 0.5*kappa_t, -0.5*L_T - 0.5*kappa_t,
[0.902s]       |                                                         [01;31m[K^[m[K
[0.902s] [01m[K/home/fyp/FYP/aerogripper_ws/src/aerogripper_control/src/mixer.cpp:29:1:[m[K [01;31m[Kerror: [m[Kextended character   is not valid in an identifier
[0.903s]    29 | [01;31m[K [m[K       -sqrt2_2*kappa_t,  -sqrt2_2*kappa_t,  sqrt2_2*kappa_t,  sqrt2_2*kappa_t;
[0.903s]       | [01;31m[K^[m[K
[0.903s] [01m[K/home/fyp/FYP/aerogripper_ws/src/aerogripper_control/src/mixer.cpp:29:3:[m[K [01;31m[Kerror: [m[Kextended character   is not valid in an identifier
[0.903s]    29 |   [01;31m[K [m[K     -sqrt2_2*kappa_t,  -sqrt2_2*kappa_t,  sqrt2_2*kappa_t,  sqrt2_2*kappa_t;
[0.903s]       |   [01;31m[K^[m[K
[0.903s] [01m[K/home/fyp/FYP/aerogripper_ws/src/aerogripper_control/src/mixer.cpp:29:5:[m[K [01;31m[Kerror: [m[Kextended character   is not valid in an identifier
[0.903s]    29 |     [01;31m[K [m[K   -sqrt2_2*kappa_t,  -sqrt2_2*kappa_t,  sqrt2_2*kappa_t,  sqrt2_2*kappa_t;
[0.903s]       |     [01;31m[K^[m[K
[0.903s] [01m[K/home/fyp/FYP/aerogripper_ws/src/aerogripper_control/src/mixer.cpp:29:7:[m[K [01;31m[Kerror: [m[Kextended character   is not valid in an identifier
[0.903s]    29 |       [01;31m[K [m[K -sqrt2_2*kappa_t,  -sqrt2_2*kappa_t,  sqrt2_2*kappa_t,  sqrt2_2*kappa_t;
[0.903s]       |       [01;31m[K^[m[K
[0.903s] [01m[K/home/fyp/FYP/aerogripper_ws/src/aerogripper_control/src/mixer.cpp:29:27:[m[K [01;31m[Kerror: [m[Kextended character   is not valid in an identifier
[0.903s]    29 |         -sqrt2_2*kappa_t, [01;31m[K [m[K-sqrt2_2*kappa_t,  sqrt2_2*kappa_t,  sqrt2_2*kappa_t;
[0.903s]       |                           [01;31m[K^[m[K
[0.903s] [01m[K/home/fyp/FYP/aerogripper_ws/src/aerogripper_control/src/mixer.cpp:29:46:[m[K [01;31m[Kerror: [m[Kextended character   is not valid in an identifier
[0.903s]    29 |         -sqrt2_2*kappa_t,  -sqrt2_2*kappa_t, [01;31m[K [m[Ksqrt2_2*kappa_t,  sqrt2_2*kappa_t;
[0.903s]       |                                              [01;31m[K^[m[K
[0.903s] [01m[K/home/fyp/FYP/aerogripper_ws/src/aerogripper_control/src/mixer.cpp:29:64:[m[K [01;31m[Kerror: [m[Kextended character   is not valid in an identifier
[0.903s]    29 |       -sqrt2_2*kappa_t,  -sqrt2_2*kappa_t,  sqrt2_2*kappa_t, [01;31m[K [m[Ksqrt2_2*kappa_t;
[0.903s]       |                                                              [01;31m[K^[m[K
[0.903s] 
[0.903s] [01m[K/home/fyp/FYP/aerogripper_ws/src/aerogripper_control/src/mixer.cpp:31:1:[m[K [01;31m[Kerror: [m[Kextended character   is not valid in an identifier
[0.903s]    31 | [01;31m[K [m[K   // 初始化增强矩阵
[0.903s]       | [01;31m[K^[m[K
[0.903s] [01m[K/home/fyp/FYP/aerogripper_ws/src/aerogripper_control/src/mixer.cpp:31:3:[m[K [01;31m[Kerror: [m[Kextended character   is not valid in an identifier
[0.903s]    31 |   [01;31m[K [m[K // 初始化增强矩阵
[0.903s]       |   [01;31m[K^[m[K
[0.903s] [01m[K/home/fyp/FYP/aerogripper_ws/src/aerogripper_control/src/mixer.cpp:32:1:[m[K [01;31m[Kerror: [m[Kextended character   is not valid in an identifier
[0.903s]    32 | [01;31m[K [m[K   allocation_matrix_w_ << 0, 0, 1, 0, 0, 0; // 初始化假定垂直悬吊，绳子只给一个向上的力
[0.903s]       | [01;31m[K^[m[K
[0.903s] [01m[K/home/fyp/FYP/aerogripper_ws/src/aerogripper_control/src/mixer.cpp:32:3:[m[K [01;31m[Kerror: [m[Kextended character   is not valid in an identifier
[0.903s]    32 |   [01;31m[K [m[K allocation_matrix_w_ << 0, 0, 1, 0, 0, 0; // 初始化假定垂直悬吊，绳子只给一个向上的力
[0.904s]       |   [01;31m[K^[m[K
[0.904s] [01m[K/home/fyp/FYP/aerogripper_ws/src/aerogripper_control/src/mixer.cpp:33:1:[m[K [01;31m[Kerror: [m[Kextended character   is not valid in an identifier
[0.904s]    33 | [01;31m[K [m[K   allocation_matrix_enhanced_.block<6, 4> (0, 0) = allocation_matrix_;
[0.904s]       | [01;31m[K^[m[K
[0.904s] [01m[K/home/fyp/FYP/aerogripper_ws/src/aerogripper_control/src/mixer.cpp:33:3:[m[K [01;31m[Kerror: [m[Kextended character   is not valid in an identifier
[0.904s]    33 |   [01;31m[K [m[K allocation_matrix_enhanced_.block<6, 4> (0, 0) = allocation_matrix_;
[0.904s]       |   [01;31m[K^[m[K
[0.904s] [01m[K/home/fyp/FYP/aerogripper_ws/src/aerogripper_control/src/mixer.cpp:34:1:[m[K [01;31m[Kerror: [m[Kextended character   is not valid in an identifier
[0.904s]    34 | [01;31m[K [m[K   allocation_matrix_enhanced_.block<6, 1> (0, 4) = allocation_matrix_w_;
[0.904s]       | [01;31m[K^[m[K
[0.904s] [01m[K/home/fyp/FYP/aerogripper_ws/src/aerogripper_control/src/mixer.cpp:34:3:[m[K [01;31m[Kerror: [m[Kextended character   is not valid in an identifier
[0.904s]    34 |   [01;31m[K [m[K allocation_matrix_enhanced_.block<6, 1> (0, 4) = allocation_matrix_w_;
[0.904s]       |   [01;31m[K^[m[K
[0.904s] [01m[K/home/fyp/FYP/aerogripper_ws/src/aerogripper_control/src/mixer.cpp:36:1:[m[K [01;31m[Kerror: [m[Kextended character   is not valid in an identifier
[0.904s]    36 | [01;31m[K [m[K   // // 使用加权伪逆，给yaw控制和姿态控制适当的权重
[0.904s]       | [01;31m[K^[m[K
[0.904s] [01m[K/home/fyp/FYP/aerogripper_ws/src/aerogripper_control/src/mixer.cpp:36:3:[m[K [01;31m[Kerror: [m[Kextended character   is not valid in an identifier
[0.904s]    36 |   [01;31m[K [m[K // // 使用加权伪逆，给yaw控制和姿态控制适当的权重
[0.904s]       |   [01;31m[K^[m[K
[0.904s] [01m[K/home/fyp/FYP/aerogripper_ws/src/aerogripper_control/src/mixer.cpp:37:1:[m[K [01;31m[Kerror: [m[Kextended character   is not valid in an identifier
[0.904s]    37 | [01;31m[K [m[K   // // 方法1: 直接修改控制分配矩阵的相应行
[0.904s]       | [01;31m[K^[m[K
[0.904s] [01m[K/home/fyp/FYP/aerogripper_ws/src/aerogripper_control/src/mixer.cpp:37:3:[m[K [01;31m[Kerror: [m[Kextended character   is not valid in an identifier
[0.904s]    37 |   [01;31m[K [m[K // // 方法1: 直接修改控制分配矩阵的相应行
[0.904s]       |   [01;31m[K^[m[K
[0.904s] [01m[K/home/fyp/FYP/aerogripper_ws/src/aerogripper_control/src/mixer.cpp:38:1:[m[K [01;31m[Kerror: [m[Kextended character   is not valid in an identifier
[0.904s]    38 | [01;31m[K [m[K   // Eigen::Matrix<double,6,4> allocation_matrix_weighted = allocation_matrix_;
[0.904s]       | [01;31m[K^[m[K
[0.904s] [01m[K/home/fyp/FYP/aerogripper_ws/src/aerogripper_control/src/mixer.cpp:38:3:[m[K [01;31m[Kerror: [m[Kextended character   is not valid in an identifier
[0.904s]    38 |   [01;31m[K [m[K // Eigen::Matrix<double,6,4> allocation_matrix_weighted = allocation_matrix_;
[0.904s]       |   [01;31m[K^[m[K
[0.905s] [01m[K/home/fyp/FYP/aerogripper_ws/src/aerogripper_control/src/mixer.cpp:39:1:[m[K [01;31m[Kerror: [m[Kextended character   is not valid in an identifier
[0.905s]    39 | [01;31m[K [m[K  
[0.905s]       | [01;31m[K^[m[K
[0.905s] [01m[K/home/fyp/FYP/aerogripper_ws/src/aerogripper_control/src/mixer.cpp:39:3:[m[K [01;31m[Kerror: [m[Kextended character   is not valid in an identifier
[0.905s]    39 |   [01;31m[K [m[K
[0.905s]       |   [01;31m[K^[m[K
[0.905s] [01m[K/home/fyp/FYP/aerogripper_ws/src/aerogripper_control/src/mixer.cpp:40:1:[m[K [01;31m[Kerror: [m[Kextended character   is not valid in an identifier
[0.905s]    40 | [01;31m[K [m[K   // allocation_matrix_weighted.row(0) *= thrust_weight_;
[0.905s]       | [01;31m[K^[m[K
[0.905s] [01m[K/home/fyp/FYP/aerogripper_ws/src/aerogripper_control/src/mixer.cpp:40:3:[m[K [01;31m[Kerror: [m[Kextended character   is not valid in an identifier
[0.905s]    40 |   [01;31m[K [m[K // allocation_matrix_weighted.row(0) *= thrust_weight_;
[0.905s]       |   [01;31m[K^[m[K
[0.905s] [01m[K/home/fyp/FYP/aerogripper_ws/src/aerogripper_control/src/mixer.cpp:41:1:[m[K [01;31m[Kerror: [m[Kextended character   is not valid in an identifier
[0.905s]    41 | [01;31m[K [m[K   // allocation_matrix_weighted.row(1) *= thrust_weight_;
[0.905s]       | [01;31m[K^[m[K
[0.905s] [01m[K/home/fyp/FYP/aerogripper_ws/src/aerogripper_control/src/mixer.cpp:41:3:[m[K [01;31m[Kerror: [m[Kextended character   is not valid in an identifier
[0.905s]    41 |   [01;31m[K [m[K // allocation_matrix_weighted.row(1) *= thrust_weight_;
[0.905s]       |   [01;31m[K^[m[K
[0.905s] [01m[K/home/fyp/FYP/aerogripper_ws/src/aerogripper_control/src/mixer.cpp:42:1:[m[K [01;31m[Kerror: [m[Kextended character   is not valid in an identifier
[0.905s]    42 | [01;31m[K [m[K   // allocation_matrix_weighted.row(2) *= thrust_weight_;
[0.905s]       | [01;31m[K^[m[K
[0.905s] [01m[K/home/fyp/FYP/aerogripper_ws/src/aerogripper_control/src/mixer.cpp:42:3:[m[K [01;31m[Kerror: [m[Kextended character   is not valid in an identifier
[0.905s]    42 |   [01;31m[K [m[K // allocation_matrix_weighted.row(2) *= thrust_weight_;
[0.905s]       |   [01;31m[K^[m[K
[0.905s] [01m[K/home/fyp/FYP/aerogripper_ws/src/aerogripper_control/src/mixer.cpp:43:1:[m[K [01;31m[Kerror: [m[Kextended character   is not valid in an identifier
[0.905s]    43 | [01;31m[K [m[K   // // 姿态控制行（第4、5、6行：roll moment, pitch moment, yaw moment）
[0.905s]       | [01;31m[K^[m[K
[0.905s] [01m[K/home/fyp/FYP/aerogripper_ws/src/aerogripper_control/src/mixer.cpp:43:3:[m[K [01;31m[Kerror: [m[Kextended character   is not valid in an identifier
[0.905s]    43 |   [01;31m[K [m[K // // 姿态控制行（第4、5、6行：roll moment, pitch moment, yaw moment）
[0.905s]       |   [01;31m[K^[m[K
[0.905s] [01m[K/home/fyp/FYP/aerogripper_ws/src/aerogripper_control/src/mixer.cpp:44:1:[m[K [01;31m[Kerror: [m[Kextended character   is not valid in an identifier
[0.905s]    44 | [01;31m[K [m[K   // allocation_matrix_weighted.row(3) *= attitude_weight_; // roll moment
[0.906s]       | [01;31m[K^[m[K
[0.906s] [01m[K/home/fyp/FYP/aerogripper_ws/src/aerogripper_control/src/mixer.cpp:44:3:[m[K [01;31m[Kerror: [m[Kextended character   is not valid in an identifier
[0.906s]    44 |   [01;31m[K [m[K // allocation_matrix_weighted.row(3) *= attitude_weight_; // roll moment
[0.906s]       |   [01;31m[K^[m[K
[0.906s] [01m[K/home/fyp/FYP/aerogripper_ws/src/aerogripper_control/src/mixer.cpp:45:1:[m[K [01;31m[Kerror: [m[Kextended character   is not valid in an identifier
[0.906s]    45 | [01;31m[K [m[K   // allocation_matrix_weighted.row(4) *= attitude_weight_; // pitch moment
[0.906s]       | [01;31m[K^[m[K
[0.906s] [01m[K/home/fyp/FYP/aerogripper_ws/src/aerogripper_control/src/mixer.cpp:45:3:[m[K [01;31m[Kerror: [m[Kextended character   is not valid in an identifier
[0.906s]    45 |   [01;31m[K [m[K // allocation_matrix_weighted.row(4) *= attitude_weight_; // pitch moment
[0.906s]       |   [01;31m[K^[m[K
[0.906s] [01m[K/home/fyp/FYP/aerogripper_ws/src/aerogripper_control/src/mixer.cpp:46:1:[m[K [01;31m[Kerror: [m[Kextended character   is not valid in an identifier
[0.906s]    46 | [01;31m[K [m[K   // allocation_matrix_weighted.row(5) *= attitude_weight_; // yaw moment
[0.906s]       | [01;31m[K^[m[K
[0.906s] [01m[K/home/fyp/FYP/aerogripper_ws/src/aerogripper_control/src/mixer.cpp:46:3:[m[K [01;31m[Kerror: [m[Kextended character   is not valid in an identifier
[0.906s]    46 |   [01;31m[K [m[K // allocation_matrix_weighted.row(5) *= attitude_weight_; // yaw moment
[0.906s]       |   [01;31m[K^[m[K
[0.906s] [01m[K/home/fyp/FYP/aerogripper_ws/src/aerogripper_control/src/mixer.cpp:47:1:[m[K [01;31m[Kerror: [m[Kextended character   is not valid in an identifier
[0.906s]    47 | [01;31m[K [m[K   // allocation_matrix_weighted.row(5) *= yaw_weight_; // yaw moment
[0.906s]       | [01;31m[K^[m[K
[0.906s] [01m[K/home/fyp/FYP/aerogripper_ws/src/aerogripper_control/src/mixer.cpp:47:3:[m[K [01;31m[Kerror: [m[Kextended character   is not valid in an identifier
[0.906s]    47 |   [01;31m[K [m[K // allocation_matrix_weighted.row(5) *= yaw_weight_; // yaw moment
[0.906s]       |   [01;31m[K^[m[K
[0.906s] [01m[K/home/fyp/FYP/aerogripper_ws/src/aerogripper_control/src/mixer.cpp:48:1:[m[K [01;31m[Kerror: [m[Kextended character   is not valid in an identifier
[0.906s]    48 | [01;31m[K [m[K   // // 计算加权后的伪逆
[0.906s]       | [01;31m[K^[m[K
[0.906s] [01m[K/home/fyp/FYP/aerogripper_ws/src/aerogripper_control/src/mixer.cpp:48:3:[m[K [01;31m[Kerror: [m[Kextended character   is not valid in an identifier
[0.906s]    48 |   [01;31m[K [m[K // // 计算加权后的伪逆
[0.906s]       |   [01;31m[K^[m[K
[0.907s] [01m[K/home/fyp/FYP/aerogripper_ws/src/aerogripper_control/src/mixer.cpp:49:1:[m[K [01;31m[Kerror: [m[Kextended character   is not valid in an identifier
[0.907s]    49 | [01;31m[K [m[K   // mix_matrix_ = allocation_matrix_weighted.completeOrthogonalDecomposition().pseudoInverse();
[0.907s]       | [01;31m[K^[m[K
[0.907s] [01m[K/home/fyp/FYP/aerogripper_ws/src/aerogripper_control/src/mixer.cpp:49:3:[m[K [01;31m[Kerror: [m[Kextended character   is not valid in an identifier
[0.907s]    49 |   [01;31m[K [m[K // mix_matrix_ = allocation_matrix_weighted.completeOrthogonalDecomposition().pseudoInverse();
[0.907s]       |   [01;31m[K^[m[K
[0.907s] [01m[K/home/fyp/FYP/aerogripper_ws/src/aerogripper_control/src/mixer.cpp:51:1:[m[K [01;31m[Kerror: [m[Kextended character   is not valid in an identifier
[0.907s]    51 | [01;31m[K [m[K   mix_matrix_ = allocation_matrix_.completeOrthogonalDecomposition().pseudoInverse();
[0.907s]       | [01;31m[K^[m[K
[0.907s] [01m[K/home/fyp/FYP/aerogripper_ws/src/aerogripper_control/src/mixer.cpp:51:3:[m[K [01;31m[Kerror: [m[Kextended character   is not valid in an identifier
[0.907s]    51 |   [01;31m[K [m[K mix_matrix_ = allocation_matrix_.completeOrthogonalDecomposition().pseudoInverse();
[0.907s]       |   [01;31m[K^[m[K
[0.907s] [01m[K/home/fyp/FYP/aerogripper_ws/src/aerogripper_control/src/mixer.cpp:52:1:[m[K [01;31m[Kerror: [m[Kextended character   is not valid in an identifier
[0.907s]    52 | [01;31m[K [m[K   mix_matrix_.col(3) *= attitude_weight_;
[0.907s]       | [01;31m[K^[m[K
[0.907s] [01m[K/home/fyp/FYP/aerogripper_ws/src/aerogripper_control/src/mixer.cpp:52:3:[m[K [01;31m[Kerror: [m[Kextended character   is not valid in an identifier
[0.907s]    52 |   [01;31m[K [m[K mix_matrix_.col(3) *= attitude_weight_;
[0.907s]       |   [01;31m[K^[m[K
[0.907s] [01m[K/home/fyp/FYP/aerogripper_ws/src/aerogripper_control/src/mixer.cpp:53:1:[m[K [01;31m[Kerror: [m[Kextended character   is not valid in an identifier
[0.907s]    53 | [01;31m[K [m[K   mix_matrix_.col(4) *= attitude_weight_;
[0.907s]       | [01;31m[K^[m[K
[0.907s] [01m[K/home/fyp/FYP/aerogripper_ws/src/aerogripper_control/src/mixer.cpp:53:3:[m[K [01;31m[Kerror: [m[Kextended character   is not valid in an identifier
[0.907s]    53 |   [01;31m[K [m[K mix_matrix_.col(4) *= attitude_weight_;
[0.907s]       |   [01;31m[K^[m[K
[0.907s] [01m[K/home/fyp/FYP/aerogripper_ws/src/aerogripper_control/src/mixer.cpp:54:1:[m[K [01;31m[Kerror: [m[Kextended character   is not valid in an identifier
[0.907s]    54 | [01;31m[K [m[K   mix_matrix_.col(5) *= attitude_weight_;
[0.907s]       | [01;31m[K^[m[K
[0.907s] [01m[K/home/fyp/FYP/aerogripper_ws/src/aerogripper_control/src/mixer.cpp:54:3:[m[K [01;31m[Kerror: [m[Kextended character   is not valid in an identifier
[0.907s]    54 |   [01;31m[K [m[K mix_matrix_.col(5) *= attitude_weight_;
[0.907s]       |   [01;31m[K^[m[K
[0.908s] [01m[K/home/fyp/FYP/aerogripper_ws/src/aerogripper_control/src/mixer.cpp:55:1:[m[K [01;31m[Kerror: [m[Kextended character   is not valid in an identifier
[0.908s]    55 | [01;31m[K [m[K   mix_matrix_.col(5) *= yaw_weight_;
[0.908s]       | [01;31m[K^[m[K
[0.908s] [01m[K/home/fyp/FYP/aerogripper_ws/src/aerogripper_control/src/mixer.cpp:55:3:[m[K [01;31m[Kerror: [m[Kextended character   is not valid in an identifier
[0.908s]    55 |   [01;31m[K [m[K mix_matrix_.col(5) *= yaw_weight_;
[0.908s]       |   [01;31m[K^[m[K
[0.908s] [01m[K/home/fyp/FYP/aerogripper_ws/src/aerogripper_control/src/mixer.cpp:59:1:[m[K [01;31m[Kerror: [m[Kextended character   is not valid in an identifier
[0.908s]    59 | [01;31m[K [m[K                     double torque_coeff, double rpm_coeff, double thrust_coeff,
[0.908s]       | [01;31m[K^[m[K
[0.908s] [01m[K/home/fyp/FYP/aerogripper_ws/src/aerogripper_control/src/mixer.cpp:59:3:[m[K [01;31m[Kerror: [m[Kextended character   is not valid in an identifier
[0.908s]    59 |   [01;31m[K [m[K                   double torque_coeff, double rpm_coeff, double thrust_coeff,
[0.908s]       |   [01;31m[K^[m[K
[0.908s] [01m[K/home/fyp/FYP/aerogripper_ws/src/aerogripper_control/src/mixer.cpp:59:5:[m[K [01;31m[Kerror: [m[Kextended character   is not valid in an identifier
[0.908s]    59 |     [01;31m[K [m[K                 double torque_coeff, double rpm_coeff, double thrust_coeff,
[0.908s]       |     [01;31m[K^[m[K
[0.908s] [01m[K/home/fyp/FYP/aerogripper_ws/src/aerogripper_control/src/mixer.cpp:59:7:[m[K [01;31m[Kerror: [m[Kextended character   is not valid in an identifier
[0.908s]    59 |       [01;31m[K [m[K               double torque_coeff, double rpm_coeff, double thrust_coeff,
[0.908s]       |       [01;31m[K^[m[K
[0.908s] [01m[K/home/fyp/FYP/aerogripper_ws/src/aerogripper_control/src/mixer.cpp:59:9:[m[K [01;31m[Kerror: [m[Kextended character   is not valid in an identifier
[0.908s]    59 |         [01;31m[K [m[K             double torque_coeff, double rpm_coeff, double thrust_coeff,
[0.908s]       |         [01;31m[K^[m[K
[0.908s] [01m[K/home/fyp/FYP/aerogripper_ws/src/aerogripper_control/src/mixer.cpp:59:11:[m[K [01;31m[Kerror: [m[Kextended character   is not valid in an identifier
[0.908s]    59 |           [01;31m[K [m[K           double torque_coeff, double rpm_coeff, double thrust_coeff,
[0.908s]       |           [01;31m[K^[m[K
[0.908s] [01m[K/home/fyp/FYP/aerogripper_ws/src/aerogripper_control/src/mixer.cpp:59:13:[m[K [01;31m[Kerror: [m[Kextended character   is not valid in an identifier
[0.908s]    59 |             [01;31m[K [m[K         double torque_coeff, double rpm_coeff, double thrust_coeff,
[0.908s]       |             [01;31m[K^[m[K
[0.908s] [01m[K/home/fyp/FYP/aerogripper_ws/src/aerogripper_control/src/mixer.cpp:59:15:[m[K [01;31m[Kerror: [m[Kextended character   is not valid in an identifier
[0.908s]    59 |               [01;31m[K [m[K       double torque_coeff, double rpm_coeff, double thrust_coeff,
[0.908s]       |               [01;31m[K^[m[K
[0.908s] [01m[K/home/fyp/FYP/aerogripper_ws/src/aerogripper_control/src/mixer.cpp:59:17:[m[K [01;31m[Kerror: [m[Kextended character   is not valid in an identifier
[0.909s]    59 |                 [01;31m[K [m[K     double torque_coeff, double rpm_coeff, double thrust_coeff,
[0.909s]       |                 [01;31m[K^[m[K
[0.909s] [01m[K/home/fyp/FYP/aerogripper_ws/src/aerogripper_control/src/mixer.cpp:59:19:[m[K [01;31m[Kerror: [m[Kextended character   is not valid in an identifier
[0.909s]    59 |                   [01;31m[K [m[K   double torque_coeff, double rpm_coeff, double thrust_coeff,
[0.909s]       |                   [01;31m[K^[m[K
[0.909s] [01m[K/home/fyp/FYP/aerogripper_ws/src/aerogripper_control/src/mixer.cpp:59:21:[m[K [01;31m[Kerror: [m[Kextended character   is not valid in an identifier
[0.909s]    59 |                     [01;31m[K [m[K double torque_coeff, double rpm_coeff, double thrust_coeff,
[0.909s]       |                     [01;31m[K^[m[K
[0.909s] [01m[K/home/fyp/FYP/aerogripper_ws/src/aerogripper_control/src/mixer.cpp:60:1:[m[K [01;31m[Kerror: [m[Kextended character   is not valid in an identifier
[0.909s]    60 | [01;31m[K [m[K                     double yaw_weight, double attitude_weight, double thrust_weight)
[0.909s]       | [01;31m[K^[m[K
[0.909s] [01m[K/home/fyp/FYP/aerogripper_ws/src/aerogripper_control/src/mixer.cpp:60:3:[m[K [01;31m[Kerror: [m[Kextended character   is not valid in an identifier
[0.909s]    60 |   [01;31m[K [m[K                   double yaw_weight, double attitude_weight, double thrust_weight)
[0.909s]       |   [01;31m[K^[m[K
[0.909s] [01m[K/home/fyp/FYP/aerogripper_ws/src/aerogripper_control/src/mixer.cpp:60:5:[m[K [01;31m[Kerror: [m[Kextended character   is not valid in an identifier
[0.909s]    60 |     [01;31m[K [m[K                 double yaw_weight, double attitude_weight, double thrust_weight)
[0.909s]       |     [01;31m[K^[m[K
[0.909s] [01m[K/home/fyp/FYP/aerogripper_ws/src/aerogripper_control/src/mixer.cpp:60:7:[m[K [01;31m[Kerror: [m[Kextended character   is not valid in an identifier
[0.909s]    60 |       [01;31m[K [m[K               double yaw_weight, double attitude_weight, double thrust_weight)
[0.909s]       |       [01;31m[K^[m[K
[0.909s] [01m[K/home/fyp/FYP/aerogripper_ws/src/aerogripper_control/src/mixer.cpp:60:9:[m[K [01;31m[Kerror: [m[Kextended character   is not valid in an identifier
[0.909s]    60 |         [01;31m[K [m[K             double yaw_weight, double attitude_weight, double thrust_weight)
[0.909s]       |         [01;31m[K^[m[K
[0.909s] [01m[K/home/fyp/FYP/aerogripper_ws/src/aerogripper_control/src/mixer.cpp:60:11:[m[K [01;31m[Kerror: [m[Kextended character   is not valid in an identifier
[0.909s]    60 |           [01;31m[K [m[K           double yaw_weight, double attitude_weight, double thrust_weight)
[0.909s]       |           [01;31m[K^[m[K
[0.909s] [01m[K/home/fyp/FYP/aerogripper_ws/src/aerogripper_control/src/mixer.cpp:60:13:[m[K [01;31m[Kerror: [m[Kextended character   is not valid in an identifier
[0.909s]    60 |             [01;31m[K [m[K         double yaw_weight, double attitude_weight, double thrust_weight)
[0.909s]       |             [01;31m[K^[m[K
[0.909s] [01m[K/home/fyp/FYP/aerogripper_ws/src/aerogripper_control/src/mixer.cpp:60:15:[m[K [01;31m[Kerror: [m[Kextended character   is not valid in an identifier
[0.909s]    60 |               [01;31m[K [m[K       double yaw_weight, double attitude_weight, double thrust_weight)
[0.909s]       |               [01;31m[K^[m[K
[0.910s] [01m[K/home/fyp/FYP/aerogripper_ws/src/aerogripper_control/src/mixer.cpp:60:17:[m[K [01;31m[Kerror: [m[Kextended character   is not valid in an identifier
[0.910s]    60 |                 [01;31m[K [m[K     double yaw_weight, double attitude_weight, double thrust_weight)
[0.910s]       |                 [01;31m[K^[m[K
[0.910s] [01m[K/home/fyp/FYP/aerogripper_ws/src/aerogripper_control/src/mixer.cpp:60:19:[m[K [01;31m[Kerror: [m[Kextended character   is not valid in an identifier
[0.910s]    60 |                   [01;31m[K [m[K   double yaw_weight, double attitude_weight, double thrust_weight)
[0.910s]       |                   [01;31m[K^[m[K
[0.910s] [01m[K/home/fyp/FYP/aerogripper_ws/src/aerogripper_control/src/mixer.cpp:60:21:[m[K [01;31m[Kerror: [m[Kextended character   is not valid in an identifier
[0.910s]    60 |                     [01;31m[K [m[K double yaw_weight, double attitude_weight, double thrust_weight)
[0.910s]       |                     [01;31m[K^[m[K
[0.910s] [01m[K/home/fyp/FYP/aerogripper_ws/src/aerogripper_control/src/mixer.cpp:62:1:[m[K [01;31m[Kerror: [m[Kextended character   is not valid in an identifier
[0.910s]    62 | [01;31m[K [m[K   thrust_arm_length_ = thrust_arm_length;
[0.910s]       | [01;31m[K^[m[K
[0.910s] [01m[K/home/fyp/FYP/aerogripper_ws/src/aerogripper_control/src/mixer.cpp:62:3:[m[K [01;31m[Kerror: [m[Kextended character   is not valid in an identifier
[0.910s]    62 |   [01;31m[K [m[K thrust_arm_length_ = thrust_arm_length;
[0.910s]       |   [01;31m[K^[m[K
[0.910s] [01m[K/home/fyp/FYP/aerogripper_ws/src/aerogripper_control/src/mixer.cpp:63:1:[m[K [01;31m[Kerror: [m[Kextended character   is not valid in an identifier
[0.910s]    63 | [01;31m[K [m[K   gravity_arm_length_ = gravity_arm_length;
[0.910s]       | [01;31m[K^[m[K
[0.910s] [01m[K/home/fyp/FYP/aerogripper_ws/src/aerogripper_control/src/mixer.cpp:63:3:[m[K [01;31m[Kerror: [m[Kextended character   is not valid in an identifier
[0.910s]    63 |   [01;31m[K [m[K gravity_arm_length_ = gravity_arm_length;
[0.910s]       |   [01;31m[K^[m[K
[0.910s] [01m[K/home/fyp/FYP/aerogripper_ws/src/aerogripper_control/src/mixer.cpp:64:1:[m[K [01;31m[Kerror: [m[Kextended character   is not valid in an identifier
[0.910s]    64 | [01;31m[K [m[K   torque_coeff_ = torque_coeff;
[0.910s]       | [01;31m[K^[m[K
[0.910s] [01m[K/home/fyp/FYP/aerogripper_ws/src/aerogripper_control/src/mixer.cpp:64:3:[m[K [01;31m[Kerror: [m[Kextended character   is not valid in an identifier
[0.910s]    64 |   [01;31m[K [m[K torque_coeff_ = torque_coeff;
[0.910s]       |   [01;31m[K^[m[K
[0.910s] [01m[K/home/fyp/FYP/aerogripper_ws/src/aerogripper_control/src/mixer.cpp:65:1:[m[K [01;31m[Kerror: [m[Kextended character   is not valid in an identifier
[0.910s]    65 | [01;31m[K [m[K   rpm_coeff_ = rpm_coeff;
[0.910s]       | [01;31m[K^[m[K
[0.910s] [01m[K/home/fyp/FYP/aerogripper_ws/src/aerogripper_control/src/mixer.cpp:65:3:[m[K [01;31m[Kerror: [m[Kextended character   is not valid in an identifier
[0.911s]    65 |   [01;31m[K [m[K rpm_coeff_ = rpm_coeff;
[0.911s]       |   [01;31m[K^[m[K
[0.911s] [01m[K/home/fyp/FYP/aerogripper_ws/src/aerogripper_control/src/mixer.cpp:66:1:[m[K [01;31m[Kerror: [m[Kextended character   is not valid in an identifier
[0.911s]    66 | [01;31m[K [m[K   thrust_coeff_ = thrust_coeff;
[0.911s]       | [01;31m[K^[m[K
[0.911s] [01m[K/home/fyp/FYP/aerogripper_ws/src/aerogripper_control/src/mixer.cpp:66:3:[m[K [01;31m[Kerror: [m[Kextended character   is not valid in an identifier
[0.911s]    66 |   [01;31m[K [m[K thrust_coeff_ = thrust_coeff;
[0.911s]       |   [01;31m[K^[m[K
[0.911s] [01m[K/home/fyp/FYP/aerogripper_ws/src/aerogripper_control/src/mixer.cpp:67:1:[m[K [01;31m[Kerror: [m[Kextended character   is not valid in an identifier
[0.911s]    67 | [01;31m[K [m[K   yaw_weight_ = yaw_weight;
[0.911s]       | [01;31m[K^[m[K
[0.911s] [01m[K/home/fyp/FYP/aerogripper_ws/src/aerogripper_control/src/mixer.cpp:67:3:[m[K [01;31m[Kerror: [m[Kextended character   is not valid in an identifier
[0.911s]    67 |   [01;31m[K [m[K yaw_weight_ = yaw_weight;
[0.911s]       |   [01;31m[K^[m[K
[0.911s] [01m[K/home/fyp/FYP/aerogripper_ws/src/aerogripper_control/src/mixer.cpp:68:1:[m[K [01;31m[Kerror: [m[Kextended character   is not valid in an identifier
[0.911s]    68 | [01;31m[K [m[K   attitude_weight_ = attitude_weight;
[0.911s]       | [01;31m[K^[m[K
[0.911s] [01m[K/home/fyp/FYP/aerogripper_ws/src/aerogripper_control/src/mixer.cpp:68:3:[m[K [01;31m[Kerror: [m[Kextended character   is not valid in an identifier
[0.911s]    68 |   [01;31m[K [m[K attitude_weight_ = attitude_weight;
[0.911s]       |   [01;31m[K^[m[K
[0.911s] [01m[K/home/fyp/FYP/aerogripper_ws/src/aerogripper_control/src/mixer.cpp:69:1:[m[K [01;31m[Kerror: [m[Kextended character   is not valid in an identifier
[0.911s]    69 | [01;31m[K [m[K   thrust_weight_ = thrust_weight;
[0.911s]       | [01;31m[K^[m[K
[0.911s] [01m[K/home/fyp/FYP/aerogripper_ws/src/aerogripper_control/src/mixer.cpp:69:3:[m[K [01;31m[Kerror: [m[Kextended character   is not valid in an identifier
[0.911s]    69 |   [01;31m[K [m[K thrust_weight_ = thrust_weight;
[0.911s]       |   [01;31m[K^[m[K
[0.911s] [01m[K/home/fyp/FYP/aerogripper_ws/src/aerogripper_control/src/mixer.cpp:71:1:[m[K [01;31m[Kerror: [m[Kextended character   is not valid in an identifier
[0.911s]    71 | [01;31m[K [m[K   // 重新计算控制矩阵
[0.911s]       | [01;31m[K^[m[K
[0.911s] [01m[K/home/fyp/FYP/aerogripper_ws/src/aerogripper_control/src/mixer.cpp:71:3:[m[K [01;31m[Kerror: [m[Kextended character   is not valid in an identifier
[0.911s]    71 |   [01;31m[K [m[K // 重新计算控制矩阵
[0.911s]       |   [01;31m[K^[m[K
[0.911s] [01m[K/home/fyp/FYP/aerogripper_ws/src/aerogripper_control/src/mixer.cpp:72:1:[m[K [01;31m[Kerror: [m[Kextended character   is not valid in an identifier
[0.912s]    72 | [01;31m[K [m[K   double L_T = thrust_arm_length_;
[0.912s]       | [01;31m[K^[m[K
[0.912s] [01m[K/home/fyp/FYP/aerogripper_ws/src/aerogripper_control/src/mixer.cpp:72:3:[m[K [01;31m[Kerror: [m[Kextended character   is not valid in an identifier
[0.912s]    72 |   [01;31m[K [m[K double L_T = thrust_arm_length_;
[0.912s]       |   [01;31m[K^[m[K
[0.912s] [01m[K/home/fyp/FYP/aerogripper_ws/src/aerogripper_control/src/mixer.cpp:73:1:[m[K [01;31m[Kerror: [m[Kextended character   is not valid in an identifier
[0.912s]    73 | [01;31m[K [m[K   double L_G = gravity_arm_length_;
[0.912s]       | [01;31m[K^[m[K
[0.912s] [01m[K/home/fyp/FYP/aerogripper_ws/src/aerogripper_control/src/mixer.cpp:73:3:[m[K [01;31m[Kerror: [m[Kextended character   is not valid in an identifier
[0.912s]    73 |   [01;31m[K [m[K double L_G = gravity_arm_length_;
[0.912s]       |   [01;31m[K^[m[K
[0.912s] [01m[K/home/fyp/FYP/aerogripper_ws/src/aerogripper_control/src/mixer.cpp:74:1:[m[K [01;31m[Kerror: [m[Kextended character   is not valid in an identifier
[0.912s]    74 | [01;31m[K [m[K   double kappa_t = torque_coeff_;
[0.912s]       | [01;31m[K^[m[K
[0.912s] [01m[K/home/fyp/FYP/aerogripper_ws/src/aerogripper_control/src/mixer.cpp:74:3:[m[K [01;31m[Kerror: [m[Kextended character   is not valid in an identifier
[0.912s]    74 |   [01;31m[K [m[K double kappa_t = torque_coeff_;
[0.912s]       |   [01;31m[K^[m[K
[0.912s] [01m[K/home/fyp/FYP/aerogripper_ws/src/aerogripper_control/src/mixer.cpp:75:1:[m[K [01;31m[Kerror: [m[Kextended character   is not valid in an identifier
[0.912s]    75 | [01;31m[K [m[K   double sqrt2_2 = std::sqrt(2.0) / 2.0;
[0.912s]       | [01;31m[K^[m[K
[0.912s] [01m[K/home/fyp/FYP/aerogripper_ws/src/aerogripper_control/src/mixer.cpp:75:3:[m[K [01;31m[Kerror: [m[Kextended character   is not valid in an identifier
[0.912s]    75 |   [01;31m[K [m[K double sqrt2_2 = std::sqrt(2.0) / 2.0;
[0.912s]       |   [01;31m[K^[m[K
[0.912s] [01m[K/home/fyp/FYP/aerogripper_ws/src/aerogripper_control/src/mixer.cpp:76:1:[m[K [01;31m[Kerror: [m[Kextended character   is not valid in an identifier
[0.912s]    76 | [01;31m[K [m[K  
[0.912s]       | [01;31m[K^[m[K
[0.912s] [01m[K/home/fyp/FYP/aerogripper_ws/src/aerogripper_control/src/mixer.cpp:76:3:[m[K [01;31m[Kerror: [m[Kextended character   is not valid in an identifier
[0.912s]    76 |   [01;31m[K [m[K
[0.912s]       |   [01;31m[K^[m[K
[0.912s] [01m[K/home/fyp/FYP/aerogripper_ws/src/aerogripper_control/src/mixer.cpp:77:1:[m[K [01;31m[Kerror: [m[Kextended character   is not valid in an identifier
[0.912s]    77 | [01;31m[K [m[K   allocation_matrix_ <<
[0.913s]       | [01;31m[K^[m[K
[0.913s] [01m[K/home/fyp/FYP/aerogripper_ws/src/aerogripper_control/src/mixer.cpp:77:3:[m[K [01;31m[Kerror: [m[Kextended character   is not valid in an identifier
[0.913s]    77 |   [01;31m[K [m[K allocation_matrix_ <<
[0.913s]       |   [01;31m[K^[m[K
[0.913s] [01m[K/home/fyp/FYP/aerogripper_ws/src/aerogripper_control/src/mixer.cpp:78:1:[m[K [01;31m[Kerror: [m[Kextended character   is not valid in an identifier
[0.913s]    78 | [01;31m[K [m[K       -0.5,          0.5,          -0.5,           0.5,
[0.913s]       | [01;31m[K^[m[K
[0.913s] [01m[K/home/fyp/FYP/aerogripper_ws/src/aerogripper_control/src/mixer.cpp:78:3:[m[K [01;31m[Kerror: [m[Kextended character   is not valid in an identifier
[0.913s]    78 |   [01;31m[K [m[K     -0.5,          0.5,          -0.5,           0.5,
[0.913s]       |   [01;31m[K^[m[K
[0.913s] [01m[K/home/fyp/FYP/aerogripper_ws/src/aerogripper_control/src/mixer.cpp:78:5:[m[K [01;31m[Kerror: [m[Kextended character   is not valid in an identifier
[0.913s]    78 |     [01;31m[K [m[K   -0.5,          0.5,          -0.5,           0.5,
[0.913s]       |     [01;31m[K^[m[K
[0.913s] [01m[K/home/fyp/FYP/aerogripper_ws/src/aerogripper_control/src/mixer.cpp:78:7:[m[K [01;31m[Kerror: [m[Kextended character   is not valid in an identifier
[0.913s]    78 |       [01;31m[K [m[K -0.5,          0.5,          -0.5,           0.5,
[0.913s]       |       [01;31m[K^[m[K
[0.913s] [01m[K/home/fyp/FYP/aerogripper_ws/src/aerogripper_control/src/mixer.cpp:78:15:[m[K [01;31m[Kerror: [m[Kextended character   is not valid in an identifier
[0.913s]    78 |         -0.5, [01;31m[K [m[K        0.5,          -0.5,           0.5,
[0.913s]       |               [01;31m[K^[m[K
[0.913s] [01m[K/home/fyp/FYP/aerogripper_ws/src/aerogripper_control/src/mixer.cpp:78:17:[m[K [01;31m[Kerror: [m[Kextended character   is not valid in an identifier
[0.913s]    78 |         -0.5,   [01;31m[K [m[K      0.5,          -0.5,           0.5,
[0.913s]       |                 [01;31m[K^[m[K
[0.913s] [01m[K/home/fyp/FYP/aerogripper_ws/src/aerogripper_control/src/mixer.cpp:78:19:[m[K [01;31m[Kerror: [m[Kextended character   is not valid in an identifier
[0.913s]    78 |         -0.5,     [01;31m[K [m[K    0.5,          -0.5,           0.5,
[0.913s]       |                   [01;31m[K^[m[K
[0.913s] [01m[K/home/fyp/FYP/aerogripper_ws/src/aerogripper_control/src/mixer.cpp:78:21:[m[K [01;31m[Kerror: [m[Kextended character   is not valid in an identifier
[0.913s]    78 |         -0.5,       [01;31m[K [m[K  0.5,          -0.5,           0.5,
[0.913s]       |                     [01;31m[K^[m[K
[0.913s] [01m[K/home/fyp/FYP/aerogripper_ws/src/aerogripper_control/src/mixer.cpp:78:23:[m[K [01;31m[Kerror: [m[Kextended character   is not valid in an identifier
[0.913s]    78 |         -0.5,         [01;31m[K [m[K0.5,          -0.5,           0.5,
[0.913s]       |                       [01;31m[K^[m[K
[0.914s] [01m[K/home/fyp/FYP/aerogripper_ws/src/aerogripper_control/src/mixer.cpp:78:29:[m[K [01;31m[Kerror: [m[Kextended character   is not valid in an identifier
[0.914s]    78 |         -0.5,          0.5, [01;31m[K [m[K        -0.5,           0.5,
[0.914s]       |                             [01;31m[K^[m[K
[0.914s] [01m[K/home/fyp/FYP/aerogripper_ws/src/aerogripper_control/src/mixer.cpp:78:31:[m[K [01;31m[Kerror: [m[Kextended character   is not valid in an identifier
[0.914s]    78 |         -0.5,          0.5,   [01;31m[K [m[K      -0.5,           0.5,
[0.914s]       |                               [01;31m[K^[m[K
[0.914s] [01m[K/home/fyp/FYP/aerogripper_ws/src/aerogripper_control/src/mixer.cpp:78:33:[m[K [01;31m[Kerror: [m[Kextended character   is not valid in an identifier
[0.914s]    78 |         -0.5,          0.5,     [01;31m[K [m[K    -0.5,           0.5,
[0.914s]       |                                 [01;31m[K^[m[K
[0.914s] [01m[K/home/fyp/FYP/aerogripper_ws/src/aerogripper_control/src/mixer.cpp:78:35:[m[K [01;31m[Kerror: [m[Kextended character   is not valid in an identifier
[0.914s]    78 |         -0.5,          0.5,       [01;31m[K [m[K  -0.5,           0.5,
[0.914s]       |                                   [01;31m[K^[m[K
[0.914s] [01m[K/home/fyp/FYP/aerogripper_ws/src/aerogripper_control/src/mixer.cpp:78:37:[m[K [01;31m[Kerror: [m[Kextended character   is not valid in an identifier
[0.914s]    78 |         -0.5,          0.5,         [01;31m[K [m[K-0.5,           0.5,
[0.914s]       |                                     [01;31m[K^[m[K
[0.914s] [01m[K/home/fyp/FYP/aerogripper_ws/src/aerogripper_control/src/mixer.cpp:78:44:[m[K [01;31m[Kerror: [m[Kextended character   is not valid in an identifier
[0.914s]    78 |         -0.5,          0.5,          -0.5, [01;31m[K [m[K         0.5,
[0.914s]       |                                            [01;31m[K^[m[K
[0.914s] [01m[K/home/fyp/FYP/aerogripper_ws/src/aerogripper_control/src/mixer.cpp:78:46:[m[K [01;31m[Kerror: [m[Kextended character   is not valid in an identifier
[0.914s]    78 |         -0.5,          0.5,          -0.5,   [01;31m[K [m[K       0.5,
[0.914s]       |                                              [01;31m[K^[m[K
[0.914s] [01m[K/home/fyp/FYP/aerogripper_ws/src/aerogripper_control/src/mixer.cpp:78:48:[m[K [01;31m[Kerror: [m[Kextended character   is not valid in an identifier
[0.914s]    78 |         -0.5,          0.5,          -0.5,     [01;31m[K [m[K     0.5,
[0.914s]       |                                                [01;31m[K^[m[K
[0.914s] [01m[K/home/fyp/FYP/aerogripper_ws/src/aerogripper_control/src/mixer.cpp:78:50:[m[K [01;31m[Kerror: [m[Kextended character   is not valid in an identifier
[0.914s]    78 |         -0.5,          0.5,          -0.5,       [01;31m[K [m[K   0.5,
[0.914s]       |                                                  [01;31m[K^[m[K
[0.914s] [01m[K/home/fyp/FYP/aerogripper_ws/src/aerogripper_control/src/mixer.cpp:78:52:[m[K [01;31m[Kerror: [m[Kextended character   is not valid in an identifier
[0.914s]    78 |         -0.5,          0.5,          -0.5,         [01;31m[K [m[K 0.5,
[0.915s]       |                                                    [01;31m[K^[m[K
[0.915s] [01m[K/home/fyp/FYP/aerogripper_ws/src/aerogripper_control/src/mixer.cpp:79:1:[m[K [01;31m[Kerror: [m[Kextended character   is not valid in an identifier
[0.915s]    79 | [01;31m[K [m[K        0.5,         -0.5,          -0.5,           0.5,
[0.915s]       | [01;31m[K^[m[K
[0.915s] [01m[K/home/fyp/FYP/aerogripper_ws/src/aerogripper_control/src/mixer.cpp:79:3:[m[K [01;31m[Kerror: [m[Kextended character   is not valid in an identifier
[0.915s]    79 |   [01;31m[K [m[K      0.5,         -0.5,          -0.5,           0.5,
[0.915s]       |   [01;31m[K^[m[K
[0.915s] [01m[K/home/fyp/FYP/aerogripper_ws/src/aerogripper_control/src/mixer.cpp:79:5:[m[K [01;31m[Kerror: [m[Kextended character   is not valid in an identifier
[0.915s]    79 |     [01;31m[K [m[K    0.5,         -0.5,          -0.5,           0.5,
[0.915s]       |     [01;31m[K^[m[K
[0.915s] [01m[K/home/fyp/FYP/aerogripper_ws/src/aerogripper_control/src/mixer.cpp:79:7:[m[K [01;31m[Kerror: [m[Kextended character   is not valid in an identifier
[0.915s]    79 |       [01;31m[K [m[K  0.5,         -0.5,          -0.5,           0.5,
[0.915s]       |       [01;31m[K^[m[K
[0.915s] [01m[K/home/fyp/FYP/aerogripper_ws/src/aerogripper_control/src/mixer.cpp:79:9:[m[K [01;31m[Kerror: [m[Kextended character   is not valid in an identifier
[0.915s]    79 |         [01;31m[K [m[K0.5,         -0.5,          -0.5,           0.5,
[0.915s]       |         [01;31m[K^[m[K
[0.915s] [01m[K/home/fyp/FYP/aerogripper_ws/src/aerogripper_control/src/mixer.cpp:79:15:[m[K [01;31m[Kerror: [m[Kextended character   is not valid in an identifier
[0.915s]    79 |          0.5, [01;31m[K [m[K       -0.5,          -0.5,           0.5,
[0.915s]       |               [01;31m[K^[m[K
[0.915s] [01m[K/home/fyp/FYP/aerogripper_ws/src/aerogripper_control/src/mixer.cpp:79:17:[m[K [01;31m[Kerror: [m[Kextended character   is not valid in an identifier
[0.915s]    79 |          0.5,   [01;31m[K [m[K     -0.5,          -0.5,           0.5,
[0.915s]       |                 [01;31m[K^[m[K
[0.915s] [01m[K/home/fyp/FYP/aerogripper_ws/src/aerogripper_control/src/mixer.cpp:79:19:[m[K [01;31m[Kerror: [m[Kextended character   is not valid in an identifier
[0.915s]    79 |          0.5,     [01;31m[K [m[K   -0.5,          -0.5,           0.5,
[0.915s]       |                   [01;31m[K^[m[K
[0.915s] [01m[K/home/fyp/FYP/aerogripper_ws/src/aerogripper_control/src/mixer.cpp:79:21:[m[K [01;31m[Kerror: [m[Kextended character   is not valid in an identifier
[0.915s]    79 |          0.5,       [01;31m[K [m[K -0.5,          -0.5,           0.5,
[0.915s]       |                     [01;31m[K^[m[K
[0.915s] [01m[K/home/fyp/FYP/aerogripper_ws/src/aerogripper_control/src/mixer.cpp:79:29:[m[K [01;31m[Kerror: [m[Kextended character   is not valid in an identifier
[0.916s]    79 |          0.5,         -0.5, [01;31m[K [m[K        -0.5,           0.5,
[0.916s]       |                             [01;31m[K^[m[K
[0.916s] [01m[K/home/fyp/FYP/aerogripper_ws/src/aerogripper_control/src/mixer.cpp:79:31:[m[K [01;31m[Kerror: [m[Kextended character   is not valid in an identifier
[0.916s]    79 |          0.5,         -0.5,   [01;31m[K [m[K      -0.5,           0.5,
[0.916s]       |                               [01;31m[K^[m[K
[0.916s] [01m[K/home/fyp/FYP/aerogripper_ws/src/aerogripper_control/src/mixer.cpp:79:33:[m[K [01;31m[Kerror: [m[Kextended character   is not valid in an identifier
[0.916s]    79 |          0.5,         -0.5,     [01;31m[K [m[K    -0.5,           0.5,
[0.916s]       |                                 [01;31m[K^[m[K
[0.916s] [01m[K/home/fyp/FYP/aerogripper_ws/src/aerogripper_control/src/mixer.cpp:79:35:[m[K [01;31m[Kerror: [m[Kextended character   is not valid in an identifier
[0.916s]    79 |          0.5,         -0.5,       [01;31m[K [m[K  -0.5,           0.5,
[0.916s]       |                                   [01;31m[K^[m[K
[0.916s] [01m[K/home/fyp/FYP/aerogripper_ws/src/aerogripper_control/src/mixer.cpp:79:37:[m[K [01;31m[Kerror: [m[Kextended character   is not valid in an identifier
[0.916s]    79 |          0.5,         -0.5,         [01;31m[K [m[K-0.5,           0.5,
[0.916s]       |                                     [01;31m[K^[m[K
[0.916s] [01m[K/home/fyp/FYP/aerogripper_ws/src/aerogripper_control/src/mixer.cpp:79:44:[m[K [01;31m[Kerror: [m[Kextended character   is not valid in an identifier
[0.916s]    79 |          0.5,         -0.5,          -0.5, [01;31m[K [m[K         0.5,
[0.916s]       |                                            [01;31m[K^[m[K
[0.916s] [01m[K/home/fyp/FYP/aerogripper_ws/src/aerogripper_control/src/mixer.cpp:79:46:[m[K [01;31m[Kerror: [m[Kextended character   is not valid in an identifier
[0.916s]    79 |          0.5,         -0.5,          -0.5,   [01;31m[K [m[K       0.5,
[0.916s]       |                                              [01;31m[K^[m[K
[0.916s] [01m[K/home/fyp/FYP/aerogripper_ws/src/aerogripper_control/src/mixer.cpp:79:48:[m[K [01;31m[Kerror: [m[Kextended character   is not valid in an identifier
[0.916s]    79 |          0.5,         -0.5,          -0.5,     [01;31m[K [m[K     0.5,
[0.916s]       |                                                [01;31m[K^[m[K
[0.916s] [01m[K/home/fyp/FYP/aerogripper_ws/src/aerogripper_control/src/mixer.cpp:79:50:[m[K [01;31m[Kerror: [m[Kextended character   is not valid in an identifier
[0.916s]    79 |          0.5,         -0.5,          -0.5,       [01;31m[K [m[K   0.5,
[0.916s]       |                                                  [01;31m[K^[m[K
[0.916s] [01m[K/home/fyp/FYP/aerogripper_ws/src/aerogripper_control/src/mixer.cpp:79:52:[m[K [01;31m[Kerror: [m[Kextended character   is not valid in an identifier
[0.916s]    79 |          0.5,         -0.5,          -0.5,         [01;31m[K [m[K 0.5,
[0.916s]       |                                                    [01;31m[K^[m[K
[0.916s] [01m[K/home/fyp/FYP/aerogripper_ws/src/aerogripper_control/src/mixer.cpp:80:1:[m[K [01;31m[Kerror: [m[Kextended character   is not valid in an identifier
[0.916s]    80 | [01;31m[K [m[K       -sqrt2_2,       -sqrt2_2,       -sqrt2_2,        -sqrt2_2,
[0.916s]       | [01;31m[K^[m[K
[0.917s] [01m[K/home/fyp/FYP/aerogripper_ws/src/aerogripper_control/src/mixer.cpp:80:3:[m[K [01;31m[Kerror: [m[Kextended character   is not valid in an identifier
[0.917s]    80 |   [01;31m[K [m[K     -sqrt2_2,       -sqrt2_2,       -sqrt2_2,        -sqrt2_2,
[0.917s]       |   [01;31m[K^[m[K
[0.917s] [01m[K/home/fyp/FYP/aerogripper_ws/src/aerogripper_control/src/mixer.cpp:80:5:[m[K [01;31m[Kerror: [m[Kextended character   is not valid in an identifier
[0.917s]    80 |     [01;31m[K [m[K   -sqrt2_2,       -sqrt2_2,       -sqrt2_2,        -sqrt2_2,
[0.917s]       |     [01;31m[K^[m[K
[0.917s] [01m[K/home/fyp/FYP/aerogripper_ws/src/aerogripper_control/src/mixer.cpp:80:7:[m[K [01;31m[Kerror: [m[Kextended character   is not valid in an identifier
[0.917s]    80 |       [01;31m[K [m[K -sqrt2_2,       -sqrt2_2,       -sqrt2_2,        -sqrt2_2,
[0.917s]       |       [01;31m[K^[m[K
[0.917s] [01m[K/home/fyp/FYP/aerogripper_ws/src/aerogripper_control/src/mixer.cpp:80:19:[m[K [01;31m[Kerror: [m[Kextended character   is not valid in an identifier
[0.917s]    80 |         -sqrt2_2, [01;31m[K [m[K     -sqrt2_2,       -sqrt2_2,        -sqrt2_2,
[0.917s]       |                   [01;31m[K^[m[K
[0.917s] [01m[K/home/fyp/FYP/aerogripper_ws/src/aerogripper_control/src/mixer.cpp:80:21:[m[K [01;31m[Kerror: [m[Kextended character   is not valid in an identifier
[0.917s]    80 |         -sqrt2_2,   [01;31m[K [m[K   -sqrt2_2,       -sqrt2_2,        -sqrt2_2,
[0.917s]       |                     [01;31m[K^[m[K
[0.917s] [01m[K/home/fyp/FYP/aerogripper_ws/src/aerogripper_control/src/mixer.cpp:80:23:[m[K [01;31m[Kerror: [m[Kextended character   is not valid in an identifier
[0.917s]    80 |         -sqrt2_2,     [01;31m[K [m[K -sqrt2_2,       -sqrt2_2,        -sqrt2_2,
[0.917s]       |                       [01;31m[K^[m[K
[0.917s] [01m[K/home/fyp/FYP/aerogripper_ws/src/aerogripper_control/src/mixer.cpp:80:35:[m[K [01;31m[Kerror: [m[Kextended character   is not valid in an identifier
[0.917s]    80 |         -sqrt2_2,       -sqrt2_2, [01;31m[K [m[K     -sqrt2_2,        -sqrt2_2,
[0.917s]       |                                   [01;31m[K^[m[K
[0.917s] [01m[K/home/fyp/FYP/aerogripper_ws/src/aerogripper_control/src/mixer.cpp:80:37:[m[K [01;31m[Kerror: [m[Kextended character   is not valid in an identifier
[0.917s]    80 |         -sqrt2_2,       -sqrt2_2,   [01;31m[K [m[K   -sqrt2_2,        -sqrt2_2,
[0.917s]       |                                     [01;31m[K^[m[K
[0.917s] [01m[K/home/fyp/FYP/aerogripper_ws/src/aerogripper_control/src/mixer.cpp:80:39:[m[K [01;31m[Kerror: [m[Kextended character   is not valid in an identifier
[0.917s]    80 |         -sqrt2_2,       -sqrt2_2,     [01;31m[K [m[K -sqrt2_2,        -sqrt2_2,
[0.917s]       |                                       [01;31m[K^[m[K
[0.917s] [01m[K/home/fyp/FYP/aerogripper_ws/src/aerogripper_control/src/mixer.cpp:80:51:[m[K [01;31m[Kerror: [m[Kextended character   is not valid in an identifier
[0.917s]    80 |         -sqrt2_2,       -sqrt2_2,       -sqrt2_2, [01;31m[K [m[K      -sqrt2_2,
[0.917s]       |                                                   [01;31m[K^[m[K
[0.917s] [01m[K/home/fyp/FYP/aerogripper_ws/src/aerogripper_control/src/mixer.cpp:80:53:[m[K [01;31m[Kerror: [m[Kextended character   is not valid in an identifier
[0.917s]    80 |         -sqrt2_2,       -sqrt2_2,       -sqrt2_2,   [01;31m[K [m[K    -sqrt2_2,
[0.917s]       |                                                     [01;31m[K^[m[K
[0.918s] [01m[K/home/fyp/FYP/aerogripper_ws/src/aerogripper_control/src/mixer.cpp:80:55:[m[K [01;31m[Kerror: [m[Kextended character   is not valid in an identifier
[0.918s]    80 |         -sqrt2_2,       -sqrt2_2,       -sqrt2_2,     [01;31m[K [m[K  -sqrt2_2,
[0.918s]       |                                                       [01;31m[K^[m[K
[0.918s] [01m[K/home/fyp/FYP/aerogripper_ws/src/aerogripper_control/src/mixer.cpp:80:57:[m[K [01;31m[Kerror: [m[Kextended character   is not valid in an identifier
[0.918s]    80 |         -sqrt2_2,       -sqrt2_2,       -sqrt2_2,       [01;31m[K [m[K-sqrt2_2,
[0.918s]       |                                                         [01;31m[K^[m[K
[0.918s] [01m[K/home/fyp/FYP/aerogripper_ws/src/aerogripper_control/src/mixer.cpp:81:1:[m[K [01;31m[Kerror: [m[Kextended character   is not valid in an identifier
[0.918s]    81 | [01;31m[K [m[K       0.5*L_T - 0.5*kappa_t,  -0.5*L_T + 0.5*kappa_t,  -0.5*L_T + 0.5*kappa_t,  0.5*L_T - 0.5*kappa_t,
[0.918s]       | [01;31m[K^[m[K
[0.918s] [01m[K/home/fyp/FYP/aerogripper_ws/src/aerogripper_control/src/mixer.cpp:81:3:[m[K [01;31m[Kerror: [m[Kextended character   is not valid in an identifier
[0.918s]    81 |   [01;31m[K [m[K     0.5*L_T - 0.5*kappa_t,  -0.5*L_T + 0.5*kappa_t,  -0.5*L_T + 0.5*kappa_t,  0.5*L_T - 0.5*kappa_t,
[0.918s]       |   [01;31m[K^[m[K
[0.918s] [01m[K/home/fyp/FYP/aerogripper_ws/src/aerogripper_control/src/mixer.cpp:81:5:[m[K [01;31m[Kerror: [m[Kextended character   is not valid in an identifier
[0.918s]    81 |     [01;31m[K [m[K   0.5*L_T - 0.5*kappa_t,  -0.5*L_T + 0.5*kappa_t,  -0.5*L_T + 0.5*kappa_t,  0.5*L_T - 0.5*kappa_t,
[0.918s]       |     [01;31m[K^[m[K
[0.918s] [01m[K/home/fyp/FYP/aerogripper_ws/src/aerogripper_control/src/mixer.cpp:81:7:[m[K [01;31m[Kerror: [m[Kextended character   is not valid in an identifier
[0.918s]    81 |       [01;31m[K [m[K 0.5*L_T - 0.5*kappa_t,  -0.5*L_T + 0.5*kappa_t,  -0.5*L_T + 0.5*kappa_t,  0.5*L_T - 0.5*kappa_t,
[0.918s]       |       [01;31m[K^[m[K
[0.918s] [01m[K/home/fyp/FYP/aerogripper_ws/src/aerogripper_control/src/mixer.cpp:81:32:[m[K [01;31m[Kerror: [m[Kextended character   is not valid in an identifier
[0.918s]    81 |         0.5*L_T - 0.5*kappa_t, [01;31m[K [m[K-0.5*L_T + 0.5*kappa_t,  -0.5*L_T + 0.5*kappa_t,  0.5*L_T - 0.5*kappa_t,
[0.918s]       |                                [01;31m[K^[m[K
[0.918s] [01m[K/home/fyp/FYP/aerogripper_ws/src/aerogripper_control/src/mixer.cpp:81:57:[m[K [01;31m[Kerror: [m[Kextended character   is not valid in an identifier
[0.918s]    81 |         0.5*L_T - 0.5*kappa_t,  -0.5*L_T + 0.5*kappa_t, [01;31m[K [m[K-0.5*L_T + 0.5*kappa_t,  0.5*L_T - 0.5*kappa_t,
[0.918s]       |                                                         [01;31m[K^[m[K
[0.918s] [01m[K/home/fyp/FYP/aerogripper_ws/src/aerogripper_control/src/mixer.cpp:81:82:[m[K [01;31m[Kerror: [m[Kextended character   is not valid in an identifier
[0.918s]    81 | 5*kappa_t,  -0.5*L_T + 0.5*kappa_t,  -0.5*L_T + 0.5*kappa_t, [01;31m[K [m[K0.5*L_T - 0.5*kappa_t,
[0.918s]       |                                                              [01;31m[K^[m[K
[0.918s] 
[0.918s] [01m[K/home/fyp/FYP/aerogripper_ws/src/aerogripper_control/src/mixer.cpp:82:1:[m[K [01;31m[Kerror: [m[Kextended character   is not valid in an identifier
[0.918s]    82 | [01;31m[K [m[K       0.5*L_T + 0.5*kappa_t,  -0.5*L_T - 0.5*kappa_t,   0.5*L_T + 0.5*kappa_t, -0.5*L_T - 0.5*kappa_t,
[0.919s]       | [01;31m[K^[m[K
[0.919s] [01m[K/home/fyp/FYP/aerogripper_ws/src/aerogripper_control/src/mixer.cpp:82:3:[m[K [01;31m[Kerror: [m[Kextended character   is not valid in an identifier
[0.919s]    82 |   [01;31m[K [m[K     0.5*L_T + 0.5*kappa_t,  -0.5*L_T - 0.5*kappa_t,   0.5*L_T + 0.5*kappa_t, -0.5*L_T - 0.5*kappa_t,
[0.919s]       |   [01;31m[K^[m[K
[0.919s] [01m[K/home/fyp/FYP/aerogripper_ws/src/aerogripper_control/src/mixer.cpp:82:5:[m[K [01;31m[Kerror: [m[Kextended character   is not valid in an identifier
[0.919s]    82 |     [01;31m[K [m[K   0.5*L_T + 0.5*kappa_t,  -0.5*L_T - 0.5*kappa_t,   0.5*L_T + 0.5*kappa_t, -0.5*L_T - 0.5*kappa_t,
[0.919s]       |     [01;31m[K^[m[K
[0.919s] [01m[K/home/fyp/FYP/aerogripper_ws/src/aerogripper_control/src/mixer.cpp:82:7:[m[K [01;31m[Kerror: [m[Kextended character   is not valid in an identifier
[0.919s]    82 |       [01;31m[K [m[K 0.5*L_T + 0.5*kappa_t,  -0.5*L_T - 0.5*kappa_t,   0.5*L_T + 0.5*kappa_t, -0.5*L_T - 0.5*kappa_t,
[0.919s]       |       [01;31m[K^[m[K
[0.919s] [01m[K/home/fyp/FYP/aerogripper_ws/src/aerogripper_control/src/mixer.cpp:82:32:[m[K [01;31m[Kerror: [m[Kextended character   is not valid in an identifier
[0.919s]    82 |         0.5*L_T + 0.5*kappa_t, [01;31m[K [m[K-0.5*L_T - 0.5*kappa_t,   0.5*L_T + 0.5*kappa_t, -0.5*L_T - 0.5*kappa_t,
[0.919s]       |                                [01;31m[K^[m[K
[0.919s] [01m[K/home/fyp/FYP/aerogripper_ws/src/aerogripper_control/src/mixer.cpp:82:57:[m[K [01;31m[Kerror: [m[Kextended character   is not valid in an identifier
[0.919s]    82 |         0.5*L_T + 0.5*kappa_t,  -0.5*L_T - 0.5*kappa_t, [01;31m[K [m[K 0.5*L_T + 0.5*kappa_t, -0.5*L_T - 0.5*kappa_t,
[0.919s]       |                                                         [01;31m[K^[m[K
[0.919s] [01m[K/home/fyp/FYP/aerogripper_ws/src/aerogripper_control/src/mixer.cpp:83:1:[m[K [01;31m[Kerror: [m[Kextended character   is not valid in an identifier
[0.919s]    83 | [01;31m[K [m[K       -sqrt2_2*kappa_t,  -sqrt2_2*kappa_t,  sqrt2_2*kappa_t,  sqrt2_2*kappa_t;
[0.919s]       | [01;31m[K^[m[K
[0.919s] [01m[K/home/fyp/FYP/aerogripper_ws/src/aerogripper_control/src/mixer.cpp:83:3:[m[K [01;31m[Kerror: [m[Kextended character   is not valid in an identifier
[0.919s]    83 |   [01;31m[K [m[K     -sqrt2_2*kappa_t,  -sqrt2_2*kappa_t,  sqrt2_2*kappa_t,  sqrt2_2*kappa_t;
[0.919s]       |   [01;31m[K^[m[K
[0.919s] [01m[K/home/fyp/FYP/aerogripper_ws/src/aerogripper_control/src/mixer.cpp:83:5:[m[K [01;31m[Kerror: [m[Kextended character   is not valid in an identifier
[0.919s]    83 |     [01;31m[K [m[K   -sqrt2_2*kappa_t,  -sqrt2_2*kappa_t,  sqrt2_2*kappa_t,  sqrt2_2*kappa_t;
[0.919s]       |     [01;31m[K^[m[K
[0.919s] [01m[K/home/fyp/FYP/aerogripper_ws/src/aerogripper_control/src/mixer.cpp:83:7:[m[K [01;31m[Kerror: [m[Kextended character   is not valid in an identifier
[0.919s]    83 |       [01;31m[K [m[K -sqrt2_2*kappa_t,  -sqrt2_2*kappa_t,  sqrt2_2*kappa_t,  sqrt2_2*kappa_t;
[0.919s]       |       [01;31m[K^[m[K
[0.919s] [01m[K/home/fyp/FYP/aerogripper_ws/src/aerogripper_control/src/mixer.cpp:83:27:[m[K [01;31m[Kerror: [m[Kextended character   is not valid in an identifier
[0.919s]    83 |         -sqrt2_2*kappa_t, [01;31m[K [m[K-sqrt2_2*kappa_t,  sqrt2_2*kappa_t,  sqrt2_2*kappa_t;
[0.920s]       |                           [01;31m[K^[m[K
[0.920s] [01m[K/home/fyp/FYP/aerogripper_ws/src/aerogripper_control/src/mixer.cpp:83:46:[m[K [01;31m[Kerror: [m[Kextended character   is not valid in an identifier
[0.920s]    83 |         -sqrt2_2*kappa_t,  -sqrt2_2*kappa_t, [01;31m[K [m[Ksqrt2_2*kappa_t,  sqrt2_2*kappa_t;
[0.920s]       |                                              [01;31m[K^[m[K
[0.920s] [01m[K/home/fyp/FYP/aerogripper_ws/src/aerogripper_control/src/mixer.cpp:83:64:[m[K [01;31m[Kerror: [m[Kextended character   is not valid in an identifier
[0.920s]    83 |       -sqrt2_2*kappa_t,  -sqrt2_2*kappa_t,  sqrt2_2*kappa_t, [01;31m[K [m[Ksqrt2_2*kappa_t;
[0.920s]       |                                                              [01;31m[K^[m[K
[0.920s] 
[0.920s] [01m[K/home/fyp/FYP/aerogripper_ws/src/aerogripper_control/src/mixer.cpp:84:1:[m[K [01;31m[Kerror: [m[Kextended character   is not valid in an identifier
[0.920s]    84 | [01;31m[K [m[K  
[0.920s]       | [01;31m[K^[m[K
[0.920s] [01m[K/home/fyp/FYP/aerogripper_ws/src/aerogripper_control/src/mixer.cpp:84:3:[m[K [01;31m[Kerror: [m[Kextended character   is not valid in an identifier
[0.920s]    84 |   [01;31m[K [m[K
[0.920s]       |   [01;31m[K^[m[K
[0.920s] [01m[K/home/fyp/FYP/aerogripper_ws/src/aerogripper_control/src/mixer.cpp:85:1:[m[K [01;31m[Kerror: [m[Kextended character   is not valid in an identifier
[0.920s]    85 | [01;31m[K [m[K   // 更新增强矩阵
[0.920s]       | [01;31m[K^[m[K
[0.920s] [01m[K/home/fyp/FYP/aerogripper_ws/src/aerogripper_control/src/mixer.cpp:85:3:[m[K [01;31m[Kerror: [m[Kextended character   is not valid in an identifier
[0.920s]    85 |   [01;31m[K [m[K // 更新增强矩阵
[0.920s]       |   [01;31m[K^[m[K
[0.920s] [01m[K/home/fyp/FYP/aerogripper_ws/src/aerogripper_control/src/mixer.cpp:86:1:[m[K [01;31m[Kerror: [m[Kextended character   is not valid in an identifier
[0.920s]    86 | [01;31m[K [m[K   allocation_matrix_w_ << 0, 0, 1, 0, 0, 0; // 初始化假定垂直悬吊，绳子只给一个向上的力
[0.920s]       | [01;31m[K^[m[K
[0.920s] [01m[K/home/fyp/FYP/aerogripper_ws/src/aerogripper_control/src/mixer.cpp:86:3:[m[K [01;31m[Kerror: [m[Kextended character   is not valid in an identifier
[0.920s]    86 |   [01;31m[K [m[K allocation_matrix_w_ << 0, 0, 1, 0, 0, 0; // 初始化假定垂直悬吊，绳子只给一个向上的力
[0.920s]       |   [01;31m[K^[m[K
[0.920s] [01m[K/home/fyp/FYP/aerogripper_ws/src/aerogripper_control/src/mixer.cpp:87:1:[m[K [01;31m[Kerror: [m[Kextended character   is not valid in an identifier
[0.920s]    87 | [01;31m[K [m[K   allocation_matrix_enhanced_.block<6, 4> (0, 0) = allocation_matrix_;
[0.920s]       | [01;31m[K^[m[K
[0.920s] [01m[K/home/fyp/FYP/aerogripper_ws/src/aerogripper_control/src/mixer.cpp:87:3:[m[K [01;31m[Kerror: [m[Kextended character   is not valid in an identifier
[0.920s]    87 |   [01;31m[K [m[K allocation_matrix_enhanced_.block<6, 4> (0, 0) = allocation_matrix_;
[0.921s]       |   [01;31m[K^[m[K
[0.921s] [01m[K/home/fyp/FYP/aerogripper_ws/src/aerogripper_control/src/mixer.cpp:88:1:[m[K [01;31m[Kerror: [m[Kextended character   is not valid in an identifier
[0.921s]    88 | [01;31m[K [m[K   allocation_matrix_enhanced_.block<6, 1> (0, 4) = allocation_matrix_w_;
[0.921s]       | [01;31m[K^[m[K
[0.921s] [01m[K/home/fyp/FYP/aerogripper_ws/src/aerogripper_control/src/mixer.cpp:88:3:[m[K [01;31m[Kerror: [m[Kextended character   is not valid in an identifier
[0.921s]    88 |   [01;31m[K [m[K allocation_matrix_enhanced_.block<6, 1> (0, 4) = allocation_matrix_w_;
[0.921s]       |   [01;31m[K^[m[K
[0.921s] [01m[K/home/fyp/FYP/aerogripper_ws/src/aerogripper_control/src/mixer.cpp:89:1:[m[K [01;31m[Kerror: [m[Kextended character   is not valid in an identifier
[0.921s]    89 | [01;31m[K [m[K  
[0.921s]       | [01;31m[K^[m[K
[0.921s] [01m[K/home/fyp/FYP/aerogripper_ws/src/aerogripper_control/src/mixer.cpp:89:3:[m[K [01;31m[Kerror: [m[Kextended character   is not valid in an identifier
[0.921s]    89 |   [01;31m[K [m[K
[0.921s]       |   [01;31m[K^[m[K
[0.921s] [01m[K/home/fyp/FYP/aerogripper_ws/src/aerogripper_control/src/mixer.cpp:91:1:[m[K [01;31m[Kerror: [m[Kextended character   is not valid in an identifier
[0.921s]    91 | [01;31m[K [m[K   // // 使用加权伪逆，给yaw控制和姿态控制适当的权重
[0.921s]       | [01;31m[K^[m[K
[0.921s] [01m[K/home/fyp/FYP/aerogripper_ws/src/aerogripper_control/src/mixer.cpp:91:3:[m[K [01;31m[Kerror: [m[Kextended character   is not valid in an identifier
[0.921s]    91 |   [01;31m[K [m[K // // 使用加权伪逆，给yaw控制和姿态控制适当的权重
[0.921s]       |   [01;31m[K^[m[K
[0.921s] [01m[K/home/fyp/FYP/aerogripper_ws/src/aerogripper_control/src/mixer.cpp:92:1:[m[K [01;31m[Kerror: [m[Kextended character   is not valid in an identifier
[0.921s]    92 | [01;31m[K [m[K   // // 方法1: 直接修改控制分配矩阵的相应行
[0.921s]       | [01;31m[K^[m[K
[0.921s] [01m[K/home/fyp/FYP/aerogripper_ws/src/aerogripper_control/src/mixer.cpp:92:3:[m[K [01;31m[Kerror: [m[Kextended character   is not valid in an identifier
[0.921s]    92 |   [01;31m[K [m[K // // 方法1: 直接修改控制分配矩阵的相应行
[0.921s]       |   [01;31m[K^[m[K
[0.921s] [01m[K/home/fyp/FYP/aerogripper_ws/src/aerogripper_control/src/mixer.cpp:93:1:[m[K [01;31m[Kerror: [m[Kextended character   is not valid in an identifier
[0.921s]    93 | [01;31m[K [m[K   // Eigen::Matrix<double,6,4> allocation_matrix_weighted = allocation_matrix_;
[0.921s]       | [01;31m[K^[m[K
[0.921s] [01m[K/home/fyp/FYP/aerogripper_ws/src/aerogripper_control/src/mixer.cpp:93:3:[m[K [01;31m[Kerror: [m[Kextended character   is not valid in an identifier
[0.921s]    93 |   [01;31m[K [m[K // Eigen::Matrix<double,6,4> allocation_matrix_weighted = allocation_matrix_;
[0.921s]       |   [01;31m[K^[m[K
[0.921s] [01m[K/home/fyp/FYP/aerogripper_ws/src/aerogripper_control/src/mixer.cpp:94:1:[m[K [01;31m[Kerror: [m[Kextended character   is not valid in an identifier
[0.922s]    94 | [01;31m[K [m[K  
[0.922s]       | [01;31m[K^[m[K
[0.922s] [01m[K/home/fyp/FYP/aerogripper_ws/src/aerogripper_control/src/mixer.cpp:94:3:[m[K [01;31m[Kerror: [m[Kextended character   is not valid in an identifier
[0.922s]    94 |   [01;31m[K [m[K
[0.922s]       |   [01;31m[K^[m[K
[0.922s] [01m[K/home/fyp/FYP/aerogripper_ws/src/aerogripper_control/src/mixer.cpp:95:1:[m[K [01;31m[Kerror: [m[Kextended character   is not valid in an identifier
[0.922s]    95 | [01;31m[K [m[K   // allocation_matrix_weighted.row(0) *= thrust_weight_;
[0.922s]       | [01;31m[K^[m[K
[0.922s] [01m[K/home/fyp/FYP/aerogripper_ws/src/aerogripper_control/src/mixer.cpp:95:3:[m[K [01;31m[Kerror: [m[Kextended character   is not valid in an identifier
[0.922s]    95 |   [01;31m[K [m[K // allocation_matrix_weighted.row(0) *= thrust_weight_;
[0.922s]       |   [01;31m[K^[m[K
[0.922s] [01m[K/home/fyp/FYP/aerogripper_ws/src/aerogripper_control/src/mixer.cpp:96:1:[m[K [01;31m[Kerror: [m[Kextended character   is not valid in an identifier
[0.922s]    96 | [01;31m[K [m[K   // allocation_matrix_weighted.row(1) *= thrust_weight_;
[0.922s]       | [01;31m[K^[m[K
[0.922s] [01m[K/home/fyp/FYP/aerogripper_ws/src/aerogripper_control/src/mixer.cpp:96:3:[m[K [01;31m[Kerror: [m[Kextended character   is not valid in an identifier
[0.922s]    96 |   [01;31m[K [m[K // allocation_matrix_weighted.row(1) *= thrust_weight_;
[0.922s]       |   [01;31m[K^[m[K
[0.922s] [01m[K/home/fyp/FYP/aerogripper_ws/src/aerogripper_control/src/mixer.cpp:97:1:[m[K [01;31m[Kerror: [m[Kextended character   is not valid in an identifier
[0.922s]    97 | [01;31m[K [m[K   // allocation_matrix_weighted.row(2) *= thrust_weight_;
[0.922s]       | [01;31m[K^[m[K
[0.922s] [01m[K/home/fyp/FYP/aerogripper_ws/src/aerogripper_control/src/mixer.cpp:97:3:[m[K [01;31m[Kerror: [m[Kextended character   is not valid in an identifier
[0.922s]    97 |   [01;31m[K [m[K // allocation_matrix_weighted.row(2) *= thrust_weight_;
[0.922s]       |   [01;31m[K^[m[K
[0.922s] [01m[K/home/fyp/FYP/aerogripper_ws/src/aerogripper_control/src/mixer.cpp:98:1:[m[K [01;31m[Kerror: [m[Kextended character   is not valid in an identifier
[0.922s]    98 | [01;31m[K [m[K   // // 姿态控制行（第4、5、6行：roll moment, pitch moment, yaw moment）
[0.922s]       | [01;31m[K^[m[K
[0.922s] [01m[K/home/fyp/FYP/aerogripper_ws/src/aerogripper_control/src/mixer.cpp:98:3:[m[K [01;31m[Kerror: [m[Kextended character   is not valid in an identifier
[0.922s]    98 |   [01;31m[K [m[K // // 姿态控制行（第4、5、6行：roll moment, pitch moment, yaw moment）
[0.922s]       |   [01;31m[K^[m[K
[0.922s] [01m[K/home/fyp/FYP/aerogripper_ws/src/aerogripper_control/src/mixer.cpp:99:1:[m[K [01;31m[Kerror: [m[Kextended character   is not valid in an identifier
[0.922s]    99 | [01;31m[K [m[K   // allocation_matrix_weighted.row(3) *= attitude_weight_; // roll moment
[0.922s]       | [01;31m[K^[m[K
[0.922s] [01m[K/home/fyp/FYP/aerogripper_ws/src/aerogripper_control/src/mixer.cpp:99:3:[m[K [01;31m[Kerror: [m[Kextended character   is not valid in an identifier
[0.923s]    99 |   [01;31m[K [m[K // allocation_matrix_weighted.row(3) *= attitude_weight_; // roll moment
[0.923s]       |   [01;31m[K^[m[K
[0.923s] [01m[K/home/fyp/FYP/aerogripper_ws/src/aerogripper_control/src/mixer.cpp:100:1:[m[K [01;31m[Kerror: [m[Kextended character   is not valid in an identifier
[0.923s]   100 | [01;31m[K [m[K   // allocation_matrix_weighted.row(4) *= attitude_weight_; // pitch moment
[0.923s]       | [01;31m[K^[m[K
[0.923s] [01m[K/home/fyp/FYP/aerogripper_ws/src/aerogripper_control/src/mixer.cpp:100:3:[m[K [01;31m[Kerror: [m[Kextended character   is not valid in an identifier
[0.923s]   100 |   [01;31m[K [m[K // allocation_matrix_weighted.row(4) *= attitude_weight_; // pitch moment
[0.923s]       |   [01;31m[K^[m[K
[0.923s] [01m[K/home/fyp/FYP/aerogripper_ws/src/aerogripper_control/src/mixer.cpp:101:1:[m[K [01;31m[Kerror: [m[Kextended character   is not valid in an identifier
[0.923s]   101 | [01;31m[K [m[K   // allocation_matrix_weighted.row(5) *= attitude_weight_; // yaw moment
[0.923s]       | [01;31m[K^[m[K
[0.923s] [01m[K/home/fyp/FYP/aerogripper_ws/src/aerogripper_control/src/mixer.cpp:101:3:[m[K [01;31m[Kerror: [m[Kextended character   is not valid in an identifier
[0.923s]   101 |   [01;31m[K [m[K // allocation_matrix_weighted.row(5) *= attitude_weight_; // yaw moment
[0.923s]       |   [01;31m[K^[m[K
[0.923s] [01m[K/home/fyp/FYP/aerogripper_ws/src/aerogripper_control/src/mixer.cpp:102:1:[m[K [01;31m[Kerror: [m[Kextended character   is not valid in an identifier
[0.923s]   102 | [01;31m[K [m[K   // allocation_matrix_weighted.row(5) *= yaw_weight_; // yaw moment
[0.923s]       | [01;31m[K^[m[K
[0.923s] [01m[K/home/fyp/FYP/aerogripper_ws/src/aerogripper_control/src/mixer.cpp:102:3:[m[K [01;31m[Kerror: [m[Kextended character   is not valid in an identifier
[0.923s]   102 |   [01;31m[K [m[K // allocation_matrix_weighted.row(5) *= yaw_weight_; // yaw moment
[0.923s]       |   [01;31m[K^[m[K
[0.923s] [01m[K/home/fyp/FYP/aerogripper_ws/src/aerogripper_control/src/mixer.cpp:103:1:[m[K [01;31m[Kerror: [m[Kextended character   is not valid in an identifier
[0.923s]   103 | [01;31m[K [m[K  
[0.923s]       | [01;31m[K^[m[K
[0.923s] [01m[K/home/fyp/FYP/aerogripper_ws/src/aerogripper_control/src/mixer.cpp:103:3:[m[K [01;31m[Kerror: [m[Kextended character   is not valid in an identifier
[0.923s]   103 |   [01;31m[K [m[K
[0.923s]       |   [01;31m[K^[m[K
[0.923s] [01m[K/home/fyp/FYP/aerogripper_ws/src/aerogripper_control/src/mixer.cpp:104:1:[m[K [01;31m[Kerror: [m[Kextended character   is not valid in an identifier
[0.923s]   104 | [01;31m[K [m[K   cout<<"yaw_weight_:"<<yaw_weight_<<endl;
[0.923s]       | [01;31m[K^[m[K
[0.923s] [01m[K/home/fyp/FYP/aerogripper_ws/src/aerogripper_control/src/mixer.cpp:104:3:[m[K [01;31m[Kerror: [m[Kextended character   is not valid in an identifier
[0.924s]   104 |   [01;31m[K [m[K cout<<"yaw_weight_:"<<yaw_weight_<<endl;
[0.924s]       |   [01;31m[K^[m[K
[0.924s] [01m[K/home/fyp/FYP/aerogripper_ws/src/aerogripper_control/src/mixer.cpp:105:1:[m[K [01;31m[Kerror: [m[Kextended character   is not valid in an identifier
[0.924s]   105 | [01;31m[K [m[K   cout<<"attitude_weight_:"<<attitude_weight_<<endl;
[0.924s]       | [01;31m[K^[m[K
[0.924s] [01m[K/home/fyp/FYP/aerogripper_ws/src/aerogripper_control/src/mixer.cpp:105:3:[m[K [01;31m[Kerror: [m[Kextended character   is not valid in an identifier
[0.924s]   105 |   [01;31m[K [m[K cout<<"attitude_weight_:"<<attitude_weight_<<endl;
[0.924s]       |   [01;31m[K^[m[K
[0.924s] [01m[K/home/fyp/FYP/aerogripper_ws/src/aerogripper_control/src/mixer.cpp:106:1:[m[K [01;31m[Kerror: [m[Kextended character   is not valid in an identifier
[0.924s]   106 | [01;31m[K [m[K   cout<<"allocation_matrix_:"<<endl<<allocation_matrix_<<endl;
[0.924s]       | [01;31m[K^[m[K
[0.924s] [01m[K/home/fyp/FYP/aerogripper_ws/src/aerogripper_control/src/mixer.cpp:106:3:[m[K [01;31m[Kerror: [m[Kextended character   is not valid in an identifier
[0.924s]   106 |   [01;31m[K [m[K cout<<"allocation_matrix_:"<<endl<<allocation_matrix_<<endl;
[0.924s]       |   [01;31m[K^[m[K
[0.924s] [01m[K/home/fyp/FYP/aerogripper_ws/src/aerogripper_control/src/mixer.cpp:107:1:[m[K [01;31m[Kerror: [m[Kextended character   is not valid in an identifier
[0.924s]   107 | [01;31m[K [m[K  
[0.924s]       | [01;31m[K^[m[K
[0.924s] [01m[K/home/fyp/FYP/aerogripper_ws/src/aerogripper_control/src/mixer.cpp:107:3:[m[K [01;31m[Kerror: [m[Kextended character   is not valid in an identifier
[0.924s]   107 |   [01;31m[K [m[K
[0.924s]       |   [01;31m[K^[m[K
[0.924s] [01m[K/home/fyp/FYP/aerogripper_ws/src/aerogripper_control/src/mixer.cpp:108:1:[m[K [01;31m[Kerror: [m[Kextended character   is not valid in an identifier
[0.924s]   108 | [01;31m[K [m[K   // 计算加权后的伪逆
[0.924s]       | [01;31m[K^[m[K
[0.924s] [01m[K/home/fyp/FYP/aerogripper_ws/src/aerogripper_control/src/mixer.cpp:108:3:[m[K [01;31m[Kerror: [m[Kextended character   is not valid in an identifier
[0.924s]   108 |   [01;31m[K [m[K // 计算加权后的伪逆
[0.924s]       |   [01;31m[K^[m[K
[0.924s] [01m[K/home/fyp/FYP/aerogripper_ws/src/aerogripper_control/src/mixer.cpp:109:1:[m[K [01;31m[Kerror: [m[Kextended character   is not valid in an identifier
[0.924s]   109 | [01;31m[K [m[K   mix_matrix_ = allocation_matrix_.completeOrthogonalDecomposition().pseudoInverse();
[0.924s]       | [01;31m[K^[m[K
[0.924s] [01m[K/home/fyp/FYP/aerogripper_ws/src/aerogripper_control/src/mixer.cpp:109:3:[m[K [01;31m[Kerror: [m[Kextended character   is not valid in an identifier
[0.924s]   109 |   [01;31m[K [m[K mix_matrix_ = allocation_matrix_.completeOrthogonalDecomposition().pseudoInverse();
[0.925s]       |   [01;31m[K^[m[K
[0.925s] [01m[K/home/fyp/FYP/aerogripper_ws/src/aerogripper_control/src/mixer.cpp:110:1:[m[K [01;31m[Kerror: [m[Kextended character   is not valid in an identifier
[0.925s]   110 | [01;31m[K [m[K   cout<<"mix_matrix_:"<<endl<<mix_matrix_<<endl;
[0.925s]       | [01;31m[K^[m[K
[0.925s] [01m[K/home/fyp/FYP/aerogripper_ws/src/aerogripper_control/src/mixer.cpp:110:3:[m[K [01;31m[Kerror: [m[Kextended character   is not valid in an identifier
[0.925s]   110 |   [01;31m[K [m[K cout<<"mix_matrix_:"<<endl<<mix_matrix_<<endl;
[0.925s]       |   [01;31m[K^[m[K
[0.925s] [01m[K/home/fyp/FYP/aerogripper_ws/src/aerogripper_control/src/mixer.cpp:111:1:[m[K [01;31m[Kerror: [m[Kextended character   is not valid in an identifier
[0.925s]   111 | [01;31m[K [m[K   mix_matrix_.col(3) *= attitude_weight_;
[0.925s]       | [01;31m[K^[m[K
[0.925s] [01m[K/home/fyp/FYP/aerogripper_ws/src/aerogripper_control/src/mixer.cpp:111:3:[m[K [01;31m[Kerror: [m[Kextended character   is not valid in an identifier
[0.925s]   111 |   [01;31m[K [m[K mix_matrix_.col(3) *= attitude_weight_;
[0.925s]       |   [01;31m[K^[m[K
[0.925s] [01m[K/home/fyp/FYP/aerogripper_ws/src/aerogripper_control/src/mixer.cpp:112:1:[m[K [01;31m[Kerror: [m[Kextended character   is not valid in an identifier
[0.925s]   112 | [01;31m[K [m[K   mix_matrix_.col(4) *= attitude_weight_;
[0.925s]       | [01;31m[K^[m[K
[0.925s] [01m[K/home/fyp/FYP/aerogripper_ws/src/aerogripper_control/src/mixer.cpp:112:3:[m[K [01;31m[Kerror: [m[Kextended character   is not valid in an identifier
[0.925s]   112 |   [01;31m[K [m[K mix_matrix_.col(4) *= attitude_weight_;
[0.925s]       |   [01;31m[K^[m[K
[0.925s] [01m[K/home/fyp/FYP/aerogripper_ws/src/aerogripper_control/src/mixer.cpp:113:1:[m[K [01;31m[Kerror: [m[Kextended character   is not valid in an identifier
[0.925s]   113 | [01;31m[K [m[K   mix_matrix_.col(5) *= attitude_weight_;
[0.925s]       | [01;31m[K^[m[K
[0.925s] [01m[K/home/fyp/FYP/aerogripper_ws/src/aerogripper_control/src/mixer.cpp:113:3:[m[K [01;31m[Kerror: [m[Kextended character   is not valid in an identifier
[0.925s]   113 |   [01;31m[K [m[K mix_matrix_.col(5) *= attitude_weight_;
[0.925s]       |   [01;31m[K^[m[K
[0.925s] [01m[K/home/fyp/FYP/aerogripper_ws/src/aerogripper_control/src/mixer.cpp:114:1:[m[K [01;31m[Kerror: [m[Kextended character   is not valid in an identifier
[0.925s]   114 | [01;31m[K [m[K   mix_matrix_.col(5) *= yaw_weight_;
[0.925s]       | [01;31m[K^[m[K
[0.925s] [01m[K/home/fyp/FYP/aerogripper_ws/src/aerogripper_control/src/mixer.cpp:114:3:[m[K [01;31m[Kerror: [m[Kextended character   is not valid in an identifier
[0.925s]   114 |   [01;31m[K [m[K mix_matrix_.col(5) *= yaw_weight_;
[0.925s]       |   [01;31m[K^[m[K
[0.926s] [01m[K/home/fyp/FYP/aerogripper_ws/src/aerogripper_control/src/mixer.cpp:115:1:[m[K [01;31m[Kerror: [m[Kextended character   is not valid in an identifier
[0.926s]   115 | [01;31m[K [m[K   cout<<"weighted mix_matrix_:"<<endl<<mix_matrix_<<endl;
[0.926s]       | [01;31m[K^[m[K
[0.926s] [01m[K/home/fyp/FYP/aerogripper_ws/src/aerogripper_control/src/mixer.cpp:115:3:[m[K [01;31m[Kerror: [m[Kextended character   is not valid in an identifier
[0.926s]   115 |   [01;31m[K [m[K cout<<"weighted mix_matrix_:"<<endl<<mix_matrix_<<endl;
[0.926s]       |   [01;31m[K^[m[K
[0.926s] [01m[K/home/fyp/FYP/aerogripper_ws/src/aerogripper_control/src/mixer.cpp:116:1:[m[K [01;31m[Kerror: [m[Kextended character   is not valid in an identifier
[0.926s]   116 | [01;31m[K [m[K  
[0.926s]       | [01;31m[K^[m[K
[0.926s] [01m[K/home/fyp/FYP/aerogripper_ws/src/aerogripper_control/src/mixer.cpp:116:3:[m[K [01;31m[Kerror: [m[Kextended character   is not valid in an identifier
[0.926s]   116 |   [01;31m[K [m[K
[0.926s]       |   [01;31m[K^[m[K
[0.926s] [01m[K/home/fyp/FYP/aerogripper_ws/src/aerogripper_control/src/mixer.cpp:117:1:[m[K [01;31m[Kerror: [m[Kextended character   is not valid in an identifier
[0.926s]   117 | [01;31m[K [m[K   mix_matrix_enhanced_ = allocation_matrix_enhanced_.completeOrthogonalDecomposition().pseudoInverse();
[0.926s]       | [01;31m[K^[m[K
[0.926s] [01m[K/home/fyp/FYP/aerogripper_ws/src/aerogripper_control/src/mixer.cpp:117:3:[m[K [01;31m[Kerror: [m[Kextended character   is not valid in an identifier
[0.926s]   117 |   [01;31m[K [m[K mix_matrix_enhanced_ = allocation_matrix_enhanced_.completeOrthogonalDecomposition().pseudoInverse();
[0.926s]       |   [01;31m[K^[m[K
[0.926s] [01m[K/home/fyp/FYP/aerogripper_ws/src/aerogripper_control/src/mixer.cpp:118:1:[m[K [01;31m[Kerror: [m[Kextended character   is not valid in an identifier
[0.926s]   118 | [01;31m[K [m[K  
[0.926s]       | [01;31m[K^[m[K
[0.926s] [01m[K/home/fyp/FYP/aerogripper_ws/src/aerogripper_control/src/mixer.cpp:118:3:[m[K [01;31m[Kerror: [m[Kextended character   is not valid in an identifier
[0.926s]   118 |   [01;31m[K [m[K
[0.926s]       |   [01;31m[K^[m[K
[0.926s] [01m[K/home/fyp/FYP/aerogripper_ws/src/aerogripper_control/src/mixer.cpp:119:1:[m[K [01;31m[Kerror: [m[Kextended character   is not valid in an identifier
[0.926s]   119 | [01;31m[K [m[K   param_set_flag_ = true;
[0.926s]       | [01;31m[K^[m[K
[0.926s] [01m[K/home/fyp/FYP/aerogripper_ws/src/aerogripper_control/src/mixer.cpp:119:3:[m[K [01;31m[Kerror: [m[Kextended character   is not valid in an identifier
[0.926s]   119 |   [01;31m[K [m[K param_set_flag_ = true;
[0.926s]       |   [01;31m[K^[m[K
[0.927s] [01m[K/home/fyp/FYP/aerogripper_ws/src/aerogripper_control/src/mixer.cpp:120:1:[m[K [01;31m[Kerror: [m[Kextended character   is not valid in an identifier
[0.927s]   120 | [01;31m[K [m[K   std::cout << "Mixer parameters set successfully" << std::endl;
[0.927s]       | [01;31m[K^[m[K
[0.927s] [01m[K/home/fyp/FYP/aerogripper_ws/src/aerogripper_control/src/mixer.cpp:120:3:[m[K [01;31m[Kerror: [m[Kextended character   is not valid in an identifier
[0.927s]   120 |   [01;31m[K [m[K std::cout << "Mixer parameters set successfully" << std::endl;
[0.927s]       |   [01;31m[K^[m[K
[0.927s] [01m[K/home/fyp/FYP/aerogripper_ws/src/aerogripper_control/src/mixer.cpp:125:1:[m[K [01;31m[Kerror: [m[Kextended character   is not valid in an identifier
[0.927s]   125 | [01;31m[K [m[K   update_enhanced_matrix(R_bt);
[0.927s]       | [01;31m[K^[m[K
[0.927s] [01m[K/home/fyp/FYP/aerogripper_ws/src/aerogripper_control/src/mixer.cpp:125:3:[m[K [01;31m[Kerror: [m[Kextended character   is not valid in an identifier
[0.927s]   125 |   [01;31m[K [m[K update_enhanced_matrix(R_bt);
[0.927s]       |   [01;31m[K^[m[K
[0.927s] [01m[K/home/fyp/FYP/aerogripper_ws/src/aerogripper_control/src/mixer.cpp:126:1:[m[K [01;31m[Kerror: [m[Kextended character   is not valid in an identifier
[0.927s]   126 | [01;31m[K [m[K   update_ft_bodyframe(ft_bodyframe);
[0.927s]       | [01;31m[K^[m[K
[0.927s] [01m[K/home/fyp/FYP/aerogripper_ws/src/aerogripper_control/src/mixer.cpp:126:3:[m[K [01;31m[Kerror: [m[Kextended character   is not valid in an identifier
[0.927s]   126 |   [01;31m[K [m[K update_ft_bodyframe(ft_bodyframe);
[0.927s]       |   [01;31m[K^[m[K
[0.927s] [01m[K/home/fyp/FYP/aerogripper_ws/src/aerogripper_control/src/mixer.cpp:132:1:[m[K [01;31m[Kerror: [m[Kextended character   is not valid in an identifier
[0.927s]   132 | [01;31m[K [m[K   R_bt_ = R_bt;
[0.927s]       | [01;31m[K^[m[K
[0.927s] [01m[K/home/fyp/FYP/aerogripper_ws/src/aerogripper_control/src/mixer.cpp:132:3:[m[K [01;31m[Kerror: [m[Kextended character   is not valid in an identifier
[0.927s]   132 |   [01;31m[K [m[K R_bt_ = R_bt;
[0.927s]       |   [01;31m[K^[m[K
[0.927s] [01m[K/home/fyp/FYP/aerogripper_ws/src/aerogripper_control/src/mixer.cpp:134:1:[m[K [01;31m[Kerror: [m[Kextended character   is not valid in an identifier
[0.927s]   134 | [01;31m[K [m[K   // 计算 R_bt * z
[0.927s]       | [01;31m[K^[m[K
[0.927s] [01m[K/home/fyp/FYP/aerogripper_ws/src/aerogripper_control/src/mixer.cpp:134:3:[m[K [01;31m[Kerror: [m[Kextended character   is not valid in an identifier
[0.927s]   134 |   [01;31m[K [m[K // 计算 R_bt * z
[0.927s]       |   [01;31m[K^[m[K
[0.927s] [01m[K/home/fyp/FYP/aerogripper_ws/src/aerogripper_control/src/mixer.cpp:135:1:[m[K [01;31m[Kerror: [m[Kextended character   is not valid in an identifier
[0.927s]   135 | [01;31m[K [m[K   Eigen::Vector3d z_axis(0, 0, 1);
[0.928s]       | [01;31m[K^[m[K
[0.928s] [01m[K/home/fyp/FYP/aerogripper_ws/src/aerogripper_control/src/mixer.cpp:135:3:[m[K [01;31m[Kerror: [m[Kextended character   is not valid in an identifier
[0.928s]   135 |   [01;31m[K [m[K Eigen::Vector3d z_axis(0, 0, 1);
[0.928s]       |   [01;31m[K^[m[K
[0.928s] [01m[K/home/fyp/FYP/aerogripper_ws/src/aerogripper_control/src/mixer.cpp:136:1:[m[K [01;31m[Kerror: [m[Kextended character   is not valid in an identifier
[0.928s]   136 | [01;31m[K [m[K   Eigen::Vector3d Rbt_z = R_bt * z_axis;
[0.928s]       | [01;31m[K^[m[K
[0.928s] [01m[K/home/fyp/FYP/aerogripper_ws/src/aerogripper_control/src/mixer.cpp:136:3:[m[K [01;31m[Kerror: [m[Kextended character   is not valid in an identifier
[0.928s]   136 |   [01;31m[K [m[K Eigen::Vector3d Rbt_z = R_bt * z_axis;
[0.928s]       |   [01;31m[K^[m[K
[0.928s] [01m[K/home/fyp/FYP/aerogripper_ws/src/aerogripper_control/src/mixer.cpp:138:1:[m[K [01;31m[Kerror: [m[Kextended character   is not valid in an identifier
[0.928s]   138 | [01;31m[K [m[K   // 计算 -l_G x (R_bt * z)
[0.928s]       | [01;31m[K^[m[K
[0.928s] [01m[K/home/fyp/FYP/aerogripper_ws/src/aerogripper_control/src/mixer.cpp:138:3:[m[K [01;31m[Kerror: [m[Kextended character   is not valid in an identifier
[0.928s]   138 |   [01;31m[K [m[K // 计算 -l_G x (R_bt * z)
[0.928s]       |   [01;31m[K^[m[K
[0.928s] [01m[K/home/fyp/FYP/aerogripper_ws/src/aerogripper_control/src/mixer.cpp:139:1:[m[K [01;31m[Kerror: [m[Kextended character   is not valid in an identifier
[0.928s]   139 | [01;31m[K [m[K   Eigen::Vector3d L_G_vec(0, 0, gravity_arm_length_); // 重力臂长度向量
[0.928s]       | [01;31m[K^[m[K
[0.928s] [01m[K/home/fyp/FYP/aerogripper_ws/src/aerogripper_control/src/mixer.cpp:139:3:[m[K [01;31m[Kerror: [m[Kextended character   is not valid in an identifier
[0.928s]   139 |   [01;31m[K [m[K Eigen::Vector3d L_G_vec(0, 0, gravity_arm_length_); // 重力臂长度向量
[0.928s]       |   [01;31m[K^[m[K
[0.928s] [01m[K/home/fyp/FYP/aerogripper_ws/src/aerogripper_control/src/mixer.cpp:141:1:[m[K [01;31m[Kerror: [m[Kextended character   is not valid in an identifier
[0.928s]   141 | [01;31m[K [m[K   // 构造 allocation_matrix_w_
[0.928s]       | [01;31m[K^[m[K
[0.928s] [01m[K/home/fyp/FYP/aerogripper_ws/src/aerogripper_control/src/mixer.cpp:141:3:[m[K [01;31m[Kerror: [m[Kextended character   is not valid in an identifier
[0.928s]   141 |   [01;31m[K [m[K // 构造 allocation_matrix_w_
[0.928s]       |   [01;31m[K^[m[K
[0.928s] [01m[K/home/fyp/FYP/aerogripper_ws/src/aerogripper_control/src/mixer.cpp:142:1:[m[K [01;31m[Kerror: [m[Kextended character   is not valid in an identifier
[0.928s]   142 | [01;31m[K [m[K   allocation_matrix_w_.block<3, 1> (0, 0) = Rbt_z;
[0.928s]       | [01;31m[K^[m[K
[0.928s] [01m[K/home/fyp/FYP/aerogripper_ws/src/aerogripper_control/src/mixer.cpp:142:3:[m[K [01;31m[Kerror: [m[Kextended character   is not valid in an identifier
[0.928s]   142 |   [01;31m[K [m[K allocation_matrix_w_.block<3, 1> (0, 0) = Rbt_z;
[0.929s]       |   [01;31m[K^[m[K
[0.929s] [01m[K/home/fyp/FYP/aerogripper_ws/src/aerogripper_control/src/mixer.cpp:143:1:[m[K [01;31m[Kerror: [m[Kextended character   is not valid in an identifier
[0.929s]   143 | [01;31m[K [m[K   allocation_matrix_w_.block<3, 1> (3, 0) = L_G_vec.cross(Rbt_z);
[0.929s]       | [01;31m[K^[m[K
[0.929s] [01m[K/home/fyp/FYP/aerogripper_ws/src/aerogripper_control/src/mixer.cpp:143:3:[m[K [01;31m[Kerror: [m[Kextended character   is not valid in an identifier
[0.929s]   143 |   [01;31m[K [m[K allocation_matrix_w_.block<3, 1> (3, 0) = L_G_vec.cross(Rbt_z);
[0.929s]       |   [01;31m[K^[m[K
[0.929s] [01m[K/home/fyp/FYP/aerogripper_ws/src/aerogripper_control/src/mixer.cpp:145:1:[m[K [01;31m[Kerror: [m[Kextended character   is not valid in an identifier
[0.929s]   145 | [01;31m[K [m[K   allocation_matrix_enhanced_.block<6, 4> (0, 0) = allocation_matrix_;
[0.929s]       | [01;31m[K^[m[K
[0.929s] [01m[K/home/fyp/FYP/aerogripper_ws/src/aerogripper_control/src/mixer.cpp:145:3:[m[K [01;31m[Kerror: [m[Kextended character   is not valid in an identifier
[0.929s]   145 |   [01;31m[K [m[K allocation_matrix_enhanced_.block<6, 4> (0, 0) = allocation_matrix_;
[0.929s]       |   [01;31m[K^[m[K
[0.929s] [01m[K/home/fyp/FYP/aerogripper_ws/src/aerogripper_control/src/mixer.cpp:146:1:[m[K [01;31m[Kerror: [m[Kextended character   is not valid in an identifier
[0.929s]   146 | [01;31m[K [m[K   allocation_matrix_enhanced_.block<6, 1> (0, 4) = allocation_matrix_w_;
[0.929s]       | [01;31m[K^[m[K
[0.929s] [01m[K/home/fyp/FYP/aerogripper_ws/src/aerogripper_control/src/mixer.cpp:146:3:[m[K [01;31m[Kerror: [m[Kextended character   is not valid in an identifier
[0.929s]   146 |   [01;31m[K [m[K allocation_matrix_enhanced_.block<6, 1> (0, 4) = allocation_matrix_w_;
[0.929s]       |   [01;31m[K^[m[K
[0.929s] [01m[K/home/fyp/FYP/aerogripper_ws/src/aerogripper_control/src/mixer.cpp:148:1:[m[K [01;31m[Kerror: [m[Kextended character   is not valid in an identifier
[0.929s]   148 | [01;31m[K [m[K   mix_matrix_enhanced_ = allocation_matrix_enhanced_.completeOrthogonalDecomposition().pseudoInverse();
[0.929s]       | [01;31m[K^[m[K
[0.929s] [01m[K/home/fyp/FYP/aerogripper_ws/src/aerogripper_control/src/mixer.cpp:148:3:[m[K [01;31m[Kerror: [m[Kextended character   is not valid in an identifier
[0.929s]   148 |   [01;31m[K [m[K mix_matrix_enhanced_ = allocation_matrix_enhanced_.completeOrthogonalDecomposition().pseudoInverse();
[0.929s]       |   [01;31m[K^[m[K
[0.929s] [01m[K/home/fyp/FYP/aerogripper_ws/src/aerogripper_control/src/mixer.cpp:150:1:[m[K [01;31m[Kerror: [m[Kextended character   is not valid in an identifier
[0.929s]   150 | [01;31m[K [m[K   // cout<<"allocation_matrix_enhanced_"<<endl<<allocation_matrix_enhanced_<<endl;
[0.929s]       | [01;31m[K^[m[K
[0.929s] [01m[K/home/fyp/FYP/aerogripper_ws/src/aerogripper_control/src/mixer.cpp:150:3:[m[K [01;31m[Kerror: [m[Kextended character   is not valid in an identifier
[0.929s]   150 |   [01;31m[K [m[K // cout<<"allocation_matrix_enhanced_"<<endl<<allocation_matrix_enhanced_<<endl;
[0.929s]       |   [01;31m[K^[m[K
[0.929s] [01m[K/home/fyp/FYP/aerogripper_ws/src/aerogripper_control/src/mixer.cpp:151:1:[m[K [01;31m[Kerror: [m[Kextended character   is not valid in an identifier
[0.930s]   151 | [01;31m[K [m[K   // cout<<"mix_matrix_enhanced_"<<endl<<mix_matrix_enhanced_<<endl;
[0.930s]       | [01;31m[K^[m[K
[0.930s] [01m[K/home/fyp/FYP/aerogripper_ws/src/aerogripper_control/src/mixer.cpp:151:3:[m[K [01;31m[Kerror: [m[Kextended character   is not valid in an identifier
[0.930s]   151 |   [01;31m[K [m[K // cout<<"mix_matrix_enhanced_"<<endl<<mix_matrix_enhanced_<<endl;
[0.930s]       |   [01;31m[K^[m[K
[0.930s] [01m[K/home/fyp/FYP/aerogripper_ws/src/aerogripper_control/src/mixer.cpp:156:1:[m[K [01;31m[Kerror: [m[Kextended character   is not valid in an identifier
[0.930s]   156 | [01;31m[K [m[K   ft_bodyframe_ = ft_bodyframe;
[0.930s]       | [01;31m[K^[m[K
[0.930s] [01m[K/home/fyp/FYP/aerogripper_ws/src/aerogripper_control/src/mixer.cpp:156:3:[m[K [01;31m[Kerror: [m[Kextended character   is not valid in an identifier
[0.930s]   156 |   [01;31m[K [m[K ft_bodyframe_ = ft_bodyframe;
[0.930s]       |   [01;31m[K^[m[K
[0.930s] [01m[K/home/fyp/FYP/aerogripper_ws/src/aerogripper_control/src/mixer.cpp:161:1:[m[K [01;31m[Kerror: [m[Kextended character   is not valid in an identifier
[0.930s]   161 | [01;31m[K [m[K   return mix_matrix_ * u;
[0.930s]       | [01;31m[K^[m[K
[0.930s] [01m[K/home/fyp/FYP/aerogripper_ws/src/aerogripper_control/src/mixer.cpp:161:3:[m[K [01;31m[Kerror: [m[Kextended character   is not valid in an identifier
[0.930s]   161 |   [01;31m[K [m[K return mix_matrix_ * u;
[0.930s]       |   [01;31m[K^[m[K
[0.930s] [01m[K/home/fyp/FYP/aerogripper_ws/src/aerogripper_control/src/mixer.cpp:166:1:[m[K [01;31m[Kerror: [m[Kextended character   is not valid in an identifier
[0.930s]   166 | [01;31m[K [m[K   cout<<"mix_matrix_enhanced_:"<<endl<<mix_matrix_enhanced_<<endl;
[0.930s]       | [01;31m[K^[m[K
[0.930s] [01m[K/home/fyp/FYP/aerogripper_ws/src/aerogripper_control/src/mixer.cpp:166:3:[m[K [01;31m[Kerror: [m[Kextended character   is not valid in an identifier
[0.930s]   166 |   [01;31m[K [m[K cout<<"mix_matrix_enhanced_:"<<endl<<mix_matrix_enhanced_<<endl;
[0.930s]       |   [01;31m[K^[m[K
[0.930s] [01m[K/home/fyp/FYP/aerogripper_ws/src/aerogripper_control/src/mixer.cpp:167:1:[m[K [01;31m[Kerror: [m[Kextended character   is not valid in an identifier
[0.930s]   167 | [01;31m[K [m[K   cout<<"allocation_matrix_w_:"<<endl<<allocation_matrix_w_.transpose()<<endl;    
[0.930s]       | [01;31m[K^[m[K
[0.930s] [01m[K/home/fyp/FYP/aerogripper_ws/src/aerogripper_control/src/mixer.cpp:167:3:[m[K [01;31m[Kerror: [m[Kextended character   is not valid in an identifier
[0.930s]   167 |   [01;31m[K [m[K cout<<"allocation_matrix_w_:"<<endl<<allocation_matrix_w_.transpose()<<endl;    
[0.930s]       |   [01;31m[K^[m[K
[0.930s] [01m[K/home/fyp/FYP/aerogripper_ws/src/aerogripper_control/src/mixer.cpp:167:82:[m[K [01;31m[Kerror: [m[Kextended character   is not valid in an identifier
[0.930s]   167 | llocation_matrix_w_:"<<endl<<allocation_matrix_w_.transpose()<<endl; [01;31m[K [m[K  
[0.930s]       |                                                                      [01;31m[K^[m[K
[0.931s] 
[0.931s] [01m[K/home/fyp/FYP/aerogripper_ws/src/aerogripper_control/src/mixer.cpp:167:84:[m[K [01;31m[Kerror: [m[Kextended character   is not valid in an identifier
[0.931s]   167 | llocation_matrix_w_:"<<endl<<allocation_matrix_w_.transpose()<<endl;   [01;31m[K [m[K
[0.931s]       |                                                                        [01;31m[K^[m[K
[0.931s] 
[0.931s] [01m[K/home/fyp/FYP/aerogripper_ws/src/aerogripper_control/src/mixer.cpp:168:1:[m[K [01;31m[Kerror: [m[Kextended character   is not valid in an identifier
[0.931s]   168 | [01;31m[K [m[K   return mix_matrix_enhanced_ * u;
[0.931s]       | [01;31m[K^[m[K
[0.931s] [01m[K/home/fyp/FYP/aerogripper_ws/src/aerogripper_control/src/mixer.cpp:168:3:[m[K [01;31m[Kerror: [m[Kextended character   is not valid in an identifier
[0.931s]   168 |   [01;31m[K [m[K return mix_matrix_enhanced_ * u;
[0.931s]       |   [01;31m[K^[m[K
[0.931s] [01m[K/home/fyp/FYP/aerogripper_ws/src/aerogripper_control/src/mixer.cpp:173:1:[m[K [01;31m[Kerror: [m[Kextended character   is not valid in an identifier
[0.931s]   173 | [01;31m[K [m[K   return allocation_matrix_ * motors_thrust;
[0.931s]       | [01;31m[K^[m[K
[0.931s] [01m[K/home/fyp/FYP/aerogripper_ws/src/aerogripper_control/src/mixer.cpp:173:3:[m[K [01;31m[Kerror: [m[Kextended character   is not valid in an identifier
[0.931s]   173 |   [01;31m[K [m[K return allocation_matrix_ * motors_thrust;
[0.931s]       |   [01;31m[K^[m[K
[0.931s] [01m[K/home/fyp/FYP/aerogripper_ws/src/aerogripper_control/src/mixer.cpp:178:1:[m[K [01;31m[Kerror: [m[Kextended character   is not valid in an identifier
[0.931s]   178 | [01;31m[K [m[K   Eigen::Matrix<double,5,1> extended_input;
[0.931s]       | [01;31m[K^[m[K
[0.931s] [01m[K/home/fyp/FYP/aerogripper_ws/src/aerogripper_control/src/mixer.cpp:178:3:[m[K [01;31m[Kerror: [m[Kextended character   is not valid in an identifier
[0.931s]   178 |   [01;31m[K [m[K Eigen::Matrix<double,5,1> extended_input;
[0.931s]       |   [01;31m[K^[m[K
[0.931s] [01m[K/home/fyp/FYP/aerogripper_ws/src/aerogripper_control/src/mixer.cpp:179:1:[m[K [01;31m[Kerror: [m[Kextended character   is not valid in an identifier
[0.931s]   179 | [01;31m[K [m[K   extended_input << motors_thrust, w;
[0.931s]       | [01;31m[K^[m[K
[0.931s] [01m[K/home/fyp/FYP/aerogripper_ws/src/aerogripper_control/src/mixer.cpp:179:3:[m[K [01;31m[Kerror: [m[Kextended character   is not valid in an identifier
[0.931s]   179 |   [01;31m[K [m[K extended_input << motors_thrust, w;
[0.931s]       |   [01;31m[K^[m[K
[0.931s] [01m[K/home/fyp/FYP/aerogripper_ws/src/aerogripper_control/src/mixer.cpp:180:1:[m[K [01;31m[Kerror: [m[Kextended character   is not valid in an identifier
[0.931s]   180 | [01;31m[K [m[K   return allocation_matrix_enhanced_ * extended_input;
[0.931s]       | [01;31m[K^[m[K
[0.932s] [01m[K/home/fyp/FYP/aerogripper_ws/src/aerogripper_control/src/mixer.cpp:180:3:[m[K [01;31m[Kerror: [m[Kextended character   is not valid in an identifier
[0.932s]   180 |   [01;31m[K [m[K return allocation_matrix_enhanced_ * extended_input;
[0.932s]       |   [01;31m[K^[m[K
[0.932s] [01m[K/home/fyp/FYP/aerogripper_ws/src/aerogripper_control/src/mixer.cpp:185:1:[m[K [01;31m[Kerror: [m[Kextended character   is not valid in an identifier
[0.932s]   185 | [01;31m[K [m[K   Eigen::Matrix<double,4,1> thrust;
[0.932s]       | [01;31m[K^[m[K
[0.932s] [01m[K/home/fyp/FYP/aerogripper_ws/src/aerogripper_control/src/mixer.cpp:185:3:[m[K [01;31m[Kerror: [m[Kextended character   is not valid in an identifier
[0.932s]   185 |   [01;31m[K [m[K Eigen::Matrix<double,4,1> thrust;
[0.932s]       |   [01;31m[K^[m[K
[0.932s] [01m[K/home/fyp/FYP/aerogripper_ws/src/aerogripper_control/src/mixer.cpp:186:1:[m[K [01;31m[Kerror: [m[Kextended character   is not valid in an identifier
[0.932s]   186 | [01;31m[K [m[K   for (int i = 0; i < 4; ++i) {
[0.932s]       | [01;31m[K^[m[K
[0.932s] [01m[K/home/fyp/FYP/aerogripper_ws/src/aerogripper_control/src/mixer.cpp:186:3:[m[K [01;31m[Kerror: [m[Kextended character   is not valid in an identifier
[0.932s]   186 |   [01;31m[K [m[K for (int i = 0; i < 4; ++i) {
[0.932s]       |   [01;31m[K^[m[K
[0.932s] [01m[K/home/fyp/FYP/aerogripper_ws/src/aerogripper_control/src/mixer.cpp:187:1:[m[K [01;31m[Kerror: [m[Kextended character   is not valid in an identifier
[0.932s]   187 | [01;31m[K [m[K       thrust(i) = thrust_coeff_ * throttle(i) * throttle(i);
[0.932s]       | [01;31m[K^[m[K
[0.932s] [01m[K/home/fyp/FYP/aerogripper_ws/src/aerogripper_control/src/mixer.cpp:187:3:[m[K [01;31m[Kerror: [m[Kextended character   is not valid in an identifier
[0.932s]   187 |   [01;31m[K [m[K     thrust(i) = thrust_coeff_ * throttle(i) * throttle(i);
[0.932s]       |   [01;31m[K^[m[K
[0.932s] [01m[K/home/fyp/FYP/aerogripper_ws/src/aerogripper_control/src/mixer.cpp:187:5:[m[K [01;31m[Kerror: [m[Kextended character   is not valid in an identifier
[0.932s]   187 |     [01;31m[K [m[K   thrust(i) = thrust_coeff_ * throttle(i) * throttle(i);
[0.932s]       |     [01;31m[K^[m[K
[0.932s] [01m[K/home/fyp/FYP/aerogripper_ws/src/aerogripper_control/src/mixer.cpp:187:7:[m[K [01;31m[Kerror: [m[Kextended character   is not valid in an identifier
[0.932s]   187 |       [01;31m[K [m[K thrust(i) = thrust_coeff_ * throttle(i) * throttle(i);
[0.932s]       |       [01;31m[K^[m[K
[0.932s] [01m[K/home/fyp/FYP/aerogripper_ws/src/aerogripper_control/src/mixer.cpp:188:1:[m[K [01;31m[Kerror: [m[Kextended character   is not valid in an identifier
[0.932s]   188 | [01;31m[K [m[K   }
[0.932s]       | [01;31m[K^[m[K
[0.932s] [01m[K/home/fyp/FYP/aerogripper_ws/src/aerogripper_control/src/mixer.cpp:188:3:[m[K [01;31m[Kerror: [m[Kextended character   is not valid in an identifier
[0.933s]   188 |   [01;31m[K [m[K }
[0.933s]       |   [01;31m[K^[m[K
[0.933s] [01m[K/home/fyp/FYP/aerogripper_ws/src/aerogripper_control/src/mixer.cpp:189:1:[m[K [01;31m[Kerror: [m[Kextended character   is not valid in an identifier
[0.933s]   189 | [01;31m[K [m[K   return thrust;
[0.933s]       | [01;31m[K^[m[K
[0.933s] [01m[K/home/fyp/FYP/aerogripper_ws/src/aerogripper_control/src/mixer.cpp:189:3:[m[K [01;31m[Kerror: [m[Kextended character   is not valid in an identifier
[0.933s]   189 |   [01;31m[K [m[K return thrust;
[0.933s]       |   [01;31m[K^[m[K
[0.933s] [01m[K/home/fyp/FYP/aerogripper_ws/src/aerogripper_control/src/mixer.cpp:194:1:[m[K [01;31m[Kerror: [m[Kextended character   is not valid in an identifier
[0.933s]   194 | [01;31m[K [m[K   Eigen::Matrix<double,4,1> throttle;
[0.933s]       | [01;31m[K^[m[K
[0.933s] [01m[K/home/fyp/FYP/aerogripper_ws/src/aerogripper_control/src/mixer.cpp:194:3:[m[K [01;31m[Kerror: [m[Kextended character   is not valid in an identifier
[0.933s]   194 |   [01;31m[K [m[K Eigen::Matrix<double,4,1> throttle;
[0.933s]       |   [01;31m[K^[m[K
[0.933s] [01m[K/home/fyp/FYP/aerogripper_ws/src/aerogripper_control/src/mixer.cpp:195:1:[m[K [01;31m[Kerror: [m[Kextended character   is not valid in an identifier
[0.933s]   195 | [01;31m[K [m[K   double threshold = 0.3;
[0.933s]       | [01;31m[K^[m[K
[0.933s] [01m[K/home/fyp/FYP/aerogripper_ws/src/aerogripper_control/src/mixer.cpp:195:3:[m[K [01;31m[Kerror: [m[Kextended character   is not valid in an identifier
[0.933s]   195 |   [01;31m[K [m[K double threshold = 0.3;
[0.933s]       |   [01;31m[K^[m[K
[0.933s] [01m[K/home/fyp/FYP/aerogripper_ws/src/aerogripper_control/src/mixer.cpp:196:1:[m[K [01;31m[Kerror: [m[Kextended character   is not valid in an identifier
[0.933s]   196 | [01;31m[K [m[K   for (int i = 0; i < 4; ++i) {
[0.933s]       | [01;31m[K^[m[K
[0.933s] [01m[K/home/fyp/FYP/aerogripper_ws/src/aerogripper_control/src/mixer.cpp:196:3:[m[K [01;31m[Kerror: [m[Kextended character   is not valid in an identifier
[0.933s]   196 |   [01;31m[K [m[K for (int i = 0; i < 4; ++i) {
[0.933s]       |   [01;31m[K^[m[K
[0.933s] [01m[K/home/fyp/FYP/aerogripper_ws/src/aerogripper_control/src/mixer.cpp:197:1:[m[K [01;31m[Kerror: [m[Kextended character   is not valid in an identifier
[0.933s]   197 | [01;31m[K [m[K       if (thrust(i) > 0) {
[0.933s]       | [01;31m[K^[m[K
[0.933s] [01m[K/home/fyp/FYP/aerogripper_ws/src/aerogripper_control/src/mixer.cpp:197:3:[m[K [01;31m[Kerror: [m[Kextended character   is not valid in an identifier
[0.933s]   197 |   [01;31m[K [m[K     if (thrust(i) > 0) {
[0.933s]       |   [01;31m[K^[m[K
[0.933s] [01m[K/home/fyp/FYP/aerogripper_ws/src/aerogripper_control/src/mixer.cpp:197:5:[m[K [01;31m[Kerror: [m[Kextended character   is not valid in an identifier
[0.934s]   197 |     [01;31m[K [m[K   if (thrust(i) > 0) {
[0.934s]       |     [01;31m[K^[m[K
[0.934s] [01m[K/home/fyp/FYP/aerogripper_ws/src/aerogripper_control/src/mixer.cpp:197:7:[m[K [01;31m[Kerror: [m[Kextended character   is not valid in an identifier
[0.934s]   197 |       [01;31m[K [m[K if (thrust(i) > 0) {
[0.934s]       |       [01;31m[K^[m[K
[0.934s] [01m[K/home/fyp/FYP/aerogripper_ws/src/aerogripper_control/src/mixer.cpp:198:1:[m[K [01;31m[Kerror: [m[Kextended character   is not valid in an identifier
[0.934s]   198 | [01;31m[K [m[K           throttle(i) = sqrt(thrust(i) / thrust_coeff_);
[0.934s]       | [01;31m[K^[m[K
[0.934s] [01m[K/home/fyp/FYP/aerogripper_ws/src/aerogripper_control/src/mixer.cpp:198:3:[m[K [01;31m[Kerror: [m[Kextended character   is not valid in an identifier
[0.934s]   198 |   [01;31m[K [m[K         throttle(i) = sqrt(thrust(i) / thrust_coeff_);
[0.934s]       |   [01;31m[K^[m[K
[0.934s] [01m[K/home/fyp/FYP/aerogripper_ws/src/aerogripper_control/src/mixer.cpp:198:5:[m[K [01;31m[Kerror: [m[Kextended character   is not valid in an identifier
[0.934s]   198 |     [01;31m[K [m[K       throttle(i) = sqrt(thrust(i) / thrust_coeff_);
[0.934s]       |     [01;31m[K^[m[K
[0.934s] [01m[K/home/fyp/FYP/aerogripper_ws/src/aerogripper_control/src/mixer.cpp:198:7:[m[K [01;31m[Kerror: [m[Kextended character   is not valid in an identifier
[0.934s]   198 |       [01;31m[K [m[K     throttle(i) = sqrt(thrust(i) / thrust_coeff_);
[0.934s]       |       [01;31m[K^[m[K
[0.934s] [01m[K/home/fyp/FYP/aerogripper_ws/src/aerogripper_control/src/mixer.cpp:198:9:[m[K [01;31m[Kerror: [m[Kextended character   is not valid in an identifier
[0.934s]   198 |         [01;31m[K [m[K   throttle(i) = sqrt(thrust(i) / thrust_coeff_);
[0.934s]       |         [01;31m[K^[m[K
[0.934s] [01m[K/home/fyp/FYP/aerogripper_ws/src/aerogripper_control/src/mixer.cpp:198:11:[m[K [01;31m[Kerror: [m[Kextended character   is not valid in an identifier
[0.934s]   198 |           [01;31m[K [m[K throttle(i) = sqrt(thrust(i) / thrust_coeff_);
[0.934s]       |           [01;31m[K^[m[K
[0.934s] [01m[K/home/fyp/FYP/aerogripper_ws/src/aerogripper_control/src/mixer.cpp:199:1:[m[K [01;31m[Kerror: [m[Kextended character   is not valid in an identifier
[0.934s]   199 | [01;31m[K [m[K       } else {
[0.934s]       | [01;31m[K^[m[K
[0.934s] [01m[K/home/fyp/FYP/aerogripper_ws/src/aerogripper_control/src/mixer.cpp:199:3:[m[K [01;31m[Kerror: [m[Kextended character   is not valid in an identifier
[0.934s]   199 |   [01;31m[K [m[K     } else {
[0.934s]       |   [01;31m[K^[m[K
[0.934s] [01m[K/home/fyp/FYP/aerogripper_ws/src/aerogripper_control/src/mixer.cpp:199:5:[m[K [01;31m[Kerror: [m[Kextended character   is not valid in an identifier
[0.934s]   199 |     [01;31m[K [m[K   } else {
[0.934s]       |     [01;31m[K^[m[K
[0.934s] [01m[K/home/fyp/FYP/aerogripper_ws/src/aerogripper_control/src/mixer.cpp:199:7:[m[K [01;31m[Kerror: [m[Kextended character   is not valid in an identifier
[0.935s]   199 |       [01;31m[K [m[K } else {
[0.935s]       |       [01;31m[K^[m[K
[0.935s] [01m[K/home/fyp/FYP/aerogripper_ws/src/aerogripper_control/src/mixer.cpp:200:1:[m[K [01;31m[Kerror: [m[Kextended character   is not valid in an identifier
[0.935s]   200 | [01;31m[K [m[K           throttle(i) = 0;
[0.935s]       | [01;31m[K^[m[K
[0.935s] [01m[K/home/fyp/FYP/aerogripper_ws/src/aerogripper_control/src/mixer.cpp:200:3:[m[K [01;31m[Kerror: [m[Kextended character   is not valid in an identifier
[0.935s]   200 |   [01;31m[K [m[K         throttle(i) = 0;
[0.935s]       |   [01;31m[K^[m[K
[0.935s] [01m[K/home/fyp/FYP/aerogripper_ws/src/aerogripper_control/src/mixer.cpp:200:5:[m[K [01;31m[Kerror: [m[Kextended character   is not valid in an identifier
[0.935s]   200 |     [01;31m[K [m[K       throttle(i) = 0;
[0.935s]       |     [01;31m[K^[m[K
[0.935s] [01m[K/home/fyp/FYP/aerogripper_ws/src/aerogripper_control/src/mixer.cpp:200:7:[m[K [01;31m[Kerror: [m[Kextended character   is not valid in an identifier
[0.935s]   200 |       [01;31m[K [m[K     throttle(i) = 0;
[0.935s]       |       [01;31m[K^[m[K
[0.935s] [01m[K/home/fyp/FYP/aerogripper_ws/src/aerogripper_control/src/mixer.cpp:200:9:[m[K [01;31m[Kerror: [m[Kextended character   is not valid in an identifier
[0.935s]   200 |         [01;31m[K [m[K   throttle(i) = 0;
[0.935s]       |         [01;31m[K^[m[K
[0.935s] [01m[K/home/fyp/FYP/aerogripper_ws/src/aerogripper_control/src/mixer.cpp:200:11:[m[K [01;31m[Kerror: [m[Kextended character   is not valid in an identifier
[0.935s]   200 |           [01;31m[K [m[K throttle(i) = 0;
[0.935s]       |           [01;31m[K^[m[K
[0.935s] [01m[K/home/fyp/FYP/aerogripper_ws/src/aerogripper_control/src/mixer.cpp:201:1:[m[K [01;31m[Kerror: [m[Kextended character   is not valid in an identifier
[0.935s]   201 | [01;31m[K [m[K       }
[0.935s]       | [01;31m[K^[m[K
[0.935s] [01m[K/home/fyp/FYP/aerogripper_ws/src/aerogripper_control/src/mixer.cpp:201:3:[m[K [01;31m[Kerror: [m[Kextended character   is not valid in an identifier
[0.935s]   201 |   [01;31m[K [m[K     }
[0.935s]       |   [01;31m[K^[m[K
[0.935s] [01m[K/home/fyp/FYP/aerogripper_ws/src/aerogripper_control/src/mixer.cpp:201:5:[m[K [01;31m[Kerror: [m[Kextended character   is not valid in an identifier
[0.935s]   201 |     [01;31m[K [m[K   }
[0.935s]       |     [01;31m[K^[m[K
[0.936s] [01m[K/home/fyp/FYP/aerogripper_ws/src/aerogripper_control/src/mixer.cpp:201:7:[m[K [01;31m[Kerror: [m[Kextended character   is not valid in an identifier
[0.936s]   201 |       [01;31m[K [m[K }
[0.936s]       |       [01;31m[K^[m[K
[0.936s] [01m[K/home/fyp/FYP/aerogripper_ws/src/aerogripper_control/src/mixer.cpp:203:1:[m[K [01;31m[Kerror: [m[Kextended character   is not valid in an identifier
[0.936s]   203 | [01;31m[K [m[K       // cout<<"oringinal throttle: "<<throttle(i)<<endl;
[0.936s]       | [01;31m[K^[m[K
[0.936s] [01m[K/home/fyp/FYP/aerogripper_ws/src/aerogripper_control/src/mixer.cpp:203:3:[m[K [01;31m[Kerror: [m[Kextended character   is not valid in an identifier
[0.936s]   203 |   [01;31m[K [m[K     // cout<<"oringinal throttle: "<<throttle(i)<<endl;
[0.936s]       |   [01;31m[K^[m[K
[0.936s] [01m[K/home/fyp/FYP/aerogripper_ws/src/aerogripper_control/src/mixer.cpp:203:5:[m[K [01;31m[Kerror: [m[Kextended character   is not valid in an identifier
[0.936s]   203 |     [01;31m[K [m[K   // cout<<"oringinal throttle: "<<throttle(i)<<endl;
[0.936s]       |     [01;31m[K^[m[K
[0.936s] [01m[K/home/fyp/FYP/aerogripper_ws/src/aerogripper_control/src/mixer.cpp:203:7:[m[K [01;31m[Kerror: [m[Kextended character   is not valid in an identifier
[0.936s]   203 |       [01;31m[K [m[K // cout<<"oringinal throttle: "<<throttle(i)<<endl;
[0.936s]       |       [01;31m[K^[m[K
[0.936s] [01m[K/home/fyp/FYP/aerogripper_ws/src/aerogripper_control/src/mixer.cpp:205:1:[m[K [01;31m[Kerror: [m[Kextended character   is not valid in an identifier
[0.936s]   205 | [01;31m[K [m[K       if (throttle(i) > threshold) {
[0.936s]       | [01;31m[K^[m[K
[0.936s] [01m[K/home/fyp/FYP/aerogripper_ws/src/aerogripper_control/src/mixer.cpp:205:3:[m[K [01;31m[Kerror: [m[Kextended character   is not valid in an identifier
[0.936s]   205 |   [01;31m[K [m[K     if (throttle(i) > threshold) {
[0.936s]       |   [01;31m[K^[m[K
[0.936s] [01m[K/home/fyp/FYP/aerogripper_ws/src/aerogripper_control/src/mixer.cpp:205:5:[m[K [01;31m[Kerror: [m[Kextended character   is not valid in an identifier
[0.936s]   205 |     [01;31m[K [m[K   if (throttle(i) > threshold) {
[0.936s]       |     [01;31m[K^[m[K
[0.936s] [01m[K/home/fyp/FYP/aerogripper_ws/src/aerogripper_control/src/mixer.cpp:205:7:[m[K [01;31m[Kerror: [m[Kextended character   is not valid in an identifier
[0.936s]   205 |       [01;31m[K [m[K if (throttle(i) > threshold) {
[0.936s]       |       [01;31m[K^[m[K
[0.936s] [01m[K/home/fyp/FYP/aerogripper_ws/src/aerogripper_control/src/mixer.cpp:206:1:[m[K [01;31m[Kerror: [m[Kextended character   is not valid in an identifier
[0.936s]   206 | [01;31m[K [m[K           throttle(i) = threshold;
[0.936s]       | [01;31m[K^[m[K
[0.936s] [01m[K/home/fyp/FYP/aerogripper_ws/src/aerogripper_control/src/mixer.cpp:206:3:[m[K [01;31m[Kerror: [m[Kextended character   is not valid in an identifier
[0.936s]   206 |   [01;31m[K [m[K         throttle(i) = threshold;
[0.936s]       |   [01;31m[K^[m[K
[0.936s] [01m[K/home/fyp/FYP/aerogripper_ws/src/aerogripper_control/src/mixer.cpp:206:5:[m[K [01;31m[Kerror: [m[Kextended character   is not valid in an identifier
[0.937s]   206 |     [01;31m[K [m[K       throttle(i) = threshold;
[0.937s]       |     [01;31m[K^[m[K
[0.937s] [01m[K/home/fyp/FYP/aerogripper_ws/src/aerogripper_control/src/mixer.cpp:206:7:[m[K [01;31m[Kerror: [m[Kextended character   is not valid in an identifier
[0.937s]   206 |       [01;31m[K [m[K     throttle(i) = threshold;
[0.937s]       |       [01;31m[K^[m[K
[0.937s] [01m[K/home/fyp/FYP/aerogripper_ws/src/aerogripper_control/src/mixer.cpp:206:9:[m[K [01;31m[Kerror: [m[Kextended character   is not valid in an identifier
[0.937s]   206 |         [01;31m[K [m[K   throttle(i) = threshold;
[0.937s]       |         [01;31m[K^[m[K
[0.937s] [01m[K/home/fyp/FYP/aerogripper_ws/src/aerogripper_control/src/mixer.cpp:206:11:[m[K [01;31m[Kerror: [m[Kextended character   is not valid in an identifier
[0.937s]   206 |           [01;31m[K [m[K throttle(i) = threshold;
[0.937s]       |           [01;31m[K^[m[K
[0.937s] [01m[K/home/fyp/FYP/aerogripper_ws/src/aerogripper_control/src/mixer.cpp:207:1:[m[K [01;31m[Kerror: [m[Kextended character   is not valid in an identifier
[0.937s]   207 | [01;31m[K [m[K           // std::cout << "throttle is too large" << std::endl;
[0.937s]       | [01;31m[K^[m[K
[0.937s] [01m[K/home/fyp/FYP/aerogripper_ws/src/aerogripper_control/src/mixer.cpp:207:3:[m[K [01;31m[Kerror: [m[Kextended character   is not valid in an identifier
[0.937s]   207 |   [01;31m[K [m[K         // std::cout << "throttle is too large" << std::endl;
[0.937s]       |   [01;31m[K^[m[K
[0.937s] [01m[K/home/fyp/FYP/aerogripper_ws/src/aerogripper_control/src/mixer.cpp:207:5:[m[K [01;31m[Kerror: [m[Kextended character   is not valid in an identifier
[0.937s]   207 |     [01;31m[K [m[K       // std::cout << "throttle is too large" << std::endl;
[0.937s]       |     [01;31m[K^[m[K
[0.937s] [01m[K/home/fyp/FYP/aerogripper_ws/src/aerogripper_control/src/mixer.cpp:207:7:[m[K [01;31m[Kerror: [m[Kextended character   is not valid in an identifier
[0.937s]   207 |       [01;31m[K [m[K     // std::cout << "throttle is too large" << std::endl;
[0.937s]       |       [01;31m[K^[m[K
[0.937s] [01m[K/home/fyp/FYP/aerogripper_ws/src/aerogripper_control/src/mixer.cpp:207:9:[m[K [01;31m[Kerror: [m[Kextended character   is not valid in an identifier
[0.937s]   207 |         [01;31m[K [m[K   // std::cout << "throttle is too large" << std::endl;
[0.937s]       |         [01;31m[K^[m[K
[0.937s] [01m[K/home/fyp/FYP/aerogripper_ws/src/aerogripper_control/src/mixer.cpp:207:11:[m[K [01;31m[Kerror: [m[Kextended character   is not valid in an identifier
[0.937s]   207 |           [01;31m[K [m[K // std::cout << "throttle is too large" << std::endl;
[0.937s]       |           [01;31m[K^[m[K
[0.938s] [01m[K/home/fyp/FYP/aerogripper_ws/src/aerogripper_control/src/mixer.cpp:208:1:[m[K [01;31m[Kerror: [m[Kextended character   is not valid in an identifier
[0.938s]   208 | [01;31m[K [m[K       }
[0.938s]       | [01;31m[K^[m[K
[0.938s] [01m[K/home/fyp/FYP/aerogripper_ws/src/aerogripper_control/src/mixer.cpp:208:3:[m[K [01;31m[Kerror: [m[Kextended character   is not valid in an identifier
[0.938s]   208 |   [01;31m[K [m[K     }
[0.938s]       |   [01;31m[K^[m[K
[0.938s] [01m[K/home/fyp/FYP/aerogripper_ws/src/aerogripper_control/src/mixer.cpp:208:5:[m[K [01;31m[Kerror: [m[Kextended character   is not valid in an identifier
[0.938s]   208 |     [01;31m[K [m[K   }
[0.938s]       |     [01;31m[K^[m[K
[0.938s] [01m[K/home/fyp/FYP/aerogripper_ws/src/aerogripper_control/src/mixer.cpp:208:7:[m[K [01;31m[Kerror: [m[Kextended character   is not valid in an identifier
[0.938s]   208 |       [01;31m[K [m[K }
[0.938s]       |       [01;31m[K^[m[K
[0.938s] [01m[K/home/fyp/FYP/aerogripper_ws/src/aerogripper_control/src/mixer.cpp:209:1:[m[K [01;31m[Kerror: [m[Kextended character   is not valid in an identifier
[0.938s]   209 | [01;31m[K [m[K   }
[0.938s]       | [01;31m[K^[m[K
[0.938s] [01m[K/home/fyp/FYP/aerogripper_ws/src/aerogripper_control/src/mixer.cpp:209:3:[m[K [01;31m[Kerror: [m[Kextended character   is not valid in an identifier
[0.938s]   209 |   [01;31m[K [m[K }
[0.938s]       |   [01;31m[K^[m[K
[0.938s] [01m[K/home/fyp/FYP/aerogripper_ws/src/aerogripper_control/src/mixer.cpp:210:1:[m[K [01;31m[Kerror: [m[Kextended character   is not valid in an identifier
[0.938s]   210 | [01;31m[K [m[K   return throttle;
[0.938s]       | [01;31m[K^[m[K
[0.938s] [01m[K/home/fyp/FYP/aerogripper_ws/src/aerogripper_control/src/mixer.cpp:210:3:[m[K [01;31m[Kerror: [m[Kextended character   is not valid in an identifier
[0.938s]   210 |   [01;31m[K [m[K return throttle;
[0.938s]       |   [01;31m[K^[m[K
[1.639s] [01m[K/home/fyp/FYP/aerogripper_ws/src/aerogripper_control/src/mixer.cpp:[m[K In constructor ‘[01m[KMixer::Mixer()[m[K’:
[1.639s] [01m[K/home/fyp/FYP/aerogripper_ws/src/aerogripper_control/src/mixer.cpp:5:1:[m[K [01;31m[Kerror: [m[K‘[01m[K [m[K’ was not declared in this scope
[1.639s]     5 | [01;31m[K [m[K   // 初始化参数为默认值
[1.639s]       | [01;31m[K^[m[K
[1.639s] [01m[K/home/fyp/FYP/aerogripper_ws/src/aerogripper_control/src/mixer.cpp:7:2:[m[K [01;31m[Kerror: [m[Kexpected ‘[01m[K;[m[K’ before ‘[01m[K [m[K’
[1.639s]     7 |  [01;31m[K [m[K[32m[K [m[K thrust_arm_length_ = 0.2;
[1.639s]       |  [01;31m[K^[m[K[32m[K~[m[K
[1.639s]       |  [32m[K;[m[K
[1.639s] [01m[K/home/fyp/FYP/aerogripper_ws/src/aerogripper_control/src/mixer.cpp:8:2:[m[K [01;31m[Kerror: [m[Kexpected ‘[01m[K;[m[K’ before ‘[01m[K [m[K’
[1.639s]     8 |  [01;31m[K [m[K[32m[K [m[K gravity_arm_length_ = 0.2;
[1.639s]       |  [01;31m[K^[m[K[32m[K~[m[K
[1.639s]       |  [32m[K;[m[K
[1.639s] [01m[K/home/fyp/FYP/aerogripper_ws/src/aerogripper_control/src/mixer.cpp:9:2:[m[K [01;31m[Kerror: [m[Kexpected ‘[01m[K;[m[K’ before ‘[01m[K [m[K’
[1.639s]     9 |  [01;31m[K [m[K[32m[K [m[K torque_coeff_ = 0.01;
[1.639s]       |  [01;31m[K^[m[K[32m[K~[m[K
[1.639s]       |  [32m[K;[m[K
[1.639s] [01m[K/home/fyp/FYP/aerogripper_ws/src/aerogripper_control/src/mixer.cpp:10:2:[m[K [01;31m[Kerror: [m[Kexpected ‘[01m[K;[m[K’ before ‘[01m[K [m[K’
[1.639s]    10 |  [01;31m[K [m[K[32m[K [m[K rpm_coeff_ = 0.01;
[1.639s]       |  [01;31m[K^[m[K[32m[K~[m[K
[1.639s]       |  [32m[K;[m[K
[1.639s] [01m[K/home/fyp/FYP/aerogripper_ws/src/aerogripper_control/src/mixer.cpp:11:2:[m[K [01;31m[Kerror: [m[Kexpected ‘[01m[K;[m[K’ before ‘[01m[K [m[K’
[1.639s]    11 |  [01;31m[K [m[K[32m[K [m[K thrust_coeff_ = 0.01;
[1.639s]       |  [01;31m[K^[m[K[32m[K~[m[K
[1.639s]       |  [32m[K;[m[K
[1.639s] [01m[K/home/fyp/FYP/aerogripper_ws/src/aerogripper_control/src/mixer.cpp:12:2:[m[K [01;31m[Kerror: [m[Kexpected ‘[01m[K;[m[K’ before ‘[01m[K [m[K’
[1.639s]    12 |  [01;31m[K [m[K[32m[K [m[K yaw_weight_ = 1.0; // 默认yaw权重为1.0
[1.639s]       |  [01;31m[K^[m[K[32m[K~[m[K
[1.639s]       |  [32m[K;[m[K
[1.639s] [01m[K/home/fyp/FYP/aerogripper_ws/src/aerogripper_control/src/mixer.cpp:13:2:[m[K [01;31m[Kerror: [m[Kexpected ‘[01m[K;[m[K’ before ‘[01m[K [m[K’
[1.639s]    13 |  [01;31m[K [m[K[32m[K [m[K attitude_weight_ = 1.0; // 默认姿态权重为1.0
[1.639s]       |  [01;31m[K^[m[K[32m[K~[m[K
[1.640s]       |  [32m[K;[m[K
[1.640s] [01m[K/home/fyp/FYP/aerogripper_ws/src/aerogripper_control/src/mixer.cpp:14:2:[m[K [01;31m[Kerror: [m[Kexpected ‘[01m[K;[m[K’ before ‘[01m[K [m[K’
[1.640s]    14 |  [01;31m[K [m[K[32m[K [m[K thrust_weight_ = 1.0; // 默认推力权重为1.0
[1.640s]       |  [01;31m[K^[m[K[32m[K~[m[K
[1.640s]       |  [32m[K;[m[K
[1.640s] [01m[K/home/fyp/FYP/aerogripper_ws/src/aerogripper_control/src/mixer.cpp:16:2:[m[K [01;31m[Kerror: [m[Kexpected ‘[01m[K;[m[K’ before ‘[01m[K [m[K’
[1.640s]    16 |  [01;31m[K [m[K[32m[K [m[K // 使用默认参数构控制矩阵
[1.640s]       |  [01;31m[K^[m[K[32m[K~[m[K
[1.640s]       |  [32m[K;[m[K
[1.640s] [01m[K/home/fyp/FYP/aerogripper_ws/src/aerogripper_control/src/mixer.cpp:18:2:[m[K [01;31m[Kerror: [m[Kexpected ‘[01m[K;[m[K’ before ‘[01m[K [m[K’
[1.640s]    18 |  [01;31m[K [m[K[32m[K [m[K double L_G = gravity_arm_length_;
[1.640s]       |  [01;31m[K^[m[K[32m[K~[m[K
[1.640s]       |  [32m[K;[m[K
[1.640s] [01m[K/home/fyp/FYP/aerogripper_ws/src/aerogripper_control/src/mixer.cpp:19:2:[m[K [01;31m[Kerror: [m[Kexpected ‘[01m[K;[m[K’ before ‘[01m[K [m[K’
[1.640s]    19 |  [01;31m[K [m[K[32m[K [m[K double kappa_t = torque_coeff_;
[1.640s]       |  [01;31m[K^[m[K[32m[K~[m[K
[1.640s]       |  [32m[K;[m[K
[1.640s] [01m[K/home/fyp/FYP/aerogripper_ws/src/aerogripper_control/src/mixer.cpp:20:2:[m[K [01;31m[Kerror: [m[Kexpected ‘[01m[K;[m[K’ before ‘[01m[K [m[K’
[1.640s]    20 |  [01;31m[K [m[K[32m[K [m[K double sqrt2_2 = std::sqrt(2.0) / 2.0;
[1.640s]       |  [01;31m[K^[m[K[32m[K~[m[K
[1.640s]       |  [32m[K;[m[K
[1.640s] [01m[K/home/fyp/FYP/aerogripper_ws/src/aerogripper_control/src/mixer.cpp:21:2:[m[K [01;31m[Kerror: [m[Kexpected ‘[01m[K;[m[K’ before ‘[01m[K [m[K’
[1.640s]    21 |  [01;31m[K [m[K[32m[K [m[K
[1.640s]       |  [01;31m[K^[m[K[32m[K~[m[K
[1.640s]       |  [32m[K;[m[K
[1.640s] [01m[K/home/fyp/FYP/aerogripper_ws/src/aerogripper_control/src/mixer.cpp:23:2:[m[K [01;31m[Kerror: [m[Kexpected ‘[01m[K;[m[K’ before ‘[01m[K [m[K’
[1.640s]    23 |  [01;31m[K [m[K[32m[K [m[K allocation_matrix_ <<
[1.640s]       |  [01;31m[K^[m[K[32m[K~[m[K
[1.640s]       |  [32m[K;[m[K
[1.640s] [01m[K/home/fyp/FYP/aerogripper_ws/src/aerogripper_control/src/mixer.cpp:31:2:[m[K [01;31m[Kerror: [m[Kexpected ‘[01m[K;[m[K’ before ‘[01m[K [m[K’
[1.640s]    31 |  [01;31m[K [m[K[32m[K [m[K // 初始化增强矩阵
[1.640s]       |  [01;31m[K^[m[K[32m[K~[m[K
[1.641s]       |  [32m[K;[m[K
[1.641s] [01m[K/home/fyp/FYP/aerogripper_ws/src/aerogripper_control/src/mixer.cpp:33:2:[m[K [01;31m[Kerror: [m[Kexpected ‘[01m[K;[m[K’ before ‘[01m[K [m[K’
[1.641s]    33 |  [01;31m[K [m[K[32m[K [m[K allocation_matrix_enhanced_.block<6, 4> (0, 0) = allocation_matrix_;
[1.641s]       |  [01;31m[K^[m[K[32m[K~[m[K
[1.641s]       |  [32m[K;[m[K
[1.641s] [01m[K/home/fyp/FYP/aerogripper_ws/src/aerogripper_control/src/mixer.cpp:34:2:[m[K [01;31m[Kerror: [m[Kexpected ‘[01m[K;[m[K’ before ‘[01m[K [m[K’
[1.641s]    34 |  [01;31m[K [m[K[32m[K [m[K allocation_matrix_enhanced_.block<6, 1> (0, 4) = allocation_matrix_w_;
[1.641s]       |  [01;31m[K^[m[K[32m[K~[m[K
[1.641s]       |  [32m[K;[m[K
[1.641s] [01m[K/home/fyp/FYP/aerogripper_ws/src/aerogripper_control/src/mixer.cpp:36:2:[m[K [01;31m[Kerror: [m[Kexpected ‘[01m[K;[m[K’ before ‘[01m[K [m[K’
[1.641s]    36 |  [01;31m[K [m[K[32m[K [m[K // // 使用加权伪逆，给yaw控制和姿态控制适当的权重
[1.641s]       |  [01;31m[K^[m[K[32m[K~[m[K
[1.641s]       |  [32m[K;[m[K
[1.641s] [01m[K/home/fyp/FYP/aerogripper_ws/src/aerogripper_control/src/mixer.cpp:52:2:[m[K [01;31m[Kerror: [m[Kexpected ‘[01m[K;[m[K’ before ‘[01m[K [m[K’
[1.641s]    52 |  [01;31m[K [m[K[32m[K [m[K mix_matrix_.col(3) *= attitude_weight_;
[1.641s]       |  [01;31m[K^[m[K[32m[K~[m[K
[1.641s]       |  [32m[K;[m[K
[1.641s] [01m[K/home/fyp/FYP/aerogripper_ws/src/aerogripper_control/src/mixer.cpp:53:2:[m[K [01;31m[Kerror: [m[Kexpected ‘[01m[K;[m[K’ before ‘[01m[K [m[K’
[1.641s]    53 |  [01;31m[K [m[K[32m[K [m[K mix_matrix_.col(4) *= attitude_weight_;
[1.641s]       |  [01;31m[K^[m[K[32m[K~[m[K
[1.641s]       |  [32m[K;[m[K
[1.641s] [01m[K/home/fyp/FYP/aerogripper_ws/src/aerogripper_control/src/mixer.cpp:54:2:[m[K [01;31m[Kerror: [m[Kexpected ‘[01m[K;[m[K’ before ‘[01m[K [m[K’
[1.641s]    54 |  [01;31m[K [m[K[32m[K [m[K mix_matrix_.col(5) *= attitude_weight_;
[1.641s]       |  [01;31m[K^[m[K[32m[K~[m[K
[1.641s]       |  [32m[K;[m[K
[1.641s] [01m[K/home/fyp/FYP/aerogripper_ws/src/aerogripper_control/src/mixer.cpp:55:2:[m[K [01;31m[Kerror: [m[Kexpected ‘[01m[K;[m[K’ before ‘[01m[K [m[K’
[1.641s]    55 |  [01;31m[K [m[K[32m[K [m[K mix_matrix_.col(5) *= yaw_weight_;
[1.641s]       |  [01;31m[K^[m[K[32m[K~[m[K
[1.641s]       |  [32m[K;[m[K
[1.642s] [01m[K/home/fyp/FYP/aerogripper_ws/src/aerogripper_control/src/mixer.cpp:[m[K At global scope:
[1.642s] [01m[K/home/fyp/FYP/aerogripper_ws/src/aerogripper_control/src/mixer.cpp:59:1:[m[K [01;31m[Kerror: [m[K‘[01m[K [m[K’ has not been declared
[1.642s]    59 | [01;31m[K [m[K                     double torque_coeff, double rpm_coeff, double thrust_coeff,
[1.642s]       | [01;31m[K^[m[K
[1.642s] [01m[K/home/fyp/FYP/aerogripper_ws/src/aerogripper_control/src/mixer.cpp:59:5:[m[K [01;31m[Kerror: [m[Kexpected ‘[01m[K,[m[K’ or ‘[01m[K...[m[K’ before ‘[01m[K [m[K’
[1.642s]    59 |     [01;31m[K [m[K                 double torque_coeff, double rpm_coeff, double thrust_coeff,
[1.642s]       |     [01;31m[K^[m[K
[1.642s] [01m[K/home/fyp/FYP/aerogripper_ws/src/aerogripper_control/src/mixer.cpp:58:6:[m[K [01;31m[Kerror: [m[Kno declaration matches ‘[01m[Kvoid Mixer::set_params(double, double, int)[m[K’
[1.642s]    58 | void [01;31m[KMixer[m[K::set_params(double thrust_arm_length, double gravity_arm_length,
[1.642s]       |      [01;31m[K^~~~~[m[K
[1.642s] In file included from [01m[K/home/fyp/FYP/aerogripper_ws/src/aerogripper_control/src/mixer.cpp:1[m[K:
[1.642s] [01m[K/home/fyp/FYP/aerogripper_ws/src/aerogripper_control/include/mixer.h:15:10:[m[K [01;36m[Knote: [m[Kcandidate is: ‘[01m[Kvoid Mixer::set_params(double, double, double, double, double, double, double, double)[m[K’
[1.642s]    15 |     void [01;36m[Kset_params[m[K(double thrust_arm_length, double gravity_arm_length,
[1.642s]       |          [01;36m[K^~~~~~~~~~[m[K
[1.642s] [01m[K/home/fyp/FYP/aerogripper_ws/src/aerogripper_control/include/mixer.h:9:7:[m[K [01;36m[Knote: [m[K‘[01m[Kclass Mixer[m[K’ defined here
[1.642s]     9 | class [01;36m[KMixer[m[K
[1.642s]       |       [01;36m[K^~~~~[m[K
[1.642s] [01m[K/home/fyp/FYP/aerogripper_ws/src/aerogripper_control/src/mixer.cpp:[m[K In member function ‘[01m[Kvoid Mixer::update_parameters(const Matrix3d&, const Vector3d&)[m[K’:
[1.642s] [01m[K/home/fyp/FYP/aerogripper_ws/src/aerogripper_control/src/mixer.cpp:125:1:[m[K [01;31m[Kerror: [m[K‘[01m[K [m[K’ was not declared in this scope
[1.642s]   125 | [01;31m[K [m[K   update_enhanced_matrix(R_bt);
[1.642s]       | [01;31m[K^[m[K
[1.642s] [01m[K/home/fyp/FYP/aerogripper_ws/src/aerogripper_control/src/mixer.cpp:126:2:[m[K [01;31m[Kerror: [m[Kexpected ‘[01m[K;[m[K’ before ‘[01m[K [m[K’
[1.642s]   126 |  [01;31m[K [m[K[32m[K [m[K update_ft_bodyframe(ft_bodyframe);
[1.642s]       |  [01;31m[K^[m[K[32m[K~[m[K
[1.642s]       |  [32m[K;[m[K
[1.645s] [01m[K/home/fyp/FYP/aerogripper_ws/src/aerogripper_control/src/mixer.cpp:[m[K In member function ‘[01m[Kvoid Mixer::update_enhanced_matrix(const Matrix3d&)[m[K’:
[1.645s] [01m[K/home/fyp/FYP/aerogripper_ws/src/aerogripper_control/src/mixer.cpp:132:1:[m[K [01;31m[Kerror: [m[K‘[01m[K [m[K’ was not declared in this scope
[1.645s]   132 | [01;31m[K [m[K   R_bt_ = R_bt;
[1.645s]       | [01;31m[K^[m[K
[1.645s] [01m[K/home/fyp/FYP/aerogripper_ws/src/aerogripper_control/src/mixer.cpp:134:2:[m[K [01;31m[Kerror: [m[Kexpected ‘[01m[K;[m[K’ before ‘[01m[K [m[K’
[1.645s]   134 |  [01;31m[K [m[K[32m[K [m[K // 计算 R_bt * z
[1.645s]       |  [01;31m[K^[m[K[32m[K~[m[K
[1.645s]       |  [32m[K;[m[K
[1.645s] [01m[K/home/fyp/FYP/aerogripper_ws/src/aerogripper_control/src/mixer.cpp:136:2:[m[K [01;31m[Kerror: [m[Kexpected ‘[01m[K;[m[K’ before ‘[01m[K [m[K’
[1.645s]   136 |  [01;31m[K [m[K[32m[K [m[K Eigen::Vector3d Rbt_z = R_bt * z_axis;
[1.645s]       |  [01;31m[K^[m[K[32m[K~[m[K
[1.645s]       |  [32m[K;[m[K
[1.645s] [01m[K/home/fyp/FYP/aerogripper_ws/src/aerogripper_control/src/mixer.cpp:138:2:[m[K [01;31m[Kerror: [m[Kexpected ‘[01m[K;[m[K’ before ‘[01m[K [m[K’
[1.645s]   138 |  [01;31m[K [m[K[32m[K [m[K // 计算 -l_G x (R_bt * z)
[1.645s]       |  [01;31m[K^[m[K[32m[K~[m[K
[1.645s]       |  [32m[K;[m[K
[1.645s] [01m[K/home/fyp/FYP/aerogripper_ws/src/aerogripper_control/src/mixer.cpp:141:2:[m[K [01;31m[Kerror: [m[Kexpected ‘[01m[K;[m[K’ before ‘[01m[K [m[K’
[1.645s]   141 |  [01;31m[K [m[K[32m[K [m[K // 构造 allocation_matrix_w_
[1.645s]       |  [01;31m[K^[m[K[32m[K~[m[K
[1.645s]       |  [32m[K;[m[K
[1.645s] [01m[K/home/fyp/FYP/aerogripper_ws/src/aerogripper_control/src/mixer.cpp:143:2:[m[K [01;31m[Kerror: [m[Kexpected ‘[01m[K;[m[K’ before ‘[01m[K [m[K’
[1.645s]   143 |  [01;31m[K [m[K[32m[K [m[K allocation_matrix_w_.block<3, 1> (3, 0) = L_G_vec.cross(Rbt_z);
[1.645s]       |  [01;31m[K^[m[K[32m[K~[m[K
[1.645s]       |  [32m[K;[m[K
[1.645s] [01m[K/home/fyp/FYP/aerogripper_ws/src/aerogripper_control/src/mixer.cpp:145:2:[m[K [01;31m[Kerror: [m[Kexpected ‘[01m[K;[m[K’ before ‘[01m[K [m[K’
[1.645s]   145 |  [01;31m[K [m[K[32m[K [m[K allocation_matrix_enhanced_.block<6, 4> (0, 0) = allocation_matrix_;
[1.645s]       |  [01;31m[K^[m[K[32m[K~[m[K
[1.645s]       |  [32m[K;[m[K
[1.645s] [01m[K/home/fyp/FYP/aerogripper_ws/src/aerogripper_control/src/mixer.cpp:146:2:[m[K [01;31m[Kerror: [m[Kexpected ‘[01m[K;[m[K’ before ‘[01m[K [m[K’
[1.645s]   146 |  [01;31m[K [m[K[32m[K [m[K allocation_matrix_enhanced_.block<6, 1> (0, 4) = allocation_matrix_w_;
[1.645s]       |  [01;31m[K^[m[K[32m[K~[m[K
[1.645s]       |  [32m[K;[m[K
[1.646s] [01m[K/home/fyp/FYP/aerogripper_ws/src/aerogripper_control/src/mixer.cpp:148:2:[m[K [01;31m[Kerror: [m[Kexpected ‘[01m[K;[m[K’ before ‘[01m[K [m[K’
[1.646s]   148 |  [01;31m[K [m[K[32m[K [m[K mix_matrix_enhanced_ = allocation_matrix_enhanced_.completeOrthogonalDecomposition().pseudoInverse();
[1.646s]       |  [01;31m[K^[m[K[32m[K~[m[K
[1.646s]       |  [32m[K;[m[K
[1.646s] [01m[K/home/fyp/FYP/aerogripper_ws/src/aerogripper_control/src/mixer.cpp:150:2:[m[K [01;31m[Kerror: [m[Kexpected ‘[01m[K;[m[K’ before ‘[01m[K [m[K’
[1.646s]   150 |  [01;31m[K [m[K[32m[K [m[K // cout<<"allocation_matrix_enhanced_"<<endl<<allocation_matrix_enhanced_<<endl;
[1.646s]       |  [01;31m[K^[m[K[32m[K~[m[K
[1.646s]       |  [32m[K;[m[K
[1.647s] [01m[K/home/fyp/FYP/aerogripper_ws/src/aerogripper_control/src/mixer.cpp:[m[K In member function ‘[01m[Kvoid Mixer::update_ft_bodyframe(const Vector3d&)[m[K’:
[1.647s] [01m[K/home/fyp/FYP/aerogripper_ws/src/aerogripper_control/src/mixer.cpp:156:1:[m[K [01;31m[Kerror: [m[K‘[01m[K [m[K’ was not declared in this scope
[1.647s]   156 | [01;31m[K [m[K   ft_bodyframe_ = ft_bodyframe;
[1.647s]       | [01;31m[K^[m[K
[1.650s] [01m[K/home/fyp/FYP/aerogripper_ws/src/aerogripper_control/src/mixer.cpp:[m[K In member function ‘[01m[KEigen::Matrix<double, 4, 1> Mixer::mix(const Eigen::Matrix<double, 6, 1>&) const[m[K’:
[1.650s] [01m[K/home/fyp/FYP/aerogripper_ws/src/aerogripper_control/src/mixer.cpp:161:1:[m[K [01;31m[Kerror: [m[K‘[01m[K [m[K’ was not declared in this scope
[1.650s]   161 | [01;31m[K [m[K   return mix_matrix_ * u;
[1.650s]       | [01;31m[K^[m[K
[1.650s] [01m[K/home/fyp/FYP/aerogripper_ws/src/aerogripper_control/src/mixer.cpp:162:1:[m[K [01;35m[Kwarning: [m[Kno return statement in function returning non-void [[01;35m[K]8;;https://gcc.gnu.org/onlinedocs/gcc/Warning-Options.html#index-Wreturn-type-Wreturn-type]8;;[m[K]
[1.650s]   162 | [01;35m[K}[m[K
[1.650s]       | [01;35m[K^[m[K
[1.664s] [01m[K/home/fyp/FYP/aerogripper_ws/src/aerogripper_control/src/mixer.cpp:[m[K In member function ‘[01m[KEigen::Matrix<double, 5, 1> Mixer::mix_enhanced(const Eigen::Matrix<double, 6, 1>&) const[m[K’:
[1.664s] [01m[K/home/fyp/FYP/aerogripper_ws/src/aerogripper_control/src/mixer.cpp:166:1:[m[K [01;31m[Kerror: [m[K‘[01m[K [m[K’ was not declared in this scope
[1.664s]   166 | [01;31m[K [m[K   cout<<"mix_matrix_enhanced_:"<<endl<<mix_matrix_enhanced_<<endl;
[1.664s]       | [01;31m[K^[m[K
[1.664s] [01m[K/home/fyp/FYP/aerogripper_ws/src/aerogripper_control/src/mixer.cpp:167:2:[m[K [01;31m[Kerror: [m[Kexpected ‘[01m[K;[m[K’ before ‘[01m[K [m[K’
[1.664s]   167 |  [01;31m[K [m[K[32m[K [m[K cout<<"allocation_matrix_w_:"<<endl<<allocation_matrix_w_.transpose()<<endl;    
[1.664s]       |  [01;31m[K^[m[K[32m[K~[m[K
[1.664s]       |  [32m[K;[m[K
[1.664s] [01m[K/home/fyp/FYP/aerogripper_ws/src/aerogripper_control/src/mixer.cpp:167:83:[m[K [01;31m[Kerror: [m[Kexpected ‘[01m[K;[m[K’ before ‘[01m[K [m[K’
[1.664s]   167 | llocation_matrix_w_:"<<endl<<allocation_matrix_w_.transpose()<<endl;  [01;31m[K [m[K[32m[K [m[K
[1.664s]       |                                                                       [01;31m[K^[m[K[32m[K~[m[K
[1.664s]       |                                                                       [32m[K;[m[K
[1.664s] [01m[K/home/fyp/FYP/aerogripper_ws/src/aerogripper_control/src/mixer.cpp:169:1:[m[K [01;35m[Kwarning: [m[Kno return statement in function returning non-void [[01;35m[K]8;;https://gcc.gnu.org/onlinedocs/gcc/Warning-Options.html#index-Wreturn-type-Wreturn-type]8;;[m[K]
[1.664s]   169 | [01;35m[K}[m[K
[1.664s]       | [01;35m[K^[m[K
[1.667s] [01m[K/home/fyp/FYP/aerogripper_ws/src/aerogripper_control/src/mixer.cpp:[m[K In member function ‘[01m[KEigen::Matrix<double, 6, 1> Mixer::control_allocation(const Eigen::Matrix<double, 4, 1>&) const[m[K’:
[1.667s] [01m[K/home/fyp/FYP/aerogripper_ws/src/aerogripper_control/src/mixer.cpp:173:1:[m[K [01;31m[Kerror: [m[K‘[01m[K [m[K’ was not declared in this scope
[1.667s]   173 | [01;31m[K [m[K   return allocation_matrix_ * motors_thrust;
[1.667s]       | [01;31m[K^[m[K
[1.667s] [01m[K/home/fyp/FYP/aerogripper_ws/src/aerogripper_control/src/mixer.cpp:174:1:[m[K [01;35m[Kwarning: [m[Kno return statement in function returning non-void [[01;35m[K]8;;https://gcc.gnu.org/onlinedocs/gcc/Warning-Options.html#index-Wreturn-type-Wreturn-type]8;;[m[K]
[1.667s]   174 | [01;35m[K}[m[K
[1.667s]       | [01;35m[K^[m[K
[1.669s] [01m[K/home/fyp/FYP/aerogripper_ws/src/aerogripper_control/src/mixer.cpp:[m[K In member function ‘[01m[KEigen::Matrix<double, 6, 1> Mixer::control_allocation_enhanced(const Eigen::Matrix<double, 4, 1>&, double) const[m[K’:
[1.669s] [01m[K/home/fyp/FYP/aerogripper_ws/src/aerogripper_control/src/mixer.cpp:178:1:[m[K [01;31m[Kerror: [m[K‘[01m[K [m[K’ was not declared in this scope
[1.669s]   178 | [01;31m[K [m[K   Eigen::Matrix<double,5,1> extended_input;
[1.670s]       | [01;31m[K^[m[K
[1.670s] [01m[K/home/fyp/FYP/aerogripper_ws/src/aerogripper_control/src/mixer.cpp:179:2:[m[K [01;31m[Kerror: [m[Kexpected ‘[01m[K;[m[K’ before ‘[01m[K [m[K’
[1.670s]   179 |  [01;31m[K [m[K[32m[K [m[K extended_input << motors_thrust, w;
[1.670s]       |  [01;31m[K^[m[K[32m[K~[m[K
[1.670s]       |  [32m[K;[m[K
[1.670s] [01m[K/home/fyp/FYP/aerogripper_ws/src/aerogripper_control/src/mixer.cpp:180:2:[m[K [01;31m[Kerror: [m[Kexpected ‘[01m[K;[m[K’ before ‘[01m[K [m[K’
[1.670s]   180 |  [01;31m[K [m[K[32m[K [m[K return allocation_matrix_enhanced_ * extended_input;
[1.670s]       |  [01;31m[K^[m[K[32m[K~[m[K
[1.670s]       |  [32m[K;[m[K
[1.670s] [01m[K/home/fyp/FYP/aerogripper_ws/src/aerogripper_control/src/mixer.cpp:181:1:[m[K [01;35m[Kwarning: [m[Kno return statement in function returning non-void [[01;35m[K]8;;https://gcc.gnu.org/onlinedocs/gcc/Warning-Options.html#index-Wreturn-type-Wreturn-type]8;;[m[K]
[1.670s]   181 | [01;35m[K}[m[K
[1.670s]       | [01;35m[K^[m[K
[1.672s] [01m[K/home/fyp/FYP/aerogripper_ws/src/aerogripper_control/src/mixer.cpp:[m[K In member function ‘[01m[KEigen::Matrix<double, 4, 1> Mixer::throttle2thrust(const Eigen::Matrix<double, 4, 1>&) const[m[K’:
[1.672s] [01m[K/home/fyp/FYP/aerogripper_ws/src/aerogripper_control/src/mixer.cpp:185:1:[m[K [01;31m[Kerror: [m[K‘[01m[K [m[K’ was not declared in this scope
[1.672s]   185 | [01;31m[K [m[K   Eigen::Matrix<double,4,1> thrust;
[1.672s]       | [01;31m[K^[m[K
[1.672s] [01m[K/home/fyp/FYP/aerogripper_ws/src/aerogripper_control/src/mixer.cpp:186:2:[m[K [01;31m[Kerror: [m[Kexpected ‘[01m[K;[m[K’ before ‘[01m[K [m[K’
[1.672s]   186 |  [01;31m[K [m[K[32m[K [m[K for (int i = 0; i < 4; ++i) {
[1.672s]       |  [01;31m[K^[m[K[32m[K~[m[K
[1.672s]       |  [32m[K;[m[K
[1.675s] [01m[K/home/fyp/FYP/aerogripper_ws/src/aerogripper_control/src/mixer.cpp:186:21:[m[K [01;31m[Kerror: [m[K‘[01m[Ki[m[K’ was not declared in this scope
[1.675s]   186 |     for (int i = 0; [01;31m[Ki[m[K < 4; ++i) {
[1.675s]       |                     [01;31m[K^[m[K
[1.675s] [01m[K/home/fyp/FYP/aerogripper_ws/src/aerogripper_control/src/mixer.cpp:189:2:[m[K [01;31m[Kerror: [m[Kexpected ‘[01m[K;[m[K’ before ‘[01m[K [m[K’
[1.675s]   189 |  [01;31m[K [m[K[32m[K [m[K return thrust;
[1.675s]       |  [01;31m[K^[m[K[32m[K~[m[K
[1.675s]       |  [32m[K;[m[K
[1.675s] [01m[K/home/fyp/FYP/aerogripper_ws/src/aerogripper_control/src/mixer.cpp:190:1:[m[K [01;35m[Kwarning: [m[Kno return statement in function returning non-void [[01;35m[K]8;;https://gcc.gnu.org/onlinedocs/gcc/Warning-Options.html#index-Wreturn-type-Wreturn-type]8;;[m[K]
[1.675s]   190 | [01;35m[K}[m[K
[1.675s]       | [01;35m[K^[m[K
[1.678s] [01m[K/home/fyp/FYP/aerogripper_ws/src/aerogripper_control/src/mixer.cpp:[m[K In member function ‘[01m[KEigen::Matrix<double, 4, 1> Mixer::thrust2throttle(const Eigen::Matrix<double, 4, 1>&) const[m[K’:
[1.678s] [01m[K/home/fyp/FYP/aerogripper_ws/src/aerogripper_control/src/mixer.cpp:194:1:[m[K [01;31m[Kerror: [m[K‘[01m[K [m[K’ was not declared in this scope
[1.678s]   194 | [01;31m[K [m[K   Eigen::Matrix<double,4,1> throttle;
[1.678s]       | [01;31m[K^[m[K
[1.678s] [01m[K/home/fyp/FYP/aerogripper_ws/src/aerogripper_control/src/mixer.cpp:195:2:[m[K [01;31m[Kerror: [m[Kexpected ‘[01m[K;[m[K’ before ‘[01m[K [m[K’
[1.678s]   195 |  [01;31m[K [m[K[32m[K [m[K double threshold = 0.3;
[1.678s]       |  [01;31m[K^[m[K[32m[K~[m[K
[1.678s]       |  [32m[K;[m[K
[1.678s] [01m[K/home/fyp/FYP/aerogripper_ws/src/aerogripper_control/src/mixer.cpp:196:2:[m[K [01;31m[Kerror: [m[Kexpected ‘[01m[K;[m[K’ before ‘[01m[K [m[K’
[1.678s]   196 |  [01;31m[K [m[K[32m[K [m[K for (int i = 0; i < 4; ++i) {
[1.678s]       |  [01;31m[K^[m[K[32m[K~[m[K
[1.678s]       |  [32m[K;[m[K
[1.680s] [01m[K/home/fyp/FYP/aerogripper_ws/src/aerogripper_control/src/mixer.cpp:196:21:[m[K [01;31m[Kerror: [m[K‘[01m[Ki[m[K’ was not declared in this scope
[1.680s]   196 |     for (int i = 0; [01;31m[Ki[m[K < 4; ++i) {
[1.680s]       |                     [01;31m[K^[m[K
[1.680s] [01m[K/home/fyp/FYP/aerogripper_ws/src/aerogripper_control/src/mixer.cpp:210:2:[m[K [01;31m[Kerror: [m[Kexpected ‘[01m[K;[m[K’ before ‘[01m[K [m[K’
[1.680s]   210 |  [01;31m[K [m[K[32m[K [m[K return throttle;
[1.680s]       |  [01;31m[K^[m[K[32m[K~[m[K
[1.680s]       |  [32m[K;[m[K
[1.681s] [01m[K/home/fyp/FYP/aerogripper_ws/src/aerogripper_control/src/mixer.cpp:211:1:[m[K [01;35m[Kwarning: [m[Kno return statement in function returning non-void [[01;35m[K]8;;https://gcc.gnu.org/onlinedocs/gcc/Warning-Options.html#index-Wreturn-type-Wreturn-type]8;;[m[K]
[1.681s]   211 | [01;35m[K}[m[K
[1.681s]       | [01;35m[K^[m[K
[1.771s] gmake[2]: *** [CMakeFiles/aerogripper_control_lib.dir/build.make:76: CMakeFiles/aerogripper_control_lib.dir/src/mixer.cpp.o] Error 1
[1.772s] gmake[1]: *** [CMakeFiles/Makefile2:143: CMakeFiles/aerogripper_control_lib.dir/all] Error 2
[1.772s] gmake: *** [Makefile:146: all] Error 2
[1.774s] Invoked command in '/home/fyp/FYP/aerogripper_ws/build/aerogripper_control' returned '2': CMAKE_PREFIX_PATH=/home/fyp/FYP/aerogripper_ws/install/aerogripper_msgs:/home/fyp/FYP/aerogripper_ws/install/aerogripper_simulator:/home/fyp/FYP/aerogripper_ws/install/aerogripper_control:/home/fyp/FYP/px4_ws/install/px4_ros_com:/home/fyp/FYP/px4_ws/install/px4_msgs:/opt/ros/humble /usr/bin/cmake --build /home/fyp/FYP/aerogripper_ws/build/aerogripper_control -- -j32 -l32
